site,url,family,classification,status,indexable_on_page,word_count,template_ratio,unique_sentence_ratio,nearest_similarity,nearest_url,doorway_risk,duplicate_risk,thin_risk,internal_links_in,internal_links_out,title,h1,canonical,gsc_clicks_28d,gsc_impressions_28d,gsc_ctr_28d,gsc_position_28d,gsc_index_status,protected
ozdemir,https://ankaraozdemirnakliyat.com/,home,KEEP,200,true,1641,0.0000,1.0000,0.0000,,false,false,false,365,48,Ankara Nakliyat ve Nakliyeci: Sigortalı & Asansörlü Taşıma,Ankara Evden Eve Nakliyat ve Asansörlü Nakliyeci Hizmetleri Ankara Evden Eve Nakliyat Sigortalı & Asansörlü Taşıma,https://ankaraozdemirnakliyat.com,UNKNOWN,UNKNOWN,UNKNOWN,UNKNOWN,UNKNOWN,false
ozdemir,https://ankaraozdemirnakliyat.com/hakkimizda,static_hakkimizda,IMPROVE,200,true,134,0.0000,1.0000,0.0000,,false,false,true,365,47,Hakkımızda | Ankara Özdemir Nakliyat,Ankara Özdemir Nakliyat,https://ankaraozdemirnakliyat.com/hakkimizda,UNKNOWN,UNKNOWN,UNKNOWN,UNKNOWN,UNKNOWN,false
ozdemir,https://ankaraozdemirnakliyat.com/iletisim,static_iletisim,IMPROVE,200,true,141,0.0000,1.0000,0.0000,,false,false,true,365,47,İletişim - Profesyonel Nakliye Teklifi Alın | Ankara Özdemir Nakliyat,İletişim .,https://ankaraozdemirnakliyat.com/iletisim,UNKNOWN,UNKNOWN,UNKNOWN,UNKNOWN,UNKNOWN,false
ozdemir,https://ankaraozdemirnakliyat.com/galeri,static_galeri,IMPROVE,200,true,228,0.0000,1.0000,0.0000,,false,false,false,365,47,Galeri - Nakliyat Fotoğrafları ve Videoları | Ankara Özdemir Nakliyat,Nakliyat . Galerisi,https://ankaraozdemirnakliyat.com/galeri,UNKNOWN,UNKNOWN,UNKNOWN,UNKNOWN,UNKNOWN,false
ozdemir,https://ankaraozdemirnakliyat.com/sss,static_sss,IMPROVE,200,true,225,0.0000,1.0000,0.0000,,false,false,false,365,47,Sıkça Sorulan Sorular | Ankara Özdemir Nakliyat,Sıkça Sorulan Sorular,https://ankaraozdemirnakliyat.com/sss,UNKNOWN,UNKNOWN,UNKNOWN,UNKNOWN,UNKNOWN,false
ozdemir,https://ankaraozdemirnakliyat.com/hizmetler,static_hizmetler,KEEP,200,true,929,0.0000,1.0000,0.0000,,false,false,false,365,47,Hizmetlerimiz - Ankara Evden Eve Nakliyat | Ankara Özdemir Nakliyat,Nakliyat . Hizmetlerimiz,https://ankaraozdemirnakliyat.com/hizmetler,UNKNOWN,UNKNOWN,UNKNOWN,UNKNOWN,UNKNOWN,false
ozdemir,https://ankaraozdemirnakliyat.com/evden-eve-nakliyat,static_evden-eve-nakliyat,KEEP,200,true,1448,0.0000,1.0000,0.0000,,false,false,false,365,47,Ankara Evden Eve Nakliyat & Nakliye: %20 İndirimli Sabit Fiyat,Ankara . Evden Eve . Nakliyat & Nakliye,https://ankaraozdemirnakliyat.com/evden-eve-nakliyat,UNKNOWN,UNKNOWN,UNKNOWN,UNKNOWN,UNKNOWN,false
ozdemir,https://ankaraozdemirnakliyat.com/blog,static_blog,KEEP,200,true,2465,0.0000,1.0000,0.0000,,false,false,false,365,347,Blog - Nakliyat Rehberi ve Taşınma İpuçları | Ankara Özdemir Nakliyat,Nakliyat . Blogu.,https://ankaraozdemirnakliyat.com/blog,UNKNOWN,UNKNOWN,UNKNOWN,UNKNOWN,UNKNOWN,false
ozdemir,https://ankaraozdemirnakliyat.com/makaleler,static_makaleler,KEEP,200,true,1672,0.0000,1.0000,0.0000,,false,false,false,365,347,Nakliyat Rehberi ve Bölgesel Hizmetler | Ankara Özdemir Nakliyat,Nakliyat . Makaleleri.,https://ankaraozdemirnakliyat.com/makaleler,UNKNOWN,UNKNOWN,UNKNOWN,UNKNOWN,UNKNOWN,false
ozdemir,https://ankaraozdemirnakliyat.com/gizlilik-politikasi,static_gizlilik-politikasi,IMPROVE,200,true,414,0.0000,1.0000,0.0000,,false,false,false,365,48,Gizlilik Politikası | Ankara Özdemir Nakliyat,Gizlilik Politikası,https://ankaraozdemirnakliyat.com/gizlilik-politikasi,UNKNOWN,UNKNOWN,UNKNOWN,UNKNOWN,UNKNOWN,false
ozdemir,https://ankaraozdemirnakliyat.com/kullanim-sartlari,static_kullanim-sartlari,KEEP,200,true,469,0.0000,1.0000,0.0000,,false,false,false,365,48,Kullanım Şartları | Ankara Özdemir Nakliyat,Kullanım Şartları,https://ankaraozdemirnakliyat.com/kullanim-sartlari,UNKNOWN,UNKNOWN,UNKNOWN,UNKNOWN,UNKNOWN,false
ozdemir,https://ankaraozdemirnakliyat.com/kvkk,static_kvkk,KEEP,200,true,586,0.0000,1.0000,0.0000,,false,false,false,365,48,KVKK Aydınlatma Metni | Ankara Özdemir Nakliyat,KVKK Aydınlatma Metni,https://ankaraozdemirnakliyat.com/kvkk,UNKNOWN,UNKNOWN,UNKNOWN,UNKNOWN,UNKNOWN,false
ozdemir,https://ankaraozdemirnakliyat.com/islemler,static_islemler,IMPROVE,200,true,216,0.0000,1.0000,0.0000,,false,false,true,365,65,Nakliyat Hizmet Bölgeleri | Ankara ve 81 İl Taşımacılık Ağı | Ankara Özdemir Nakliyat,Hizmet . Bölgelerimiz,https://ankaraozdemirnakliyat.com/islemler,UNKNOWN,UNKNOWN,UNKNOWN,UNKNOWN,UNKNOWN,false
ozdemir,https://ankaraozdemirnakliyat.com/site-haritasi,static_site-haritasi,IMPROVE,200,true,75,0.0000,1.0000,0.0000,,false,false,true,365,48,Site Haritası | Ankara Özdemir Nakliyat,Site Haritası,https://ankaraozdemirnakliyat.com/site-haritasi,UNKNOWN,UNKNOWN,UNKNOWN,UNKNOWN,UNKNOWN,false
ozdemir,https://ankaraozdemirnakliyat.com/hizmetler/sehir-ici-nakliyat,service_page,IMPROVE,200,true,396,0.2880,0.7120,0.1765,https://ankaraozdemirnakliyat.com/hizmetler/sehirler-arasi-nakliyat,false,false,false,365,47,Ankara Şehir İçi Nakliyat: Aynı Gün Sigortalı Taşıma | Ankara Özdemir Nakliyat,Ankara Şehir İçi Nakliyat,https://ankaraozdemirnakliyat.com/hizmetler/sehir-ici-nakliyat,UNKNOWN,UNKNOWN,UNKNOWN,UNKNOWN,UNKNOWN,false
ozdemir,https://ankaraozdemirnakliyat.com/hizmetler/sehirler-arasi-nakliyat,service_page,IMPROVE,200,true,360,0.3234,0.6766,0.1700,https://ankaraozdemirnakliyat.com/hizmetler/parca-esya-tasima,false,false,false,365,47,Ankara Şehirler Arası Nakliyat: 81 İle Sigortalı Taşıma | Ankara Özdemir Nakliyat,Şehirler Arası Nakliyat,https://ankaraozdemirnakliyat.com/hizmetler/sehirler-arasi-nakliyat,UNKNOWN,UNKNOWN,UNKNOWN,UNKNOWN,UNKNOWN,false
ozdemir,https://ankaraozdemirnakliyat.com/hizmetler/ofis-tasima,service_page,IMPROVE,200,true,416,0.2755,0.7245,0.1576,https://ankaraozdemirnakliyat.com/hizmetler/parca-esya-tasima,false,false,false,365,47,Ankara Ofis Taşıma: Kurumsal & Sigortalı Nakliyat | Ankara Özdemir Nakliyat,Ankara Ofis & Büro Taşıma,https://ankaraozdemirnakliyat.com/hizmetler/ofis-tasima,UNKNOWN,UNKNOWN,UNKNOWN,UNKNOWN,UNKNOWN,false
ozdemir,https://ankaraozdemirnakliyat.com/hizmetler/parca-esya-tasima,service_page,IMPROVE,200,true,391,0.3017,0.6983,0.1555,https://ankaraozdemirnakliyat.com/hizmetler/asansorlu-tasima,false,false,false,365,47,Ankara Parça Eşya Taşıma: Küçük Nakliye & Kamyonet Servisi | Ankara Özdemir Nakliyat,Ankara Parça Eşya & Küçük Nakliye,https://ankaraozdemirnakliyat.com/hizmetler/parca-esya-tasima,UNKNOWN,UNKNOWN,UNKNOWN,UNKNOWN,UNKNOWN,false
ozdemir,https://ankaraozdemirnakliyat.com/hizmetler/asansorlu-tasima,service_page,IMPROVE,200,true,414,0.2769,0.7231,0.0042,https://ankaraozdemirnakliyat.com/hizmetler/paketleme,false,false,false,365,47,Ankara Asansörlü Nakliyat: 25. Kata Kadar Hızlı Taşıma | Ankara Özdemir Nakliyat,Ankara Asansörlü Nakliyat,https://ankaraozdemirnakliyat.com/hizmetler/asansorlu-tasima,UNKNOWN,UNKNOWN,UNKNOWN,UNKNOWN,UNKNOWN,false
ozdemir,https://ankaraozdemirnakliyat.com/hizmetler/paketleme,service_page,IMPROVE,200,true,154,0.0550,0.9450,0.0078,https://ankaraozdemirnakliyat.com/hizmetler/nakliyat-sigortasi,false,false,true,365,47,Profesyonel Paketleme Hizmeti Ankara - Güvenli Ambalaj | Ankara Özdemir Nakliyat,Profesyonel Paketleme,https://ankaraozdemirnakliyat.com/hizmetler/paketleme,UNKNOWN,UNKNOWN,UNKNOWN,UNKNOWN,UNKNOWN,false
ozdemir,https://ankaraozdemirnakliyat.com/hizmetler/nakliyat-sigortasi,service_page,IMPROVE,200,true,161,0.0432,0.9568,0.0000,,false,false,true,365,47,Nakliyat Sigortası Ankara - Tam Kapsamlı Güvence | Ankara Özdemir Nakliyat,Nakliyat Sigortası,https://ankaraozdemirnakliyat.com/hizmetler/nakliyat-sigortasi,UNKNOWN,UNKNOWN,UNKNOWN,UNKNOWN,UNKNOWN,false
ozdemir,https://ankaraozdemirnakliyat.com/islemler/ankara/altindag,ankara_district,KEEP,200,true,1476,0.6612,0.3388,0.6834,https://ankaraozdemirnakliyat.com/islemler/ankara/kalecik,false,false,false,365,59,Altındağ Evden Eve Nakliyat - Asansörlü & Sigortalı | Ankara Özdemir Nakliyat,Altındağ . NAKLİYAT,https://ankaraozdemirnakliyat.com/islemler/ankara/altindag,UNKNOWN,UNKNOWN,UNKNOWN,UNKNOWN,UNKNOWN,false
ozdemir,https://ankaraozdemirnakliyat.com/islemler/ankara/altindag/evden-eve-nakliyat,ankara_district_service,KEEP,200,true,1016,0.5630,0.2216,0.7949,https://ankaraozdemirnakliyat.com/islemler/ankara/altindag/ofis-tasima,false,false,false,27,61,Altındağ Evden Eve Nakliyat | Garantili Hizmet | Ankara Özdemir Nakliyat,Altındağ Evden Eve Nakliyat,https://ankaraozdemirnakliyat.com/islemler/ankara/altindag/evden-eve-nakliyat,UNKNOWN,UNKNOWN,UNKNOWN,UNKNOWN,UNKNOWN,false
ozdemir,https://ankaraozdemirnakliyat.com/islemler/ankara/altindag/ofis-tasima,ankara_district_service,KEEP,200,true,995,0.5861,0.1885,0.7620,https://ankaraozdemirnakliyat.com/islemler/ankara/akyurt/ofis-tasima,false,false,false,27,61,Altındağ Ofis Taşıma | Garantili Hizmet | Ankara Özdemir Nakliyat,Altındağ Ofis Taşıma,https://ankaraozdemirnakliyat.com/islemler/ankara/altindag/ofis-tasima,UNKNOWN,UNKNOWN,UNKNOWN,UNKNOWN,UNKNOWN,false
ozdemir,https://ankaraozdemirnakliyat.com/islemler/ankara/altindag/nakliyat-fiyatlari,ankara_district_service,KEEP,200,true,1015,0.5737,0.2004,0.7532,https://ankaraozdemirnakliyat.com/islemler/ankara/akyurt/nakliyat-fiyatlari,false,false,false,26,61,Altındağ Nakliyat Fiyatları | Garantili Hizmet | Ankara Özdemir Nakliyat,Altındağ Nakliyat Fiyatları,https://ankaraozdemirnakliyat.com/islemler/ankara/altindag/nakliyat-fiyatlari,UNKNOWN,UNKNOWN,UNKNOWN,UNKNOWN,UNKNOWN,false
ozdemir,https://ankaraozdemirnakliyat.com/islemler/ankara/altindag/aydinlikevler,ankara_district_service,MANUAL_REVIEW,200,true,835,0.7245,0.1576,0.8018,https://ankaraozdemirnakliyat.com/islemler/ankara/altindag/hacettepe,true,false,false,10,56,Ankara Altındağ Aydınlıkevler Evden Eve Nakliyat | Ankara Özdemir Nakliyat,Altındağ Aydınlıkevler . EVDEN EVE,https://ankaraozdemirnakliyat.com/islemler/ankara/altindag/aydinlikevler,UNKNOWN,UNKNOWN,UNKNOWN,UNKNOWN,UNKNOWN,false
ozdemir,https://ankaraozdemirnakliyat.com/islemler/ankara/altindag/karapurcek,ankara_district_service,MANUAL_REVIEW,200,true,834,0.7245,0.1576,0.7992,https://ankaraozdemirnakliyat.com/islemler/ankara/altindag/hacettepe,true,false,false,10,56,Ankara Altındağ Karapürçek Evden Eve Nakliyat | Ankara Özdemir Nakliyat,Altındağ Karapürçek . NAKLİYAT,https://ankaraozdemirnakliyat.com/islemler/ankara/altindag/karapurcek,UNKNOWN,UNKNOWN,UNKNOWN,UNKNOWN,UNKNOWN,false
ozdemir,https://ankaraozdemirnakliyat.com/islemler/ankara/altindag/onder,ankara_district_service,MANUAL_REVIEW,200,true,835,0.7245,0.1576,0.8018,https://ankaraozdemirnakliyat.com/islemler/ankara/altindag/hacettepe,true,false,false,10,56,Ankara Altındağ Önder Evden Eve Nakliyat | Ankara Özdemir Nakliyat,Altındağ Önder . EVDEN EVE,https://ankaraozdemirnakliyat.com/islemler/ankara/altindag/onder,UNKNOWN,UNKNOWN,UNKNOWN,UNKNOWN,UNKNOWN,false
ozdemir,https://ankaraozdemirnakliyat.com/islemler/ankara/altindag/siteler,ankara_district_service,MANUAL_REVIEW,200,true,834,0.7245,0.1576,0.9339,https://ankaraozdemirnakliyat.com/islemler/ankara/altindag/ulus,true,false,false,10,56,Ankara Altındağ Siteler Evden Eve Nakliyat | Ankara Özdemir Nakliyat,Altındağ Siteler . NAKLİYAT,https://ankaraozdemirnakliyat.com/islemler/ankara/altindag/siteler,UNKNOWN,UNKNOWN,UNKNOWN,UNKNOWN,UNKNOWN,false
ozdemir,https://ankaraozdemirnakliyat.com/islemler/ankara/altindag/ulus,ankara_district_service,MERGE,200,true,834,0.7245,0.1576,0.9467,https://ankaraozdemirnakliyat.com/islemler/ankara/altindag/hacettepe,true,true,false,10,56,Ankara Altındağ Ulus Evden Eve Nakliyat | Ankara Özdemir Nakliyat,Altındağ Ulus . TAŞIMACILIK,https://ankaraozdemirnakliyat.com/islemler/ankara/altindag/ulus,UNKNOWN,UNKNOWN,UNKNOWN,UNKNOWN,UNKNOWN,false
ozdemir,https://ankaraozdemirnakliyat.com/islemler/ankara/altindag/zubeyde-hanim,ankara_district_service,MANUAL_REVIEW,200,true,853,0.6915,0.1960,0.7785,https://ankaraozdemirnakliyat.com/islemler/ankara/altindag/hacettepe,true,false,false,10,56,Ankara Altındağ Zübeyde Hanım Evden Eve Nakliyat | Ankara Özdemir Nakliyat,Altındağ Zübeyde Hanım . NAKLİYAT,https://ankaraozdemirnakliyat.com/islemler/ankara/altindag/zubeyde-hanim,UNKNOWN,UNKNOWN,UNKNOWN,UNKNOWN,UNKNOWN,false
ozdemir,https://ankaraozdemirnakliyat.com/islemler/ankara/altindag/dogantepe,ankara_district_service,MANUAL_REVIEW,200,true,835,0.7245,0.1576,0.8042,https://ankaraozdemirnakliyat.com/islemler/ankara/altindag/hacettepe,true,false,false,10,56,Ankara Altındağ Doğantepe Evden Eve Nakliyat | Ankara Özdemir Nakliyat,Altındağ Doğantepe . EVDEN EVE,https://ankaraozdemirnakliyat.com/islemler/ankara/altindag/dogantepe,UNKNOWN,UNKNOWN,UNKNOWN,UNKNOWN,UNKNOWN,false
ozdemir,https://ankaraozdemirnakliyat.com/islemler/ankara/altindag/feridun-celik,ankara_district_service,MANUAL_REVIEW,200,true,853,0.6915,0.1960,0.8050,https://ankaraozdemirnakliyat.com/islemler/ankara/altindag/hacettepe,true,false,false,10,56,Ankara Altındağ Feridun Çelik Evden Eve Nakliyat | Ankara Özdemir Nakliyat,Altındağ Feridun Çelik . TAŞIMACILIK,https://ankaraozdemirnakliyat.com/islemler/ankara/altindag/feridun-celik,UNKNOWN,UNKNOWN,UNKNOWN,UNKNOWN,UNKNOWN,false
ozdemir,https://ankaraozdemirnakliyat.com/islemler/ankara/altindag/gunesevler,ankara_district_service,MANUAL_REVIEW,200,true,835,0.7245,0.1576,0.8113,https://ankaraozdemirnakliyat.com/islemler/ankara/altindag/hacettepe,true,false,false,10,56,Ankara Altındağ Güneşevler Evden Eve Nakliyat | Ankara Özdemir Nakliyat,Altındağ Güneşevler . EVDEN EVE,https://ankaraozdemirnakliyat.com/islemler/ankara/altindag/gunesevler,UNKNOWN,UNKNOWN,UNKNOWN,UNKNOWN,UNKNOWN,false
ozdemir,https://ankaraozdemirnakliyat.com/islemler/ankara/altindag/hacettepe,ankara_district_service,MANUAL_REVIEW,200,true,835,0.7245,0.1576,0.7763,https://ankaraozdemirnakliyat.com/islemler/ankara/kalecik/ahikemal,true,false,false,10,56,Ankara Altındağ Hacettepe Evden Eve Nakliyat | Ankara Özdemir Nakliyat,Altındağ Hacettepe . EVDEN EVE,https://ankaraozdemirnakliyat.com/islemler/ankara/altindag/hacettepe,UNKNOWN,UNKNOWN,UNKNOWN,UNKNOWN,UNKNOWN,false
ozdemir,https://ankaraozdemirnakliyat.com/islemler/ankara/akyurt,ankara_district,MANUAL_REVIEW,200,true,1450,0.6743,0.3257,0.8950,https://ankaraozdemirnakliyat.com/islemler/ankara/kalecik,true,false,false,365,54,Akyurt Evden Eve Nakliyat - Asansörlü & Sigortalı | Ankara Özdemir Nakliyat,Akyurt . NAKLİYAT,https://ankaraozdemirnakliyat.com/islemler/ankara/akyurt,UNKNOWN,UNKNOWN,UNKNOWN,UNKNOWN,UNKNOWN,false
ozdemir,https://ankaraozdemirnakliyat.com/islemler/ankara/akyurt/evden-eve-nakliyat,ankara_district_service,MERGE,200,true,1016,0.5630,0.2216,0.9770,https://ankaraozdemirnakliyat.com/islemler/ankara/etimesgut/evden-eve-nakliyat,true,true,false,27,61,Akyurt Evden Eve Nakliyat | Garantili Hizmet | Ankara Özdemir Nakliyat,Akyurt Evden Eve Nakliyat,https://ankaraozdemirnakliyat.com/islemler/ankara/akyurt/evden-eve-nakliyat,UNKNOWN,UNKNOWN,UNKNOWN,UNKNOWN,UNKNOWN,false
ozdemir,https://ankaraozdemirnakliyat.com/islemler/ankara/akyurt/ofis-tasima,ankara_district_service,MERGE,200,true,995,0.5861,0.1885,0.9770,https://ankaraozdemirnakliyat.com/islemler/ankara/etimesgut/ofis-tasima,true,true,false,27,61,Akyurt Ofis Taşıma | Garantili Hizmet | Ankara Özdemir Nakliyat,Akyurt Ofis Taşıma,https://ankaraozdemirnakliyat.com/islemler/ankara/akyurt/ofis-tasima,UNKNOWN,UNKNOWN,UNKNOWN,UNKNOWN,UNKNOWN,false
ozdemir,https://ankaraozdemirnakliyat.com/islemler/ankara/akyurt/nakliyat-fiyatlari,ankara_district_service,MERGE,200,true,1015,0.5737,0.2004,0.9778,https://ankaraozdemirnakliyat.com/islemler/ankara/etimesgut/nakliyat-fiyatlari,true,true,false,26,61,Akyurt Nakliyat Fiyatları | Garantili Hizmet | Ankara Özdemir Nakliyat,Akyurt Nakliyat Fiyatları,https://ankaraozdemirnakliyat.com/islemler/ankara/akyurt/nakliyat-fiyatlari,UNKNOWN,UNKNOWN,UNKNOWN,UNKNOWN,UNKNOWN,false
ozdemir,https://ankaraozdemirnakliyat.com/islemler/ankara/akyurt/yildirim,ankara_district_service,MANUAL_REVIEW,200,true,809,0.7503,0.1536,0.7898,https://ankaraozdemirnakliyat.com/islemler/ankara/akyurt/beyazit,true,false,false,5,51,Ankara Akyurt Yıldırım Evden Eve Nakliyat | Ankara Özdemir Nakliyat,Akyurt Yıldırım . EVDEN EVE,https://ankaraozdemirnakliyat.com/islemler/ankara/akyurt/yildirim,UNKNOWN,UNKNOWN,UNKNOWN,UNKNOWN,UNKNOWN,false
ozdemir,https://ankaraozdemirnakliyat.com/islemler/ankara/akyurt/beyazit,ankara_district_service,MANUAL_REVIEW,200,true,808,0.7503,0.1536,0.7908,https://ankaraozdemirnakliyat.com/islemler/ankara/akyurt/balikhisar,true,false,false,5,51,Ankara Akyurt Beyazıt Evden Eve Nakliyat | Ankara Özdemir Nakliyat,Akyurt Beyazıt . NAKLİYAT,https://ankaraozdemirnakliyat.com/islemler/ankara/akyurt/beyazit,UNKNOWN,UNKNOWN,UNKNOWN,UNKNOWN,UNKNOWN,false
ozdemir,https://ankaraozdemirnakliyat.com/islemler/ankara/akyurt/balikhisar,ankara_district_service,MANUAL_REVIEW,200,true,808,0.7503,0.1536,0.7887,https://ankaraozdemirnakliyat.com/islemler/ankara/akyurt/bugduz,true,false,false,5,51,Ankara Akyurt Balıkhisar Evden Eve Nakliyat | Ankara Özdemir Nakliyat,Akyurt Balıkhisar . LOJİSTİK,https://ankaraozdemirnakliyat.com/islemler/ankara/akyurt/balikhisar,UNKNOWN,UNKNOWN,UNKNOWN,UNKNOWN,UNKNOWN,false
ozdemir,https://ankaraozdemirnakliyat.com/islemler/ankara/akyurt/bugduz,ankara_district_service,MANUAL_REVIEW,200,true,809,0.7503,0.1536,0.7898,https://ankaraozdemirnakliyat.com/islemler/ankara/akyurt/guzelhisar,true,false,false,5,51,Ankara Akyurt Büğdüz Evden Eve Nakliyat | Ankara Özdemir Nakliyat,Akyurt Büğdüz . EVDEN EVE,https://ankaraozdemirnakliyat.com/islemler/ankara/akyurt/bugduz,UNKNOWN,UNKNOWN,UNKNOWN,UNKNOWN,UNKNOWN,false
ozdemir,https://ankaraozdemirnakliyat.com/islemler/ankara/akyurt/guzelhisar,ankara_district_service,MANUAL_REVIEW,200,true,808,0.7503,0.1536,0.7173,https://ankaraozdemirnakliyat.com/islemler/ankara/kalecik/ahikemal,true,false,false,5,51,Ankara Akyurt Güzelhisar Evden Eve Nakliyat | Ankara Özdemir Nakliyat,Akyurt Güzelhisar . TAŞIMACILIK,https://ankaraozdemirnakliyat.com/islemler/ankara/akyurt/guzelhisar,UNKNOWN,UNKNOWN,UNKNOWN,UNKNOWN,UNKNOWN,false
ozdemir,https://ankaraozdemirnakliyat.com/islemler/ankara/ayas,ankara_district,MANUAL_REVIEW,200,true,1429,0.6853,0.3147,0.7178,https://ankaraozdemirnakliyat.com/islemler/ankara/kalecik,true,false,false,365,53,Ayaş Evden Eve Nakliyat - Asansörlü & Sigortalı | Ankara Özdemir Nakliyat,Ayaş . NAKLİYAT,https://ankaraozdemirnakliyat.com/islemler/ankara/ayas,UNKNOWN,UNKNOWN,UNKNOWN,UNKNOWN,UNKNOWN,false
ozdemir,https://ankaraozdemirnakliyat.com/islemler/ankara/ayas/evden-eve-nakliyat,ankara_district_service,KEEP,200,true,1016,0.5630,0.2216,0.7949,https://ankaraozdemirnakliyat.com/islemler/ankara/ayas/ofis-tasima,false,false,false,27,61,Ayaş Evden Eve Nakliyat | Garantili Hizmet | Ankara Özdemir Nakliyat,Ayaş Evden Eve Nakliyat,https://ankaraozdemirnakliyat.com/islemler/ankara/ayas/evden-eve-nakliyat,UNKNOWN,UNKNOWN,UNKNOWN,UNKNOWN,UNKNOWN,false
ozdemir,https://ankaraozdemirnakliyat.com/islemler/ankara/ayas/ofis-tasima,ankara_district_service,KEEP,200,true,995,0.5861,0.1885,0.7600,https://ankaraozdemirnakliyat.com/islemler/ankara/haymana/ofis-tasima,false,false,false,27,61,Ayaş Ofis Taşıma | Garantili Hizmet | Ankara Özdemir Nakliyat,Ayaş Ofis Taşıma,https://ankaraozdemirnakliyat.com/islemler/ankara/ayas/ofis-tasima,UNKNOWN,UNKNOWN,UNKNOWN,UNKNOWN,UNKNOWN,false
ozdemir,https://ankaraozdemirnakliyat.com/islemler/ankara/ayas/nakliyat-fiyatlari,ankara_district_service,KEEP,200,true,1015,0.5737,0.2004,0.7532,https://ankaraozdemirnakliyat.com/islemler/ankara/haymana/nakliyat-fiyatlari,false,false,false,26,61,Ayaş Nakliyat Fiyatları | Garantili Hizmet | Ankara Özdemir Nakliyat,Ayaş Nakliyat Fiyatları,https://ankaraozdemirnakliyat.com/islemler/ankara/ayas/nakliyat-fiyatlari,UNKNOWN,UNKNOWN,UNKNOWN,UNKNOWN,UNKNOWN,false
ozdemir,https://ankaraozdemirnakliyat.com/islemler/ankara/ayas/hacimemi,ankara_district_service,MANUAL_REVIEW,200,true,787,0.7759,0.1532,0.7975,https://ankaraozdemirnakliyat.com/islemler/ankara/ayas/camiatik,true,false,false,4,50,Ankara Ayaş Hacımemi Evden Eve Nakliyat | Ankara Özdemir Nakliyat,Ayaş Hacımemi . TAŞIMACILIK,https://ankaraozdemirnakliyat.com/islemler/ankara/ayas/hacimemi,UNKNOWN,UNKNOWN,UNKNOWN,UNKNOWN,UNKNOWN,false
ozdemir,https://ankaraozdemirnakliyat.com/islemler/ankara/ayas/omeroglu,ankara_district_service,MANUAL_REVIEW,200,true,787,0.7759,0.1532,0.8000,https://ankaraozdemirnakliyat.com/islemler/ankara/ayas/camiatik,true,false,false,4,50,Ankara Ayaş Ömeroğlu Evden Eve Nakliyat | Ankara Özdemir Nakliyat,Ayaş Ömeroğlu . TAŞIMACILIK,https://ankaraozdemirnakliyat.com/islemler/ankara/ayas/omeroglu,UNKNOWN,UNKNOWN,UNKNOWN,UNKNOWN,UNKNOWN,false
ozdemir,https://ankaraozdemirnakliyat.com/islemler/ankara/ayas/camiatik,ankara_district_service,MERGE,200,true,788,0.7759,0.1532,0.9694,https://ankaraozdemirnakliyat.com/islemler/ankara/ayas/feruz,true,true,false,4,50,Ankara Ayaş Camiatik Evden Eve Nakliyat | Ankara Özdemir Nakliyat,Ayaş Camiatik . EVDEN EVE,https://ankaraozdemirnakliyat.com/islemler/ankara/ayas/camiatik,UNKNOWN,UNKNOWN,UNKNOWN,UNKNOWN,UNKNOWN,false
ozdemir,https://ankaraozdemirnakliyat.com/islemler/ankara/ayas/feruz,ankara_district_service,MANUAL_REVIEW,200,true,787,0.7759,0.1532,0.8152,https://ankaraozdemirnakliyat.com/islemler/ankara/kalecik/ahikemal,true,false,false,4,50,Ankara Ayaş Feruz Evden Eve Nakliyat | Ankara Özdemir Nakliyat,Ayaş Feruz . NAKLİYAT,https://ankaraozdemirnakliyat.com/islemler/ankara/ayas/feruz,UNKNOWN,UNKNOWN,UNKNOWN,UNKNOWN,UNKNOWN,false
ozdemir,https://ankaraozdemirnakliyat.com/islemler/ankara/bala,ankara_district,MANUAL_REVIEW,200,true,1430,0.6848,0.3152,0.7209,https://ankaraozdemirnakliyat.com/islemler/ankara/evren,true,false,false,365,53,Balâ Evden Eve Nakliyat - Asansörlü & Sigortalı | Ankara Özdemir Nakliyat,Balâ . NAKLİYAT,https://ankaraozdemirnakliyat.com/islemler/ankara/bala,UNKNOWN,UNKNOWN,UNKNOWN,UNKNOWN,UNKNOWN,false
ozdemir,https://ankaraozdemirnakliyat.com/islemler/ankara/bala/evden-eve-nakliyat,ankara_district_service,KEEP,200,true,1016,0.5630,0.2216,0.7949,https://ankaraozdemirnakliyat.com/islemler/ankara/bala/ofis-tasima,false,false,false,27,61,Balâ Evden Eve Nakliyat | Garantili Hizmet | Ankara Özdemir Nakliyat,Balâ Evden Eve Nakliyat,https://ankaraozdemirnakliyat.com/islemler/ankara/bala/evden-eve-nakliyat,UNKNOWN,UNKNOWN,UNKNOWN,UNKNOWN,UNKNOWN,false
ozdemir,https://ankaraozdemirnakliyat.com/islemler/ankara/bala/ofis-tasima,ankara_district_service,KEEP,200,true,995,0.5861,0.1885,0.7600,https://ankaraozdemirnakliyat.com/islemler/ankara/haymana/ofis-tasima,false,false,false,27,61,Balâ Ofis Taşıma | Garantili Hizmet | Ankara Özdemir Nakliyat,Balâ Ofis Taşıma,https://ankaraozdemirnakliyat.com/islemler/ankara/bala/ofis-tasima,UNKNOWN,UNKNOWN,UNKNOWN,UNKNOWN,UNKNOWN,false
ozdemir,https://ankaraozdemirnakliyat.com/islemler/ankara/bala/nakliyat-fiyatlari,ankara_district_service,KEEP,200,true,1015,0.5737,0.2004,0.7532,https://ankaraozdemirnakliyat.com/islemler/ankara/haymana/nakliyat-fiyatlari,false,false,false,26,61,Balâ Nakliyat Fiyatları | Garantili Hizmet | Ankara Özdemir Nakliyat,Balâ Nakliyat Fiyatları,https://ankaraozdemirnakliyat.com/islemler/ankara/bala/nakliyat-fiyatlari,UNKNOWN,UNKNOWN,UNKNOWN,UNKNOWN,UNKNOWN,false
ozdemir,https://ankaraozdemirnakliyat.com/islemler/ankara/bala/sentepe,ankara_district_service,MANUAL_REVIEW,200,true,789,0.7748,0.0552,0.7942,https://ankaraozdemirnakliyat.com/islemler/ankara/bala/ergin,true,false,false,4,50,Ankara Balâ Şentepe Evden Eve Nakliyat | Ankara Özdemir Nakliyat,Balâ Şentepe . EVDEN EVE,https://ankaraozdemirnakliyat.com/islemler/ankara/bala/sentepe,UNKNOWN,UNKNOWN,UNKNOWN,UNKNOWN,UNKNOWN,false
ozdemir,https://ankaraozdemirnakliyat.com/islemler/ankara/bala/kartaltepe,ankara_district_service,MERGE,200,true,788,0.7748,0.0552,0.9676,https://ankaraozdemirnakliyat.com/islemler/ankara/bala/ergin,true,true,false,4,50,Ankara Balâ Kartaltepe Evden Eve Nakliyat | Ankara Özdemir Nakliyat,Balâ Kartaltepe . TAŞIMACILIK,https://ankaraozdemirnakliyat.com/islemler/ankara/bala/kartaltepe,UNKNOWN,UNKNOWN,UNKNOWN,UNKNOWN,UNKNOWN,false
ozdemir,https://ankaraozdemirnakliyat.com/islemler/ankara/bala/goztepe,ankara_district_service,MANUAL_REVIEW,200,true,788,0.7748,0.1530,0.8014,https://ankaraozdemirnakliyat.com/islemler/ankara/bala/ergin,true,false,false,4,50,Ankara Balâ Göztepe Evden Eve Nakliyat | Ankara Özdemir Nakliyat,Balâ Göztepe . TAŞIMACILIK,https://ankaraozdemirnakliyat.com/islemler/ankara/bala/goztepe,UNKNOWN,UNKNOWN,UNKNOWN,UNKNOWN,UNKNOWN,false
ozdemir,https://ankaraozdemirnakliyat.com/islemler/ankara/bala/ergin,ankara_district_service,MANUAL_REVIEW,200,true,788,0.7748,0.1530,0.8187,https://ankaraozdemirnakliyat.com/islemler/ankara/kalecik/ahikemal,true,false,false,4,50,Ankara Balâ Ergin Evden Eve Nakliyat | Ankara Özdemir Nakliyat,Balâ Ergin . TAŞIMACILIK,https://ankaraozdemirnakliyat.com/islemler/ankara/bala/ergin,UNKNOWN,UNKNOWN,UNKNOWN,UNKNOWN,UNKNOWN,false
ozdemir,https://ankaraozdemirnakliyat.com/islemler/ankara/beypazari,ankara_district,MANUAL_REVIEW,200,true,1442,0.6811,0.3189,0.7144,https://ankaraozdemirnakliyat.com/islemler/ankara/kalecik,true,false,false,365,53,Beypazarı Evden Eve Nakliyat - Asansörlü & Sigortalı | Ankara Özdemir Nakliyat,Beypazarı . NAKLİYAT,https://ankaraozdemirnakliyat.com/islemler/ankara/beypazari,UNKNOWN,UNKNOWN,UNKNOWN,UNKNOWN,UNKNOWN,false
ozdemir,https://ankaraozdemirnakliyat.com/islemler/ankara/beypazari/evden-eve-nakliyat,ankara_district_service,KEEP,200,true,1016,0.5630,0.2216,0.7949,https://ankaraozdemirnakliyat.com/islemler/ankara/beypazari/ofis-tasima,false,false,false,27,61,Beypazarı Evden Eve Nakliyat | Garantili Hizmet | Ankara Özdemir Nakliyat,Beypazarı Evden Eve Nakliyat,https://ankaraozdemirnakliyat.com/islemler/ankara/beypazari/evden-eve-nakliyat,UNKNOWN,UNKNOWN,UNKNOWN,UNKNOWN,UNKNOWN,false
ozdemir,https://ankaraozdemirnakliyat.com/islemler/ankara/beypazari/ofis-tasima,ankara_district_service,KEEP,200,true,995,0.5861,0.1885,0.7600,https://ankaraozdemirnakliyat.com/islemler/ankara/haymana/ofis-tasima,false,false,false,27,61,Beypazarı Ofis Taşıma | Garantili Hizmet | Ankara Özdemir Nakliyat,Beypazarı Ofis Taşıma,https://ankaraozdemirnakliyat.com/islemler/ankara/beypazari/ofis-tasima,UNKNOWN,UNKNOWN,UNKNOWN,UNKNOWN,UNKNOWN,false
ozdemir,https://ankaraozdemirnakliyat.com/islemler/ankara/beypazari/nakliyat-fiyatlari,ankara_district_service,KEEP,200,true,1015,0.5737,0.2004,0.7532,https://ankaraozdemirnakliyat.com/islemler/ankara/haymana/nakliyat-fiyatlari,false,false,false,26,61,Beypazarı Nakliyat Fiyatları | Garantili Hizmet | Ankara Özdemir Nakliyat,Beypazarı Nakliyat Fiyatları,https://ankaraozdemirnakliyat.com/islemler/ankara/beypazari/nakliyat-fiyatlari,UNKNOWN,UNKNOWN,UNKNOWN,UNKNOWN,UNKNOWN,false
ozdemir,https://ankaraozdemirnakliyat.com/islemler/ankara/beypazari/kurtulus,ankara_district_service,MANUAL_REVIEW,200,true,801,0.7672,0.1515,0.7828,https://ankaraozdemirnakliyat.com/islemler/ankara/beypazari/rustempasa,true,false,false,4,50,Ankara Beypazarı Kurtuluş Evden Eve Nakliyat | Ankara Özdemir Nakliyat,Beypazarı Kurtuluş . EVDEN EVE,https://ankaraozdemirnakliyat.com/islemler/ankara/beypazari/kurtulus,UNKNOWN,UNKNOWN,UNKNOWN,UNKNOWN,UNKNOWN,false
ozdemir,https://ankaraozdemirnakliyat.com/islemler/ankara/beypazari/rustempasa,ankara_district_service,MANUAL_REVIEW,200,true,800,0.7672,0.1515,0.7838,https://ankaraozdemirnakliyat.com/islemler/ankara/beypazari/basagac,true,false,false,4,50,Ankara Beypazarı Rüstempaşa Evden Eve Nakliyat | Ankara Özdemir Nakliyat,Beypazarı Rüstempaşa . NAKLİYAT,https://ankaraozdemirnakliyat.com/islemler/ankara/beypazari/rustempasa,UNKNOWN,UNKNOWN,UNKNOWN,UNKNOWN,UNKNOWN,false
ozdemir,https://ankaraozdemirnakliyat.com/islemler/ankara/beypazari/basagac,ankara_district_service,MANUAL_REVIEW,200,true,800,0.7672,0.1515,0.7838,https://ankaraozdemirnakliyat.com/islemler/ankara/beypazari/ayvasik,true,false,false,4,50,Ankara Beypazarı Başağaç Evden Eve Nakliyat | Ankara Özdemir Nakliyat,Beypazarı Başağaç . LOJİSTİK,https://ankaraozdemirnakliyat.com/islemler/ankara/beypazari/basagac,UNKNOWN,UNKNOWN,UNKNOWN,UNKNOWN,UNKNOWN,false
ozdemir,https://ankaraozdemirnakliyat.com/islemler/ankara/beypazari/ayvasik,ankara_district_service,MANUAL_REVIEW,200,true,800,0.7672,0.1515,0.7043,https://ankaraozdemirnakliyat.com/islemler/ankara/kalecik/ahikemal,true,false,false,4,50,Ankara Beypazarı Ayvaşık Evden Eve Nakliyat | Ankara Özdemir Nakliyat,Beypazarı Ayvaşık . NAKLİYAT,https://ankaraozdemirnakliyat.com/islemler/ankara/beypazari/ayvasik,UNKNOWN,UNKNOWN,UNKNOWN,UNKNOWN,UNKNOWN,false
ozdemir,https://ankaraozdemirnakliyat.com/islemler/ankara/camlidere,ankara_district,MANUAL_REVIEW,200,true,1428,0.6875,0.3125,0.7226,https://ankaraozdemirnakliyat.com/islemler/ankara/kalecik,true,false,false,365,52,Çamlıdere Evden Eve Nakliyat - Asansörlü & Sigortalı | Ankara Özdemir Nakliyat,Çamlıdere . NAKLİYAT,https://ankaraozdemirnakliyat.com/islemler/ankara/camlidere,UNKNOWN,UNKNOWN,UNKNOWN,UNKNOWN,UNKNOWN,false
ozdemir,https://ankaraozdemirnakliyat.com/islemler/ankara/camlidere/evden-eve-nakliyat,ankara_district_service,KEEP,200,true,1016,0.5630,0.2216,0.7949,https://ankaraozdemirnakliyat.com/islemler/ankara/camlidere/ofis-tasima,false,false,false,27,61,Çamlıdere Evden Eve Nakliyat | Garantili Hizmet | Ankara Özdemir Nakliyat,Çamlıdere Evden Eve Nakliyat,https://ankaraozdemirnakliyat.com/islemler/ankara/camlidere/evden-eve-nakliyat,UNKNOWN,UNKNOWN,UNKNOWN,UNKNOWN,UNKNOWN,false
ozdemir,https://ankaraozdemirnakliyat.com/islemler/ankara/camlidere/ofis-tasima,ankara_district_service,KEEP,200,true,995,0.5861,0.1885,0.7600,https://ankaraozdemirnakliyat.com/islemler/ankara/haymana/ofis-tasima,false,false,false,27,61,Çamlıdere Ofis Taşıma | Garantili Hizmet | Ankara Özdemir Nakliyat,Çamlıdere Ofis Taşıma,https://ankaraozdemirnakliyat.com/islemler/ankara/camlidere/ofis-tasima,UNKNOWN,UNKNOWN,UNKNOWN,UNKNOWN,UNKNOWN,false
ozdemir,https://ankaraozdemirnakliyat.com/islemler/ankara/camlidere/nakliyat-fiyatlari,ankara_district_service,KEEP,200,true,1015,0.5737,0.2004,0.7532,https://ankaraozdemirnakliyat.com/islemler/ankara/haymana/nakliyat-fiyatlari,false,false,false,26,61,Çamlıdere Nakliyat Fiyatları | Garantili Hizmet | Ankara Özdemir Nakliyat,Çamlıdere Nakliyat Fiyatları,https://ankaraozdemirnakliyat.com/islemler/ankara/camlidere/nakliyat-fiyatlari,UNKNOWN,UNKNOWN,UNKNOWN,UNKNOWN,UNKNOWN,false
ozdemir,https://ankaraozdemirnakliyat.com/islemler/ankara/camlidere/korler,ankara_district_service,MANUAL_REVIEW,200,true,786,0.7759,0.1532,0.7953,https://ankaraozdemirnakliyat.com/islemler/ankara/camlidere/yayalar,true,false,false,3,49,Ankara Çamlıdere Körler Evden Eve Nakliyat | Ankara Özdemir Nakliyat,Çamlıdere Körler . LOJİSTİK,https://ankaraozdemirnakliyat.com/islemler/ankara/camlidere/korler,UNKNOWN,UNKNOWN,UNKNOWN,UNKNOWN,UNKNOWN,false
ozdemir,https://ankaraozdemirnakliyat.com/islemler/ankara/camlidere/beyler,ankara_district_service,MERGE,200,true,787,0.7759,0.1532,0.9707,https://ankaraozdemirnakliyat.com/islemler/ankara/camlidere/yayalar,true,true,false,3,49,Ankara Çamlıdere Beyler Evden Eve Nakliyat | Ankara Özdemir Nakliyat,Çamlıdere Beyler . EVDEN EVE,https://ankaraozdemirnakliyat.com/islemler/ankara/camlidere/beyler,UNKNOWN,UNKNOWN,UNKNOWN,UNKNOWN,UNKNOWN,false
ozdemir,https://ankaraozdemirnakliyat.com/islemler/ankara/camlidere/yayalar,ankara_district_service,MANUAL_REVIEW,200,true,787,0.7759,0.1532,0.8175,https://ankaraozdemirnakliyat.com/islemler/ankara/kalecik/ahikemal,true,false,false,3,49,Ankara Çamlıdere Yayalar Evden Eve Nakliyat | Ankara Özdemir Nakliyat,Çamlıdere Yayalar . EVDEN EVE,https://ankaraozdemirnakliyat.com/islemler/ankara/camlidere/yayalar,UNKNOWN,UNKNOWN,UNKNOWN,UNKNOWN,UNKNOWN,false
ozdemir,https://ankaraozdemirnakliyat.com/islemler/ankara/cankaya,ankara_district,KEEP,200,true,1510,0.6447,0.3553,0.6628,https://ankaraozdemirnakliyat.com/islemler/ankara/evren,false,false,false,365,77,Çankaya Evden Eve Nakliyat - Asansörlü & Sigortalı | Ankara Özdemir Nakliyat,Çankaya . NAKLİYAT,https://ankaraozdemirnakliyat.com/islemler/ankara/cankaya,UNKNOWN,UNKNOWN,UNKNOWN,UNKNOWN,UNKNOWN,false
ozdemir,https://ankaraozdemirnakliyat.com/islemler/ankara/cankaya/evden-eve-nakliyat,ankara_district_service,KEEP,200,true,1016,0.5630,0.2216,0.7949,https://ankaraozdemirnakliyat.com/islemler/ankara/cankaya/ofis-tasima,false,false,false,27,61,Çankaya Evden Eve Nakliyat | Garantili Hizmet | Ankara Özdemir Nakliyat,Çankaya Evden Eve Nakliyat,https://ankaraozdemirnakliyat.com/islemler/ankara/cankaya/evden-eve-nakliyat,UNKNOWN,UNKNOWN,UNKNOWN,UNKNOWN,UNKNOWN,false
ozdemir,https://ankaraozdemirnakliyat.com/islemler/ankara/cankaya/ofis-tasima,ankara_district_service,KEEP,200,true,995,0.5861,0.1885,0.7600,https://ankaraozdemirnakliyat.com/islemler/ankara/haymana/ofis-tasima,false,false,false,27,61,Çankaya Ofis Taşıma | Garantili Hizmet | Ankara Özdemir Nakliyat,Çankaya Ofis Taşıma,https://ankaraozdemirnakliyat.com/islemler/ankara/cankaya/ofis-tasima,UNKNOWN,UNKNOWN,UNKNOWN,UNKNOWN,UNKNOWN,false
ozdemir,https://ankaraozdemirnakliyat.com/islemler/ankara/cankaya/nakliyat-fiyatlari,ankara_district_service,KEEP,200,true,1015,0.5737,0.2004,0.7532,https://ankaraozdemirnakliyat.com/islemler/ankara/haymana/nakliyat-fiyatlari,false,false,false,26,61,Çankaya Nakliyat Fiyatları | Garantili Hizmet | Ankara Özdemir Nakliyat,Çankaya Nakliyat Fiyatları,https://ankaraozdemirnakliyat.com/islemler/ankara/cankaya/nakliyat-fiyatlari,UNKNOWN,UNKNOWN,UNKNOWN,UNKNOWN,UNKNOWN,false
ozdemir,https://ankaraozdemirnakliyat.com/islemler/ankara/cankaya/ayranci,ankara_district_service,MANUAL_REVIEW,200,true,857,0.7040,0.1622,0.8141,https://ankaraozdemirnakliyat.com/islemler/ankara/cankaya/balgat,true,false,false,28,65,Ankara Çankaya Ayrancı Evden Eve Nakliyat | Ankara Özdemir Nakliyat,Çankaya Ayrancı . EVDEN EVE,https://ankaraozdemirnakliyat.com/islemler/ankara/cankaya/ayranci,UNKNOWN,UNKNOWN,UNKNOWN,UNKNOWN,UNKNOWN,false
ozdemir,https://ankaraozdemirnakliyat.com/islemler/ankara/cankaya/bahcelievler,ankara_district_service,MANUAL_REVIEW,200,true,856,0.7040,0.0734,0.8139,https://ankaraozdemirnakliyat.com/islemler/ankara/cankaya/beysukent,true,false,false,28,65,Ankara Çankaya Bahçelievler Evden Eve Nakliyat | Ankara Özdemir Nakliyat,Çankaya Bahçelievler . LOJİSTİK,https://ankaraozdemirnakliyat.com/islemler/ankara/cankaya/bahcelievler,UNKNOWN,UNKNOWN,UNKNOWN,UNKNOWN,UNKNOWN,false
ozdemir,https://ankaraozdemirnakliyat.com/islemler/ankara/cankaya/balgat,ankara_district_service,MERGE,200,true,857,0.7040,0.1622,0.9773,https://ankaraozdemirnakliyat.com/islemler/ankara/cankaya/cebeci,true,true,false,28,65,Ankara Çankaya Balgat Evden Eve Nakliyat | Ankara Özdemir Nakliyat,Çankaya Balgat . EVDEN EVE,https://ankaraozdemirnakliyat.com/islemler/ankara/cankaya/balgat,UNKNOWN,UNKNOWN,UNKNOWN,UNKNOWN,UNKNOWN,false
ozdemir,https://ankaraozdemirnakliyat.com/islemler/ankara/cankaya/beysukent,ankara_district_service,MERGE,200,true,856,0.7040,0.1622,0.9858,https://ankaraozdemirnakliyat.com/islemler/ankara/cankaya/beytepe,true,true,false,28,65,Ankara Çankaya Beysukent Evden Eve Nakliyat | Ankara Özdemir Nakliyat,Çankaya Beysukent . LOJİSTİK,https://ankaraozdemirnakliyat.com/islemler/ankara/cankaya/beysukent,UNKNOWN,UNKNOWN,UNKNOWN,UNKNOWN,UNKNOWN,false
ozdemir,https://ankaraozdemirnakliyat.com/islemler/ankara/cankaya/beytepe,ankara_district_service,MERGE,200,true,856,0.7040,0.1622,0.9731,https://ankaraozdemirnakliyat.com/islemler/ankara/cankaya/birlik,true,true,false,28,65,Ankara Çankaya Beytepe Evden Eve Nakliyat | Ankara Özdemir Nakliyat,Çankaya Beytepe . LOJİSTİK,https://ankaraozdemirnakliyat.com/islemler/ankara/cankaya/beytepe,UNKNOWN,UNKNOWN,UNKNOWN,UNKNOWN,UNKNOWN,false
ozdemir,https://ankaraozdemirnakliyat.com/islemler/ankara/cankaya/birlik,ankara_district_service,MERGE,200,true,856,0.7040,0.1622,0.9773,https://ankaraozdemirnakliyat.com/islemler/ankara/cankaya/dikmen,true,true,false,28,65,Ankara Çankaya Birlik Evden Eve Nakliyat | Ankara Özdemir Nakliyat,Çankaya Birlik . TAŞIMACILIK,https://ankaraozdemirnakliyat.com/islemler/ankara/cankaya/birlik,UNKNOWN,UNKNOWN,UNKNOWN,UNKNOWN,UNKNOWN,false
ozdemir,https://ankaraozdemirnakliyat.com/islemler/ankara/cankaya/cebeci,ankara_district_service,MERGE,200,true,857,0.7040,0.1622,0.9745,https://ankaraozdemirnakliyat.com/islemler/ankara/cankaya/mustafa-kemal,true,true,false,28,65,Ankara Çankaya Cebeci Evden Eve Nakliyat | Ankara Özdemir Nakliyat,Çankaya Cebeci . EVDEN EVE,https://ankaraozdemirnakliyat.com/islemler/ankara/cankaya/cebeci,UNKNOWN,UNKNOWN,UNKNOWN,UNKNOWN,UNKNOWN,false
ozdemir,https://ankaraozdemirnakliyat.com/islemler/ankara/cankaya/cayyolu,ankara_district_service,MANUAL_REVIEW,200,true,856,0.7040,0.1622,0.8126,https://ankaraozdemirnakliyat.com/islemler/ankara/cankaya/dikmen,true,false,false,28,65,Ankara Çankaya Çayyolu Evden Eve Nakliyat | Ankara Özdemir Nakliyat,Çankaya Çayyolu . LOJİSTİK,https://ankaraozdemirnakliyat.com/islemler/ankara/cankaya/cayyolu,UNKNOWN,UNKNOWN,UNKNOWN,UNKNOWN,UNKNOWN,false
ozdemir,https://ankaraozdemirnakliyat.com/islemler/ankara/cankaya/cukurambar,ankara_district_service,MANUAL_REVIEW,200,true,856,0.7040,0.1622,0.8160,https://ankaraozdemirnakliyat.com/islemler/ankara/cankaya/dikmen,true,false,false,28,65,Ankara Çankaya Çukurambar Evden Eve Nakliyat | Ankara Özdemir Nakliyat,Çankaya Çukurambar . TAŞIMACILIK,https://ankaraozdemirnakliyat.com/islemler/ankara/cankaya/cukurambar,UNKNOWN,UNKNOWN,UNKNOWN,UNKNOWN,UNKNOWN,false
ozdemir,https://ankaraozdemirnakliyat.com/islemler/ankara/cankaya/dikmen,ankara_district_service,MERGE,200,true,856,0.7040,0.1622,0.9857,https://ankaraozdemirnakliyat.com/islemler/ankara/cankaya/esat,true,true,false,28,65,Ankara Çankaya Dikmen Evden Eve Nakliyat | Ankara Özdemir Nakliyat,Çankaya Dikmen . NAKLİYAT,https://ankaraozdemirnakliyat.com/islemler/ankara/cankaya/dikmen,UNKNOWN,UNKNOWN,UNKNOWN,UNKNOWN,UNKNOWN,false
ozdemir,https://ankaraozdemirnakliyat.com/islemler/ankara/cankaya/esat,ankara_district_service,MERGE,200,true,856,0.7040,0.1622,0.9745,https://ankaraozdemirnakliyat.com/islemler/ankara/cankaya/maltepe,true,true,false,28,65,Ankara Çankaya Esat Evden Eve Nakliyat | Ankara Özdemir Nakliyat,Çankaya Esat . TAŞIMACILIK,https://ankaraozdemirnakliyat.com/islemler/ankara/cankaya/esat,UNKNOWN,UNKNOWN,UNKNOWN,UNKNOWN,UNKNOWN,false
ozdemir,https://ankaraozdemirnakliyat.com/islemler/ankara/cankaya/gaziosmanpasa,ankara_district_service,MANUAL_REVIEW,200,true,856,0.7040,0.0734,0.8079,https://ankaraozdemirnakliyat.com/islemler/ankara/cankaya/maltepe,true,false,false,28,65,Ankara Çankaya Gaziosmanpaşa Evden Eve Nakliyat | Ankara Özdemir Nakliyat,Çankaya Gaziosmanpaşa . LOJİSTİK,https://ankaraozdemirnakliyat.com/islemler/ankara/cankaya/gaziosmanpasa,UNKNOWN,UNKNOWN,UNKNOWN,UNKNOWN,UNKNOWN,false
ozdemir,https://ankaraozdemirnakliyat.com/islemler/ankara/cankaya/kavaklidere,ankara_district_service,MANUAL_REVIEW,200,true,857,0.7040,0.1622,0.8092,https://ankaraozdemirnakliyat.com/islemler/ankara/cankaya/maltepe,true,false,false,28,65,Ankara Çankaya Kavaklıdere Evden Eve Nakliyat | Ankara Özdemir Nakliyat,Çankaya Kavaklıdere . EVDEN EVE,https://ankaraozdemirnakliyat.com/islemler/ankara/cankaya/kavaklidere,UNKNOWN,UNKNOWN,UNKNOWN,UNKNOWN,UNKNOWN,false
ozdemir,https://ankaraozdemirnakliyat.com/islemler/ankara/cankaya/kirkkonaklar,ankara_district_service,MANUAL_REVIEW,200,true,856,0.7040,0.1622,0.8136,https://ankaraozdemirnakliyat.com/islemler/ankara/cankaya/maltepe,true,false,false,28,65,Ankara Çankaya Kırkkonaklar Evden Eve Nakliyat | Ankara Özdemir Nakliyat,Çankaya Kırkkonaklar . NAKLİYAT,https://ankaraozdemirnakliyat.com/islemler/ankara/cankaya/kirkkonaklar,UNKNOWN,UNKNOWN,UNKNOWN,UNKNOWN,UNKNOWN,false
ozdemir,https://ankaraozdemirnakliyat.com/islemler/ankara/cankaya/kizilay,ankara_district_service,MANUAL_REVIEW,200,true,856,0.7040,0.1622,0.8160,https://ankaraozdemirnakliyat.com/islemler/ankara/cankaya/maltepe,true,false,false,28,65,Ankara Çankaya Kızılay Evden Eve Nakliyat | Ankara Özdemir Nakliyat,Çankaya Kızılay . TAŞIMACILIK,https://ankaraozdemirnakliyat.com/islemler/ankara/cankaya/kizilay,UNKNOWN,UNKNOWN,UNKNOWN,UNKNOWN,UNKNOWN,false
ozdemir,https://ankaraozdemirnakliyat.com/islemler/ankara/cankaya/maltepe,ankara_district_service,MERGE,200,true,856,0.7040,0.1622,0.9857,https://ankaraozdemirnakliyat.com/islemler/ankara/cankaya/oran,true,true,false,28,65,Ankara Çankaya Maltepe Evden Eve Nakliyat | Ankara Özdemir Nakliyat,Çankaya Maltepe . NAKLİYAT,https://ankaraozdemirnakliyat.com/islemler/ankara/cankaya/maltepe,UNKNOWN,UNKNOWN,UNKNOWN,UNKNOWN,UNKNOWN,false
ozdemir,https://ankaraozdemirnakliyat.com/islemler/ankara/cankaya/oran,ankara_district_service,MERGE,200,true,856,0.7040,0.1622,0.9689,https://ankaraozdemirnakliyat.com/islemler/ankara/cankaya/mustafa-kemal,true,true,false,28,65,Ankara Çankaya Oran Evden Eve Nakliyat | Ankara Özdemir Nakliyat,Çankaya Oran . NAKLİYAT,https://ankaraozdemirnakliyat.com/islemler/ankara/cankaya/oran,UNKNOWN,UNKNOWN,UNKNOWN,UNKNOWN,UNKNOWN,false
ozdemir,https://ankaraozdemirnakliyat.com/islemler/ankara/cankaya/ovecler,ankara_district_service,MANUAL_REVIEW,200,true,857,0.7040,0.1622,0.8164,https://ankaraozdemirnakliyat.com/islemler/ankara/cankaya/mustafa-kemal,true,false,false,28,65,Ankara Çankaya Öveçler Evden Eve Nakliyat | Ankara Özdemir Nakliyat,Çankaya Öveçler . EVDEN EVE,https://ankaraozdemirnakliyat.com/islemler/ankara/cankaya/ovecler,UNKNOWN,UNKNOWN,UNKNOWN,UNKNOWN,UNKNOWN,false
ozdemir,https://ankaraozdemirnakliyat.com/islemler/ankara/cankaya/sogutozu,ankara_district_service,MANUAL_REVIEW,200,true,856,0.7040,0.1390,0.8256,https://ankaraozdemirnakliyat.com/islemler/ankara/cankaya/mustafa-kemal,true,false,false,19,65,Ankara Çankaya Söğütözü Evden Eve Nakliyat | Ankara Özdemir Nakliyat,Çankaya Söğütözü . NAKLİYAT,https://ankaraozdemirnakliyat.com/islemler/ankara/cankaya/sogutozu,UNKNOWN,UNKNOWN,UNKNOWN,UNKNOWN,UNKNOWN,false
ozdemir,https://ankaraozdemirnakliyat.com/islemler/ankara/cankaya/yildiz,ankara_district_service,MANUAL_REVIEW,200,true,856,0.7040,0.1390,0.8256,https://ankaraozdemirnakliyat.com/islemler/ankara/cankaya/mustafa-kemal,true,false,false,1,65,Ankara Çankaya Yıldız Evden Eve Nakliyat | Ankara Özdemir Nakliyat,Çankaya Yıldız . TAŞIMACILIK,https://ankaraozdemirnakliyat.com/islemler/ankara/cankaya/yildiz,UNKNOWN,UNKNOWN,UNKNOWN,UNKNOWN,UNKNOWN,false
ozdemir,https://ankaraozdemirnakliyat.com/islemler/ankara/cankaya/yuzuncuyil,ankara_district_service,MANUAL_REVIEW,200,true,856,0.7040,0.1390,0.8245,https://ankaraozdemirnakliyat.com/islemler/ankara/cankaya/mustafa-kemal,true,false,false,1,65,Ankara Çankaya Yüzüncüyıl Evden Eve Nakliyat | Ankara Özdemir Nakliyat,Çankaya Yüzüncüyıl . LOJİSTİK,https://ankaraozdemirnakliyat.com/islemler/ankara/cankaya/yuzuncuyil,UNKNOWN,UNKNOWN,UNKNOWN,UNKNOWN,UNKNOWN,false
ozdemir,https://ankaraozdemirnakliyat.com/islemler/ankara/cankaya/umitkoy,ankara_district_service,MANUAL_REVIEW,200,true,856,0.7040,0.1390,0.8256,https://ankaraozdemirnakliyat.com/islemler/ankara/cankaya/mustafa-kemal,true,false,false,1,65,Ankara Çankaya Ümitköy Evden Eve Nakliyat | Ankara Özdemir Nakliyat,Çankaya Ümitköy . NAKLİYAT,https://ankaraozdemirnakliyat.com/islemler/ankara/cankaya/umitkoy,UNKNOWN,UNKNOWN,UNKNOWN,UNKNOWN,UNKNOWN,false
ozdemir,https://ankaraozdemirnakliyat.com/islemler/ankara/cankaya/yasamkent,ankara_district_service,MANUAL_REVIEW,200,true,856,0.7040,0.1390,0.8256,https://ankaraozdemirnakliyat.com/islemler/ankara/cankaya/mustafa-kemal,true,false,false,1,65,Ankara Çankaya Yaşamkent Evden Eve Nakliyat | Ankara Özdemir Nakliyat,Çankaya Yaşamkent . TAŞIMACILIK,https://ankaraozdemirnakliyat.com/islemler/ankara/cankaya/yasamkent,UNKNOWN,UNKNOWN,UNKNOWN,UNKNOWN,UNKNOWN,false
ozdemir,https://ankaraozdemirnakliyat.com/islemler/ankara/cankaya/mustafa-kemal,ankara_district_service,MERGE,200,true,877,0.6720,0.1781,1.0000,https://ankaraozdemirnakliyat.com/islemler/ankara/cankaya/malazgirt,true,true,false,1,65,Ankara Çankaya Mustafa Kemal Evden Eve Nakliyat | Ankara Özdemir Nakliyat,Çankaya Mustafa Kemal . EVDEN EVE,https://ankaraozdemirnakliyat.com/islemler/ankara/cankaya/mustafa-kemal,UNKNOWN,UNKNOWN,UNKNOWN,UNKNOWN,UNKNOWN,false
ozdemir,https://ankaraozdemirnakliyat.com/islemler/ankara/cankaya/mursel-uluc,ankara_district_service,KEEP,200,true,876,0.6720,0.1781,0.8058,https://ankaraozdemirnakliyat.com/islemler/ankara/cankaya/malazgirt,false,false,false,1,65,Ankara Çankaya Mürsel Uluç Evden Eve Nakliyat | Ankara Özdemir Nakliyat,Çankaya Mürsel Uluç . NAKLİYAT,https://ankaraozdemirnakliyat.com/islemler/ankara/cankaya/mursel-uluc,UNKNOWN,UNKNOWN,UNKNOWN,UNKNOWN,UNKNOWN,false
ozdemir,https://ankaraozdemirnakliyat.com/islemler/ankara/cankaya/malazgirt,ankara_district_service,MANUAL_REVIEW,200,true,857,0.7040,0.0502,0.8245,https://ankaraozdemirnakliyat.com/islemler/ankara/cankaya/keklik-pinari,true,false,false,1,65,Ankara Çankaya Malazgirt Evden Eve Nakliyat | Ankara Özdemir Nakliyat,Çankaya Malazgirt . EVDEN EVE,https://ankaraozdemirnakliyat.com/islemler/ankara/cankaya/malazgirt,UNKNOWN,UNKNOWN,UNKNOWN,UNKNOWN,UNKNOWN,false
ozdemir,https://ankaraozdemirnakliyat.com/islemler/ankara/cankaya/keklik-pinari,ankara_district_service,KEEP,200,true,876,0.6720,0.1781,0.8081,https://ankaraozdemirnakliyat.com/islemler/ankara/cankaya/akpinar,false,false,false,1,65,Ankara Çankaya Keklik Pınarı Evden Eve Nakliyat | Ankara Özdemir Nakliyat,Çankaya Keklik Pınarı . LOJİSTİK,https://ankaraozdemirnakliyat.com/islemler/ankara/cankaya/keklik-pinari,UNKNOWN,UNKNOWN,UNKNOWN,UNKNOWN,UNKNOWN,false
ozdemir,https://ankaraozdemirnakliyat.com/islemler/ankara/cankaya/akpinar,ankara_district_service,MANUAL_REVIEW,200,true,856,0.7040,0.1390,0.6658,https://ankaraozdemirnakliyat.com/islemler/ankara/kalecik/ahikemal,true,false,false,1,65,Ankara Çankaya Akpınar Evden Eve Nakliyat | Ankara Özdemir Nakliyat,Çankaya Akpınar . LOJİSTİK,https://ankaraozdemirnakliyat.com/islemler/ankara/cankaya/akpinar,UNKNOWN,UNKNOWN,UNKNOWN,UNKNOWN,UNKNOWN,false
ozdemir,https://ankaraozdemirnakliyat.com/islemler/ankara/cubuk,ankara_district,KEEP,200,true,1454,0.6723,0.3277,0.7000,https://ankaraozdemirnakliyat.com/islemler/ankara/evren,false,false,false,365,53,Çubuk Evden Eve Nakliyat - Asansörlü & Sigortalı | Ankara Özdemir Nakliyat,Çubuk . NAKLİYAT,https://ankaraozdemirnakliyat.com/islemler/ankara/cubuk,UNKNOWN,UNKNOWN,UNKNOWN,UNKNOWN,UNKNOWN,false
ozdemir,https://ankaraozdemirnakliyat.com/islemler/ankara/cubuk/evden-eve-nakliyat,ankara_district_service,KEEP,200,true,1016,0.5630,0.2216,0.7949,https://ankaraozdemirnakliyat.com/islemler/ankara/cubuk/ofis-tasima,false,false,false,27,61,Çubuk Evden Eve Nakliyat | Garantili Hizmet | Ankara Özdemir Nakliyat,Çubuk Evden Eve Nakliyat,https://ankaraozdemirnakliyat.com/islemler/ankara/cubuk/evden-eve-nakliyat,UNKNOWN,UNKNOWN,UNKNOWN,UNKNOWN,UNKNOWN,false
ozdemir,https://ankaraozdemirnakliyat.com/islemler/ankara/cubuk/ofis-tasima,ankara_district_service,KEEP,200,true,995,0.5861,0.1885,0.7600,https://ankaraozdemirnakliyat.com/islemler/ankara/etimesgut/ofis-tasima,false,false,false,27,61,Çubuk Ofis Taşıma | Garantili Hizmet | Ankara Özdemir Nakliyat,Çubuk Ofis Taşıma,https://ankaraozdemirnakliyat.com/islemler/ankara/cubuk/ofis-tasima,UNKNOWN,UNKNOWN,UNKNOWN,UNKNOWN,UNKNOWN,false
ozdemir,https://ankaraozdemirnakliyat.com/islemler/ankara/cubuk/nakliyat-fiyatlari,ankara_district_service,KEEP,200,true,1015,0.5737,0.2004,0.7532,https://ankaraozdemirnakliyat.com/islemler/ankara/etimesgut/nakliyat-fiyatlari,false,false,false,26,61,Çubuk Nakliyat Fiyatları | Garantili Hizmet | Ankara Özdemir Nakliyat,Çubuk Nakliyat Fiyatları,https://ankaraozdemirnakliyat.com/islemler/ankara/cubuk/nakliyat-fiyatlari,UNKNOWN,UNKNOWN,UNKNOWN,UNKNOWN,UNKNOWN,false
ozdemir,https://ankaraozdemirnakliyat.com/islemler/ankara/cubuk/yavuz-selim,ankara_district_service,MERGE,200,true,831,0.7113,0.0637,0.9602,https://ankaraozdemirnakliyat.com/islemler/ankara/cubuk/barbaros,true,true,false,4,50,Ankara Çubuk Yavuz Selim Evden Eve Nakliyat | Ankara Özdemir Nakliyat,Çubuk Yavuz Selim . TAŞIMACILIK,https://ankaraozdemirnakliyat.com/islemler/ankara/cubuk/yavuz-selim,UNKNOWN,UNKNOWN,UNKNOWN,UNKNOWN,UNKNOWN,false
ozdemir,https://ankaraozdemirnakliyat.com/islemler/ankara/cubuk/cumhuriyet,ankara_district_service,MERGE,200,true,813,0.7462,0.0600,0.9518,https://ankaraozdemirnakliyat.com/islemler/ankara/cubuk/barbaros,true,true,false,4,50,Ankara Çubuk Cumhuriyet Evden Eve Nakliyat | Ankara Özdemir Nakliyat,Çubuk Cumhuriyet . EVDEN EVE,https://ankaraozdemirnakliyat.com/islemler/ankara/cubuk/cumhuriyet,UNKNOWN,UNKNOWN,UNKNOWN,UNKNOWN,UNKNOWN,false
ozdemir,https://ankaraozdemirnakliyat.com/islemler/ankara/cubuk/yildirim-beyazit,ankara_district_service,MANUAL_REVIEW,200,true,832,0.7113,0.1938,0.7854,https://ankaraozdemirnakliyat.com/islemler/ankara/cubuk/barbaros,true,false,false,4,50,Ankara Çubuk Yıldırım Beyazıt Evden Eve Nakliyat | Ankara Özdemir Nakliyat,Çubuk Yıldırım Beyazıt . EVDEN EVE,https://ankaraozdemirnakliyat.com/islemler/ankara/cubuk/yildirim-beyazit,UNKNOWN,UNKNOWN,UNKNOWN,UNKNOWN,UNKNOWN,false
ozdemir,https://ankaraozdemirnakliyat.com/islemler/ankara/cubuk/barbaros,ankara_district_service,MANUAL_REVIEW,200,true,812,0.7462,0.1542,0.7870,https://ankaraozdemirnakliyat.com/islemler/ankara/kalecik/ahikemal,true,false,false,4,50,Ankara Çubuk Barbaros Evden Eve Nakliyat | Ankara Özdemir Nakliyat,Çubuk Barbaros . NAKLİYAT,https://ankaraozdemirnakliyat.com/islemler/ankara/cubuk/barbaros,UNKNOWN,UNKNOWN,UNKNOWN,UNKNOWN,UNKNOWN,false
ozdemir,https://ankaraozdemirnakliyat.com/islemler/ankara/elmadag,ankara_district,KEEP,200,true,1446,0.6790,0.3210,0.7141,https://ankaraozdemirnakliyat.com/islemler/ankara/evren,false,false,false,365,53,Elmadağ Evden Eve Nakliyat - Asansörlü & Sigortalı | Ankara Özdemir Nakliyat,Elmadağ . NAKLİYAT,https://ankaraozdemirnakliyat.com/islemler/ankara/elmadag,UNKNOWN,UNKNOWN,UNKNOWN,UNKNOWN,UNKNOWN,false
ozdemir,https://ankaraozdemirnakliyat.com/islemler/ankara/elmadag/evden-eve-nakliyat,ankara_district_service,KEEP,200,true,1016,0.5630,0.2216,0.7949,https://ankaraozdemirnakliyat.com/islemler/ankara/elmadag/ofis-tasima,false,false,false,27,61,Elmadağ Evden Eve Nakliyat | Garantili Hizmet | Ankara Özdemir Nakliyat,Elmadağ Evden Eve Nakliyat,https://ankaraozdemirnakliyat.com/islemler/ankara/elmadag/evden-eve-nakliyat,UNKNOWN,UNKNOWN,UNKNOWN,UNKNOWN,UNKNOWN,false
ozdemir,https://ankaraozdemirnakliyat.com/islemler/ankara/elmadag/ofis-tasima,ankara_district_service,KEEP,200,true,995,0.5861,0.1885,0.7620,https://ankaraozdemirnakliyat.com/islemler/ankara/etimesgut/ofis-tasima,false,false,false,27,61,Elmadağ Ofis Taşıma | Garantili Hizmet | Ankara Özdemir Nakliyat,Elmadağ Ofis Taşıma,https://ankaraozdemirnakliyat.com/islemler/ankara/elmadag/ofis-tasima,UNKNOWN,UNKNOWN,UNKNOWN,UNKNOWN,UNKNOWN,false
ozdemir,https://ankaraozdemirnakliyat.com/islemler/ankara/elmadag/nakliyat-fiyatlari,ankara_district_service,KEEP,200,true,1015,0.5737,0.2004,0.7551,https://ankaraozdemirnakliyat.com/islemler/ankara/etimesgut/nakliyat-fiyatlari,false,false,false,26,61,Elmadağ Nakliyat Fiyatları | Garantili Hizmet | Ankara Özdemir Nakliyat,Elmadağ Nakliyat Fiyatları,https://ankaraozdemirnakliyat.com/islemler/ankara/elmadag/nakliyat-fiyatlari,UNKNOWN,UNKNOWN,UNKNOWN,UNKNOWN,UNKNOWN,false
ozdemir,https://ankaraozdemirnakliyat.com/islemler/ankara/elmadag/yenimahalle,ankara_district_service,MERGE,200,true,804,0.7629,0.1506,0.9656,https://ankaraozdemirnakliyat.com/islemler/ankara/elmadag/lalabel,true,true,false,4,50,Ankara Elmadağ Yenimahalle Evden Eve Nakliyat | Ankara Özdemir Nakliyat,Elmadağ Yenimahalle . TAŞIMACILIK,https://ankaraozdemirnakliyat.com/islemler/ankara/elmadag/yenimahalle,UNKNOWN,UNKNOWN,UNKNOWN,UNKNOWN,UNKNOWN,false
ozdemir,https://ankaraozdemirnakliyat.com/islemler/ankara/elmadag/tatlica,ankara_district_service,MANUAL_REVIEW,200,true,804,0.7629,0.1506,0.8027,https://ankaraozdemirnakliyat.com/islemler/ankara/elmadag/lalabel,true,false,false,4,50,Ankara Elmadağ Tatlıca Evden Eve Nakliyat | Ankara Özdemir Nakliyat,Elmadağ Tatlıca . LOJİSTİK,https://ankaraozdemirnakliyat.com/islemler/ankara/elmadag/tatlica,UNKNOWN,UNKNOWN,UNKNOWN,UNKNOWN,UNKNOWN,false
ozdemir,https://ankaraozdemirnakliyat.com/islemler/ankara/elmadag/hasanoglan,ankara_district_service,MANUAL_REVIEW,200,true,804,0.7629,0.1506,0.8062,https://ankaraozdemirnakliyat.com/islemler/ankara/elmadag/lalabel,true,false,false,4,50,Ankara Elmadağ Hasanoğlan Evden Eve Nakliyat | Ankara Özdemir Nakliyat,Elmadağ Hasanoğlan . NAKLİYAT,https://ankaraozdemirnakliyat.com/islemler/ankara/elmadag/hasanoglan,UNKNOWN,UNKNOWN,UNKNOWN,UNKNOWN,UNKNOWN,false
ozdemir,https://ankaraozdemirnakliyat.com/islemler/ankara/elmadag/lalabel,ankara_district_service,MANUAL_REVIEW,200,true,804,0.7629,0.1506,0.7980,https://ankaraozdemirnakliyat.com/islemler/ankara/kalecik/ahikemal,true,false,false,4,50,Ankara Elmadağ Lalabel Evden Eve Nakliyat | Ankara Özdemir Nakliyat,Elmadağ Lalabel . TAŞIMACILIK,https://ankaraozdemirnakliyat.com/islemler/ankara/elmadag/lalabel,UNKNOWN,UNKNOWN,UNKNOWN,UNKNOWN,UNKNOWN,false
ozdemir,https://ankaraozdemirnakliyat.com/islemler/ankara/etimesgut,ankara_district,MANUAL_REVIEW,200,true,1479,0.6597,0.3403,0.8839,https://ankaraozdemirnakliyat.com/islemler/ankara/evren,true,false,false,365,62,Etimesgut Evden Eve Nakliyat - Asansörlü & Sigortalı | Ankara Özdemir Nakliyat,Etimesgut . NAKLİYAT,https://ankaraozdemirnakliyat.com/islemler/ankara/etimesgut,UNKNOWN,UNKNOWN,UNKNOWN,UNKNOWN,UNKNOWN,false
ozdemir,https://ankaraozdemirnakliyat.com/islemler/ankara/etimesgut/evden-eve-nakliyat,ankara_district_service,MERGE,200,true,1016,0.5630,0.2216,0.9872,https://ankaraozdemirnakliyat.com/islemler/ankara/evren/evden-eve-nakliyat,true,true,false,27,61,Etimesgut Evden Eve Nakliyat | Garantili Hizmet | Ankara Özdemir Nakliyat,Etimesgut Evden Eve Nakliyat,https://ankaraozdemirnakliyat.com/islemler/ankara/etimesgut/evden-eve-nakliyat,UNKNOWN,UNKNOWN,UNKNOWN,UNKNOWN,UNKNOWN,false
ozdemir,https://ankaraozdemirnakliyat.com/islemler/ankara/etimesgut/ofis-tasima,ankara_district_service,MERGE,200,true,995,0.5861,0.1885,0.9871,https://ankaraozdemirnakliyat.com/islemler/ankara/evren/ofis-tasima,true,true,false,27,61,Etimesgut Ofis Taşıma | Garantili Hizmet | Ankara Özdemir Nakliyat,Etimesgut Ofis Taşıma,https://ankaraozdemirnakliyat.com/islemler/ankara/etimesgut/ofis-tasima,UNKNOWN,UNKNOWN,UNKNOWN,UNKNOWN,UNKNOWN,false
ozdemir,https://ankaraozdemirnakliyat.com/islemler/ankara/etimesgut/nakliyat-fiyatlari,ankara_district_service,MERGE,200,true,1015,0.5737,0.2004,0.9876,https://ankaraozdemirnakliyat.com/islemler/ankara/evren/nakliyat-fiyatlari,true,true,false,26,61,Etimesgut Nakliyat Fiyatları | Garantili Hizmet | Ankara Özdemir Nakliyat,Etimesgut Nakliyat Fiyatları,https://ankaraozdemirnakliyat.com/islemler/ankara/etimesgut/nakliyat-fiyatlari,UNKNOWN,UNKNOWN,UNKNOWN,UNKNOWN,UNKNOWN,false
ozdemir,https://ankaraozdemirnakliyat.com/islemler/ankara/etimesgut/eryaman,ankara_district_service,MERGE,200,true,837,0.7216,0.1609,0.9480,https://ankaraozdemirnakliyat.com/islemler/ankara/etimesgut/piyade,true,true,false,13,59,Ankara Etimesgut Eryaman Evden Eve Nakliyat | Ankara Özdemir Nakliyat,Etimesgut Eryaman . TAŞIMACILIK,https://ankaraozdemirnakliyat.com/islemler/ankara/etimesgut/eryaman,UNKNOWN,UNKNOWN,UNKNOWN,UNKNOWN,UNKNOWN,false
ozdemir,https://ankaraozdemirnakliyat.com/islemler/ankara/etimesgut/baglica,ankara_district_service,MANUAL_REVIEW,200,true,838,0.7216,0.1609,0.8111,https://ankaraozdemirnakliyat.com/islemler/ankara/etimesgut/piyade,true,false,false,13,59,Ankara Etimesgut Bağlıca Evden Eve Nakliyat | Ankara Özdemir Nakliyat,Etimesgut Bağlıca . EVDEN EVE,https://ankaraozdemirnakliyat.com/islemler/ankara/etimesgut/baglica,UNKNOWN,UNKNOWN,UNKNOWN,UNKNOWN,UNKNOWN,false
ozdemir,https://ankaraozdemirnakliyat.com/islemler/ankara/etimesgut/elvankent,ankara_district_service,MERGE,200,true,837,0.7216,0.1609,0.9536,https://ankaraozdemirnakliyat.com/islemler/ankara/etimesgut/piyade,true,true,false,13,59,Ankara Etimesgut Elvankent Evden Eve Nakliyat | Ankara Özdemir Nakliyat,Etimesgut Elvankent . NAKLİYAT,https://ankaraozdemirnakliyat.com/islemler/ankara/etimesgut/elvankent,UNKNOWN,UNKNOWN,UNKNOWN,UNKNOWN,UNKNOWN,false
ozdemir,https://ankaraozdemirnakliyat.com/islemler/ankara/etimesgut/guzelkent,ankara_district_service,MANUAL_REVIEW,200,true,837,0.7216,0.1609,0.8181,https://ankaraozdemirnakliyat.com/islemler/ankara/etimesgut/piyade,true,false,false,13,59,Ankara Etimesgut Güzelkent Evden Eve Nakliyat | Ankara Özdemir Nakliyat,Etimesgut Güzelkent . NAKLİYAT,https://ankaraozdemirnakliyat.com/islemler/ankara/etimesgut/guzelkent,UNKNOWN,UNKNOWN,UNKNOWN,UNKNOWN,UNKNOWN,false
ozdemir,https://ankaraozdemirnakliyat.com/islemler/ankara/etimesgut/seker,ankara_district_service,MANUAL_REVIEW,200,true,837,0.7216,0.1609,0.8205,https://ankaraozdemirnakliyat.com/islemler/ankara/etimesgut/piyade,true,false,false,13,59,Ankara Etimesgut Şeker Evden Eve Nakliyat | Ankara Özdemir Nakliyat,Etimesgut Şeker . TAŞIMACILIK,https://ankaraozdemirnakliyat.com/islemler/ankara/etimesgut/seker,UNKNOWN,UNKNOWN,UNKNOWN,UNKNOWN,UNKNOWN,false
ozdemir,https://ankaraozdemirnakliyat.com/islemler/ankara/etimesgut/piyade,ankara_district_service,MERGE,200,true,837,0.7216,0.1609,0.9737,https://ankaraozdemirnakliyat.com/islemler/ankara/etimesgut/istasyon,true,true,false,13,59,Ankara Etimesgut Piyade Evden Eve Nakliyat | Ankara Özdemir Nakliyat,Etimesgut Piyade . NAKLİYAT,https://ankaraozdemirnakliyat.com/islemler/ankara/etimesgut/piyade,UNKNOWN,UNKNOWN,UNKNOWN,UNKNOWN,UNKNOWN,false
ozdemir,https://ankaraozdemirnakliyat.com/islemler/ankara/etimesgut/topcu,ankara_district_service,MANUAL_REVIEW,200,true,838,0.7216,0.1609,0.8087,https://ankaraozdemirnakliyat.com/islemler/ankara/etimesgut/istasyon,true,false,false,13,59,Ankara Etimesgut Topçu Evden Eve Nakliyat | Ankara Özdemir Nakliyat,Etimesgut Topçu . EVDEN EVE,https://ankaraozdemirnakliyat.com/islemler/ankara/etimesgut/topcu,UNKNOWN,UNKNOWN,UNKNOWN,UNKNOWN,UNKNOWN,false
ozdemir,https://ankaraozdemirnakliyat.com/islemler/ankara/etimesgut/ayyildiz,ankara_district_service,MANUAL_REVIEW,200,true,838,0.7216,0.1609,0.8100,https://ankaraozdemirnakliyat.com/islemler/ankara/etimesgut/alsancak,true,false,false,13,59,Ankara Etimesgut Ayyıldız Evden Eve Nakliyat | Ankara Özdemir Nakliyat,Etimesgut Ayyıldız . EVDEN EVE,https://ankaraozdemirnakliyat.com/islemler/ankara/etimesgut/ayyildiz,UNKNOWN,UNKNOWN,UNKNOWN,UNKNOWN,UNKNOWN,false
ozdemir,https://ankaraozdemirnakliyat.com/islemler/ankara/etimesgut/yapracik,ankara_district_service,MANUAL_REVIEW,200,true,837,0.7216,0.1609,0.8146,https://ankaraozdemirnakliyat.com/islemler/ankara/etimesgut/alsancak,true,false,false,13,59,Ankara Etimesgut Yapracık Evden Eve Nakliyat | Ankara Özdemir Nakliyat,Etimesgut Yapracık . NAKLİYAT,https://ankaraozdemirnakliyat.com/islemler/ankara/etimesgut/yapracik,UNKNOWN,UNKNOWN,UNKNOWN,UNKNOWN,UNKNOWN,false
ozdemir,https://ankaraozdemirnakliyat.com/islemler/ankara/etimesgut/30-agustos,ankara_district_service,MANUAL_REVIEW,200,true,856,0.6889,0.1990,0.8181,https://ankaraozdemirnakliyat.com/islemler/ankara/etimesgut/alsancak,true,false,false,13,59,Ankara Etimesgut 30 Ağustos Evden Eve Nakliyat | Ankara Özdemir Nakliyat,Etimesgut 30 Ağustos . TAŞIMACILIK,https://ankaraozdemirnakliyat.com/islemler/ankara/etimesgut/30-agustos,UNKNOWN,UNKNOWN,UNKNOWN,UNKNOWN,UNKNOWN,false
ozdemir,https://ankaraozdemirnakliyat.com/islemler/ankara/etimesgut/alsancak,ankara_district_service,MERGE,200,true,837,0.7216,0.1609,0.9780,https://ankaraozdemirnakliyat.com/islemler/ankara/etimesgut/istasyon,true,true,false,13,59,Ankara Etimesgut Alsancak Evden Eve Nakliyat | Ankara Özdemir Nakliyat,Etimesgut Alsancak . LOJİSTİK,https://ankaraozdemirnakliyat.com/islemler/ankara/etimesgut/alsancak,UNKNOWN,UNKNOWN,UNKNOWN,UNKNOWN,UNKNOWN,false
ozdemir,https://ankaraozdemirnakliyat.com/islemler/ankara/etimesgut/istasyon,ankara_district_service,MANUAL_REVIEW,200,true,837,0.7216,0.0699,0.8224,https://ankaraozdemirnakliyat.com/islemler/ankara/evren/modern,true,false,false,13,59,Ankara Etimesgut İstasyon Evden Eve Nakliyat | Ankara Özdemir Nakliyat,Etimesgut İstasyon . TAŞIMACILIK,https://ankaraozdemirnakliyat.com/islemler/ankara/etimesgut/istasyon,UNKNOWN,UNKNOWN,UNKNOWN,UNKNOWN,UNKNOWN,false
ozdemir,https://ankaraozdemirnakliyat.com/islemler/ankara/etimesgut/kazim-karabekir,ankara_district_service,MANUAL_REVIEW,200,true,856,0.6889,0.1990,0.7668,https://ankaraozdemirnakliyat.com/islemler/ankara/mamak/kazim-orbay,true,false,false,13,59,Ankara Etimesgut Kazım Karabekir Evden Eve Nakliyat | Ankara Özdemir Nakliyat,Etimesgut Kazım Karabekir . NAKLİYAT,https://ankaraozdemirnakliyat.com/islemler/ankara/etimesgut/kazim-karabekir,UNKNOWN,UNKNOWN,UNKNOWN,UNKNOWN,UNKNOWN,false
ozdemir,https://ankaraozdemirnakliyat.com/islemler/ankara/evren,ankara_district,MANUAL_REVIEW,200,true,1428,0.6869,0.3131,0.9122,https://ankaraozdemirnakliyat.com/islemler/ankara/kalecik,true,false,false,365,51,Evren Evden Eve Nakliyat - Asansörlü & Sigortalı | Ankara Özdemir Nakliyat,Evren . NAKLİYAT,https://ankaraozdemirnakliyat.com/islemler/ankara/evren,UNKNOWN,UNKNOWN,UNKNOWN,UNKNOWN,UNKNOWN,false
ozdemir,https://ankaraozdemirnakliyat.com/islemler/ankara/evren/evden-eve-nakliyat,ankara_district_service,MERGE,200,true,1016,0.5630,0.2216,0.9846,https://ankaraozdemirnakliyat.com/islemler/ankara/haymana/evden-eve-nakliyat,true,true,false,27,61,Evren Evden Eve Nakliyat | Garantili Hizmet | Ankara Özdemir Nakliyat,Evren Evden Eve Nakliyat,https://ankaraozdemirnakliyat.com/islemler/ankara/evren/evden-eve-nakliyat,UNKNOWN,UNKNOWN,UNKNOWN,UNKNOWN,UNKNOWN,false
ozdemir,https://ankaraozdemirnakliyat.com/islemler/ankara/evren/ofis-tasima,ankara_district_service,MERGE,200,true,995,0.5861,0.1885,0.9846,https://ankaraozdemirnakliyat.com/islemler/ankara/haymana/ofis-tasima,true,true,false,27,61,Evren Ofis Taşıma | Garantili Hizmet | Ankara Özdemir Nakliyat,Evren Ofis Taşıma,https://ankaraozdemirnakliyat.com/islemler/ankara/evren/ofis-tasima,UNKNOWN,UNKNOWN,UNKNOWN,UNKNOWN,UNKNOWN,false
ozdemir,https://ankaraozdemirnakliyat.com/islemler/ankara/evren/nakliyat-fiyatlari,ankara_district_service,MERGE,200,true,1015,0.5737,0.2004,0.9851,https://ankaraozdemirnakliyat.com/islemler/ankara/haymana/nakliyat-fiyatlari,true,true,false,26,61,Evren Nakliyat Fiyatları | Garantili Hizmet | Ankara Özdemir Nakliyat,Evren Nakliyat Fiyatları,https://ankaraozdemirnakliyat.com/islemler/ankara/evren/nakliyat-fiyatlari,UNKNOWN,UNKNOWN,UNKNOWN,UNKNOWN,UNKNOWN,false
ozdemir,https://ankaraozdemirnakliyat.com/islemler/ankara/evren/modern,ankara_district_service,MANUAL_REVIEW,200,true,786,0.7748,0.1530,0.8786,https://ankaraozdemirnakliyat.com/islemler/ankara/kalecik/ahikemal,true,false,false,2,48,Ankara Evren Modern Evden Eve Nakliyat | Ankara Özdemir Nakliyat,Evren Modern . TAŞIMACILIK,https://ankaraozdemirnakliyat.com/islemler/ankara/evren/modern,UNKNOWN,UNKNOWN,UNKNOWN,UNKNOWN,UNKNOWN,false
ozdemir,https://ankaraozdemirnakliyat.com/islemler/ankara/evren/cikinagil,ankara_district_service,MANUAL_REVIEW,200,true,787,0.7748,0.1530,0.7310,https://ankaraozdemirnakliyat.com/islemler/ankara/kalecik/ahikemal,true,false,false,2,48,Ankara Evren Çıkinağıl Evden Eve Nakliyat | Ankara Özdemir Nakliyat,Evren Çıkinağıl . EVDEN EVE,https://ankaraozdemirnakliyat.com/islemler/ankara/evren/cikinagil,UNKNOWN,UNKNOWN,UNKNOWN,UNKNOWN,UNKNOWN,false
ozdemir,https://ankaraozdemirnakliyat.com/islemler/ankara/golbasi,ankara_district,KEEP,200,true,1464,0.6672,0.3328,0.6998,https://ankaraozdemirnakliyat.com/islemler/ankara/kalecik,false,false,false,365,58,Gölbaşı Evden Eve Nakliyat - Asansörlü & Sigortalı | Ankara Özdemir Nakliyat,Gölbaşı . NAKLİYAT,https://ankaraozdemirnakliyat.com/islemler/ankara/golbasi,UNKNOWN,UNKNOWN,UNKNOWN,UNKNOWN,UNKNOWN,false
ozdemir,https://ankaraozdemirnakliyat.com/islemler/ankara/golbasi/evden-eve-nakliyat,ankara_district_service,KEEP,200,true,1016,0.5630,0.2216,0.7949,https://ankaraozdemirnakliyat.com/islemler/ankara/golbasi/ofis-tasima,false,false,false,27,61,Gölbaşı Evden Eve Nakliyat | Garantili Hizmet | Ankara Özdemir Nakliyat,Gölbaşı Evden Eve Nakliyat,https://ankaraozdemirnakliyat.com/islemler/ankara/golbasi/evden-eve-nakliyat,UNKNOWN,UNKNOWN,UNKNOWN,UNKNOWN,UNKNOWN,false
ozdemir,https://ankaraozdemirnakliyat.com/islemler/ankara/golbasi/ofis-tasima,ankara_district_service,KEEP,200,true,995,0.5861,0.1885,0.7679,https://ankaraozdemirnakliyat.com/islemler/ankara/haymana/ofis-tasima,false,false,false,27,61,Gölbaşı Ofis Taşıma | Garantili Hizmet | Ankara Özdemir Nakliyat,Gölbaşı Ofis Taşıma,https://ankaraozdemirnakliyat.com/islemler/ankara/golbasi/ofis-tasima,UNKNOWN,UNKNOWN,UNKNOWN,UNKNOWN,UNKNOWN,false
ozdemir,https://ankaraozdemirnakliyat.com/islemler/ankara/golbasi/nakliyat-fiyatlari,ankara_district_service,KEEP,200,true,1015,0.5737,0.2004,0.7608,https://ankaraozdemirnakliyat.com/islemler/ankara/haymana/nakliyat-fiyatlari,false,false,false,26,61,Gölbaşı Nakliyat Fiyatları | Garantili Hizmet | Ankara Özdemir Nakliyat,Gölbaşı Nakliyat Fiyatları,https://ankaraozdemirnakliyat.com/islemler/ankara/golbasi/nakliyat-fiyatlari,UNKNOWN,UNKNOWN,UNKNOWN,UNKNOWN,UNKNOWN,false
ozdemir,https://ankaraozdemirnakliyat.com/islemler/ankara/golbasi/incek,ankara_district_service,MERGE,200,true,822,0.7362,0.1561,0.9504,https://ankaraozdemirnakliyat.com/islemler/ankara/golbasi/eymir,true,true,false,9,55,Ankara Gölbaşı İncek Evden Eve Nakliyat | Ankara Özdemir Nakliyat,Gölbaşı İncek . TAŞIMACILIK,https://ankaraozdemirnakliyat.com/islemler/ankara/golbasi/incek,UNKNOWN,UNKNOWN,UNKNOWN,UNKNOWN,UNKNOWN,false
ozdemir,https://ankaraozdemirnakliyat.com/islemler/ankara/golbasi/tuluntas,ankara_district_service,MANUAL_REVIEW,200,true,822,0.7362,0.1561,0.8035,https://ankaraozdemirnakliyat.com/islemler/ankara/golbasi/eymir,true,false,false,9,55,Ankara Gölbaşı Tuluntaş Evden Eve Nakliyat | Ankara Özdemir Nakliyat,Gölbaşı Tuluntaş . NAKLİYAT,https://ankaraozdemirnakliyat.com/islemler/ankara/golbasi/tuluntas,UNKNOWN,UNKNOWN,UNKNOWN,UNKNOWN,UNKNOWN,false
ozdemir,https://ankaraozdemirnakliyat.com/islemler/ankara/golbasi/kizilcasar,ankara_district_service,MANUAL_REVIEW,200,true,822,0.7362,0.1561,0.8059,https://ankaraozdemirnakliyat.com/islemler/ankara/golbasi/eymir,true,false,false,9,55,Ankara Gölbaşı Kızılcaşar Evden Eve Nakliyat | Ankara Özdemir Nakliyat,Gölbaşı Kızılcaşar . TAŞIMACILIK,https://ankaraozdemirnakliyat.com/islemler/ankara/golbasi/kizilcasar,UNKNOWN,UNKNOWN,UNKNOWN,UNKNOWN,UNKNOWN,false
ozdemir,https://ankaraozdemirnakliyat.com/islemler/ankara/golbasi/karsiyaka,ankara_district_service,MANUAL_REVIEW,200,true,822,0.7362,0.0633,0.8083,https://ankaraozdemirnakliyat.com/islemler/ankara/golbasi/eymir,true,false,false,9,55,Ankara Gölbaşı Karşıyaka Evden Eve Nakliyat | Ankara Özdemir Nakliyat,Gölbaşı Karşıyaka . NAKLİYAT,https://ankaraozdemirnakliyat.com/islemler/ankara/golbasi/karsiyaka,UNKNOWN,UNKNOWN,UNKNOWN,UNKNOWN,UNKNOWN,false
ozdemir,https://ankaraozdemirnakliyat.com/islemler/ankara/golbasi/eymir,ankara_district_service,MANUAL_REVIEW,200,true,822,0.7362,0.1561,0.8083,https://ankaraozdemirnakliyat.com/islemler/ankara/golbasi/safak,true,false,false,9,55,Ankara Gölbaşı Eymir Evden Eve Nakliyat | Ankara Özdemir Nakliyat,Gölbaşı Eymir . LOJİSTİK,https://ankaraozdemirnakliyat.com/islemler/ankara/golbasi/eymir,UNKNOWN,UNKNOWN,UNKNOWN,UNKNOWN,UNKNOWN,false
ozdemir,https://ankaraozdemirnakliyat.com/islemler/ankara/golbasi/safak,ankara_district_service,MANUAL_REVIEW,200,true,822,0.7362,0.1561,0.7883,https://ankaraozdemirnakliyat.com/islemler/ankara/golbasi/segmenler,true,false,false,9,55,Ankara Gölbaşı Şafak Evden Eve Nakliyat | Ankara Özdemir Nakliyat,Gölbaşı Şafak . TAŞIMACILIK,https://ankaraozdemirnakliyat.com/islemler/ankara/golbasi/safak,UNKNOWN,UNKNOWN,UNKNOWN,UNKNOWN,UNKNOWN,false
ozdemir,https://ankaraozdemirnakliyat.com/islemler/ankara/golbasi/segmenler,ankara_district_service,MANUAL_REVIEW,200,true,822,0.7362,0.1561,0.7896,https://ankaraozdemirnakliyat.com/islemler/ankara/golbasi/gaziosmanpasa,true,false,false,9,55,Ankara Gölbaşı Seğmenler Evden Eve Nakliyat | Ankara Özdemir Nakliyat,Gölbaşı Seğmenler . LOJİSTİK,https://ankaraozdemirnakliyat.com/islemler/ankara/golbasi/segmenler,UNKNOWN,UNKNOWN,UNKNOWN,UNKNOWN,UNKNOWN,false
ozdemir,https://ankaraozdemirnakliyat.com/islemler/ankara/golbasi/gaziosmanpasa,ankara_district_service,MANUAL_REVIEW,200,true,822,0.7362,0.0633,0.7896,https://ankaraozdemirnakliyat.com/islemler/ankara/golbasi/bahcelievler,true,false,false,9,55,Ankara Gölbaşı Gaziosmanpaşa Evden Eve Nakliyat | Ankara Özdemir Nakliyat,Gölbaşı Gaziosmanpaşa . LOJİSTİK,https://ankaraozdemirnakliyat.com/islemler/ankara/golbasi/gaziosmanpasa,UNKNOWN,UNKNOWN,UNKNOWN,UNKNOWN,UNKNOWN,false
ozdemir,https://ankaraozdemirnakliyat.com/islemler/ankara/golbasi/bahcelievler,ankara_district_service,MANUAL_REVIEW,200,true,822,0.7362,0.0633,0.6889,https://ankaraozdemirnakliyat.com/islemler/ankara/kalecik/ahikemal,true,false,false,9,55,Ankara Gölbaşı Bahçelievler Evden Eve Nakliyat | Ankara Özdemir Nakliyat,Gölbaşı Bahçelievler . LOJİSTİK,https://ankaraozdemirnakliyat.com/islemler/ankara/golbasi/bahcelievler,UNKNOWN,UNKNOWN,UNKNOWN,UNKNOWN,UNKNOWN,false
ozdemir,https://ankaraozdemirnakliyat.com/islemler/ankara/gudul,ankara_district,MANUAL_REVIEW,200,true,1423,0.6901,0.3099,0.7263,https://ankaraozdemirnakliyat.com/islemler/ankara/kalecik,true,false,false,365,52,Güdül Evden Eve Nakliyat - Asansörlü & Sigortalı | Ankara Özdemir Nakliyat,Güdül . NAKLİYAT,https://ankaraozdemirnakliyat.com/islemler/ankara/gudul,UNKNOWN,UNKNOWN,UNKNOWN,UNKNOWN,UNKNOWN,false
ozdemir,https://ankaraozdemirnakliyat.com/islemler/ankara/gudul/evden-eve-nakliyat,ankara_district_service,KEEP,200,true,1016,0.5630,0.2216,0.7949,https://ankaraozdemirnakliyat.com/islemler/ankara/gudul/ofis-tasima,false,false,false,15,61,Güdül Evden Eve Nakliyat | Garantili Hizmet | Ankara Özdemir Nakliyat,Güdül Evden Eve Nakliyat,https://ankaraozdemirnakliyat.com/islemler/ankara/gudul/evden-eve-nakliyat,UNKNOWN,UNKNOWN,UNKNOWN,UNKNOWN,UNKNOWN,false
ozdemir,https://ankaraozdemirnakliyat.com/islemler/ankara/gudul/ofis-tasima,ankara_district_service,KEEP,200,true,995,0.5861,0.1885,0.7699,https://ankaraozdemirnakliyat.com/islemler/ankara/haymana/ofis-tasima,false,false,false,15,61,Güdül Ofis Taşıma | Garantili Hizmet | Ankara Özdemir Nakliyat,Güdül Ofis Taşıma,https://ankaraozdemirnakliyat.com/islemler/ankara/gudul/ofis-tasima,UNKNOWN,UNKNOWN,UNKNOWN,UNKNOWN,UNKNOWN,false
ozdemir,https://ankaraozdemirnakliyat.com/islemler/ankara/gudul/nakliyat-fiyatlari,ankara_district_service,KEEP,200,true,1015,0.5737,0.2004,0.7627,https://ankaraozdemirnakliyat.com/islemler/ankara/haymana/nakliyat-fiyatlari,false,false,false,14,61,Güdül Nakliyat Fiyatları | Garantili Hizmet | Ankara Özdemir Nakliyat,Güdül Nakliyat Fiyatları,https://ankaraozdemirnakliyat.com/islemler/ankara/gudul/nakliyat-fiyatlari,UNKNOWN,UNKNOWN,UNKNOWN,UNKNOWN,UNKNOWN,false
ozdemir,https://ankaraozdemirnakliyat.com/islemler/ankara/gudul/asagi,ankara_district_service,MANUAL_REVIEW,200,true,781,0.7814,0.1543,0.7799,https://ankaraozdemirnakliyat.com/islemler/ankara/gudul/yukari,true,false,false,3,49,Ankara Güdül Aşağı Evden Eve Nakliyat | Ankara Özdemir Nakliyat,Güdül Aşağı . TAŞIMACILIK,https://ankaraozdemirnakliyat.com/islemler/ankara/gudul/asagi,UNKNOWN,UNKNOWN,UNKNOWN,UNKNOWN,UNKNOWN,false
ozdemir,https://ankaraozdemirnakliyat.com/islemler/ankara/gudul/yukari,ankara_district_service,MANUAL_REVIEW,200,true,781,0.7814,0.1543,0.7790,https://ankaraozdemirnakliyat.com/islemler/ankara/gudul/yeni,true,false,false,3,49,Ankara Güdül Yukarı Evden Eve Nakliyat | Ankara Özdemir Nakliyat,Güdül Yukarı . TAŞIMACILIK,https://ankaraozdemirnakliyat.com/islemler/ankara/gudul/yukari,UNKNOWN,UNKNOWN,UNKNOWN,UNKNOWN,UNKNOWN,false
ozdemir,https://ankaraozdemirnakliyat.com/islemler/ankara/gudul/yeni,ankara_district_service,MANUAL_REVIEW,200,true,781,0.7814,0.0557,0.8101,https://ankaraozdemirnakliyat.com/islemler/ankara/kalecik/ahikemal,true,false,false,3,49,Ankara Güdül Yeni Evden Eve Nakliyat | Ankara Özdemir Nakliyat,Güdül Yeni . TAŞIMACILIK,https://ankaraozdemirnakliyat.com/islemler/ankara/gudul/yeni,UNKNOWN,UNKNOWN,UNKNOWN,UNKNOWN,UNKNOWN,false
ozdemir,https://ankaraozdemirnakliyat.com/islemler/ankara/haymana,ankara_district,MANUAL_REVIEW,200,true,1437,0.6827,0.3173,0.9102,https://ankaraozdemirnakliyat.com/islemler/ankara/kalecik,true,false,false,365,52,Haymana Evden Eve Nakliyat - Asansörlü & Sigortalı | Ankara Özdemir Nakliyat,Haymana . NAKLİYAT,https://ankaraozdemirnakliyat.com/islemler/ankara/haymana,UNKNOWN,UNKNOWN,UNKNOWN,UNKNOWN,UNKNOWN,false
ozdemir,https://ankaraozdemirnakliyat.com/islemler/ankara/haymana/evden-eve-nakliyat,ankara_district_service,MERGE,200,true,1016,0.5630,0.2216,1.0000,https://ankaraozdemirnakliyat.com/islemler/ankara/kahramankazan/evden-eve-nakliyat,true,true,false,3,61,Haymana Evden Eve Nakliyat | Garantili Hizmet | Ankara Özdemir Nakliyat,Haymana Evden Eve Nakliyat,https://ankaraozdemirnakliyat.com/islemler/ankara/haymana/evden-eve-nakliyat,UNKNOWN,UNKNOWN,UNKNOWN,UNKNOWN,UNKNOWN,false
ozdemir,https://ankaraozdemirnakliyat.com/islemler/ankara/haymana/ofis-tasima,ankara_district_service,MERGE,200,true,995,0.5861,0.1885,1.0000,https://ankaraozdemirnakliyat.com/islemler/ankara/kahramankazan/ofis-tasima,true,true,false,3,61,Haymana Ofis Taşıma | Garantili Hizmet | Ankara Özdemir Nakliyat,Haymana Ofis Taşıma,https://ankaraozdemirnakliyat.com/islemler/ankara/haymana/ofis-tasima,UNKNOWN,UNKNOWN,UNKNOWN,UNKNOWN,UNKNOWN,false
ozdemir,https://ankaraozdemirnakliyat.com/islemler/ankara/haymana/nakliyat-fiyatlari,ankara_district_service,MERGE,200,true,1015,0.5737,0.2004,1.0000,https://ankaraozdemirnakliyat.com/islemler/ankara/kahramankazan/nakliyat-fiyatlari,true,true,false,2,61,Haymana Nakliyat Fiyatları | Garantili Hizmet | Ankara Özdemir Nakliyat,Haymana Nakliyat Fiyatları,https://ankaraozdemirnakliyat.com/islemler/ankara/haymana/nakliyat-fiyatlari,UNKNOWN,UNKNOWN,UNKNOWN,UNKNOWN,UNKNOWN,false
ozdemir,https://ankaraozdemirnakliyat.com/islemler/ankara/haymana/seyran,ankara_district_service,MERGE,200,true,795,0.7661,0.1513,0.9616,https://ankaraozdemirnakliyat.com/islemler/ankara/haymana/medrese,true,true,false,3,49,Ankara Haymana Seyran Evden Eve Nakliyat | Ankara Özdemir Nakliyat,Haymana Seyran . LOJİSTİK,https://ankaraozdemirnakliyat.com/islemler/ankara/haymana/seyran,UNKNOWN,UNKNOWN,UNKNOWN,UNKNOWN,UNKNOWN,false
ozdemir,https://ankaraozdemirnakliyat.com/islemler/ankara/haymana/medrese,ankara_district_service,MANUAL_REVIEW,200,true,795,0.7661,0.1513,0.8683,https://ankaraozdemirnakliyat.com/islemler/ankara/kalecik/ahikemal,true,false,false,3,49,Ankara Haymana Medrese Evden Eve Nakliyat | Ankara Özdemir Nakliyat,Haymana Medrese . TAŞIMACILIK,https://ankaraozdemirnakliyat.com/islemler/ankara/haymana/medrese,UNKNOWN,UNKNOWN,UNKNOWN,UNKNOWN,UNKNOWN,false
ozdemir,https://ankaraozdemirnakliyat.com/islemler/ankara/haymana/caldag,ankara_district_service,MANUAL_REVIEW,200,true,795,0.7661,0.1513,0.7221,https://ankaraozdemirnakliyat.com/islemler/ankara/kalecik/ahikemal,true,false,false,3,49,Ankara Haymana Çaldağ Evden Eve Nakliyat | Ankara Özdemir Nakliyat,Haymana Çaldağ . NAKLİYAT,https://ankaraozdemirnakliyat.com/islemler/ankara/haymana/caldag,UNKNOWN,UNKNOWN,UNKNOWN,UNKNOWN,UNKNOWN,false
ozdemir,https://ankaraozdemirnakliyat.com/islemler/ankara/kahramankazan,ankara_district,MANUAL_REVIEW,200,true,1450,0.6743,0.3257,0.9032,https://ankaraozdemirnakliyat.com/islemler/ankara/kalecik,true,false,false,365,53,Kahramankazan Evden Eve Nakliyat - Asansörlü & Sigortalı | Ankara Özdemir Nakliyat,Kahramankazan . NAKLİYAT,https://ankaraozdemirnakliyat.com/islemler/ankara/kahramankazan,UNKNOWN,UNKNOWN,UNKNOWN,UNKNOWN,UNKNOWN,false
ozdemir,https://ankaraozdemirnakliyat.com/islemler/ankara/kahramankazan/evden-eve-nakliyat,ankara_district_service,MERGE,200,true,1016,0.5630,0.2216,1.0000,https://ankaraozdemirnakliyat.com/islemler/ankara/kalecik/evden-eve-nakliyat,true,true,false,3,61,Kahramankazan Evden Eve Nakliyat | Garantili Hizmet | Ankara Özdemir Nakliyat,Kahramankazan Evden Eve Nakliyat,https://ankaraozdemirnakliyat.com/islemler/ankara/kahramankazan/evden-eve-nakliyat,UNKNOWN,UNKNOWN,UNKNOWN,UNKNOWN,UNKNOWN,false
ozdemir,https://ankaraozdemirnakliyat.com/islemler/ankara/kahramankazan/ofis-tasima,ankara_district_service,MERGE,200,true,995,0.5861,0.1885,1.0000,https://ankaraozdemirnakliyat.com/islemler/ankara/kalecik/ofis-tasima,true,true,false,3,61,Kahramankazan Ofis Taşıma | Garantili Hizmet | Ankara Özdemir Nakliyat,Kahramankazan Ofis Taşıma,https://ankaraozdemirnakliyat.com/islemler/ankara/kahramankazan/ofis-tasima,UNKNOWN,UNKNOWN,UNKNOWN,UNKNOWN,UNKNOWN,false
ozdemir,https://ankaraozdemirnakliyat.com/islemler/ankara/kahramankazan/nakliyat-fiyatlari,ankara_district_service,MERGE,200,true,1015,0.5737,0.2004,1.0000,https://ankaraozdemirnakliyat.com/islemler/ankara/kalecik/nakliyat-fiyatlari,true,true,false,2,61,Kahramankazan Nakliyat Fiyatları | Garantili Hizmet | Ankara Özdemir Nakliyat,Kahramankazan Nakliyat Fiyatları,https://ankaraozdemirnakliyat.com/islemler/ankara/kahramankazan/nakliyat-fiyatlari,UNKNOWN,UNKNOWN,UNKNOWN,UNKNOWN,UNKNOWN,false
ozdemir,https://ankaraozdemirnakliyat.com/islemler/ankara/kahramankazan/satikadin,ankara_district_service,MANUAL_REVIEW,200,true,808,0.7534,0.1488,0.8088,https://ankaraozdemirnakliyat.com/islemler/ankara/kahramankazan/fatih,true,false,false,4,50,Ankara Kahramankazan Satıkadın Evden Eve Nakliyat | Ankara Özdemir Nakliyat,Kahramankazan Satıkadın . NAKLİYAT,https://ankaraozdemirnakliyat.com/islemler/ankara/kahramankazan/satikadin,UNKNOWN,UNKNOWN,UNKNOWN,UNKNOWN,UNKNOWN,false
ozdemir,https://ankaraozdemirnakliyat.com/islemler/ankara/kahramankazan/kayi,ankara_district_service,MANUAL_REVIEW,200,true,808,0.7534,0.1488,0.8102,https://ankaraozdemirnakliyat.com/islemler/ankara/kahramankazan/fatih,true,false,false,4,50,Ankara Kahramankazan Kayı Evden Eve Nakliyat | Ankara Özdemir Nakliyat,Kahramankazan Kayı . LOJİSTİK,https://ankaraozdemirnakliyat.com/islemler/ankara/kahramankazan/kayi,UNKNOWN,UNKNOWN,UNKNOWN,UNKNOWN,UNKNOWN,false
ozdemir,https://ankaraozdemirnakliyat.com/islemler/ankara/kahramankazan/ataturk,ankara_district_service,MANUAL_REVIEW,200,true,809,0.7534,0.0537,0.8116,https://ankaraozdemirnakliyat.com/islemler/ankara/kahramankazan/fatih,true,false,false,4,50,Ankara Kahramankazan Atatürk Evden Eve Nakliyat | Ankara Özdemir Nakliyat,Kahramankazan Atatürk . EVDEN EVE,https://ankaraozdemirnakliyat.com/islemler/ankara/kahramankazan/ataturk,UNKNOWN,UNKNOWN,UNKNOWN,UNKNOWN,UNKNOWN,false
ozdemir,https://ankaraozdemirnakliyat.com/islemler/ankara/kahramankazan/fatih,ankara_district_service,MANUAL_REVIEW,200,true,808,0.7534,0.0537,0.8530,https://ankaraozdemirnakliyat.com/islemler/ankara/kalecik/ahikemal,true,false,false,4,50,Ankara Kahramankazan Fatih Evden Eve Nakliyat | Ankara Özdemir Nakliyat,Kahramankazan Fatih . NAKLİYAT,https://ankaraozdemirnakliyat.com/islemler/ankara/kahramankazan/fatih,UNKNOWN,UNKNOWN,UNKNOWN,UNKNOWN,UNKNOWN,false
ozdemir,https://ankaraozdemirnakliyat.com/islemler/ankara/kalecik,ankara_district,MANUAL_REVIEW,200,true,1423,0.6901,0.3099,0.8869,https://ankaraozdemirnakliyat.com/islemler/ankara/pursaklar,true,false,false,365,52,Kalecik Evden Eve Nakliyat - Asansörlü & Sigortalı | Ankara Özdemir Nakliyat,Kalecik . NAKLİYAT,https://ankaraozdemirnakliyat.com/islemler/ankara/kalecik,UNKNOWN,UNKNOWN,UNKNOWN,UNKNOWN,UNKNOWN,false
ozdemir,https://ankaraozdemirnakliyat.com/islemler/ankara/kalecik/evden-eve-nakliyat,ankara_district_service,MERGE,200,true,1016,0.5630,0.2216,1.0000,https://ankaraozdemirnakliyat.com/islemler/ankara/mamak/evden-eve-nakliyat,true,true,false,3,61,Kalecik Evden Eve Nakliyat | Garantili Hizmet | Ankara Özdemir Nakliyat,Kalecik Evden Eve Nakliyat,https://ankaraozdemirnakliyat.com/islemler/ankara/kalecik/evden-eve-nakliyat,UNKNOWN,UNKNOWN,UNKNOWN,UNKNOWN,UNKNOWN,false
ozdemir,https://ankaraozdemirnakliyat.com/islemler/ankara/kalecik/ofis-tasima,ankara_district_service,MERGE,200,true,995,0.5861,0.1885,1.0000,https://ankaraozdemirnakliyat.com/islemler/ankara/mamak/ofis-tasima,true,true,false,3,61,Kalecik Ofis Taşıma | Garantili Hizmet | Ankara Özdemir Nakliyat,Kalecik Ofis Taşıma,https://ankaraozdemirnakliyat.com/islemler/ankara/kalecik/ofis-tasima,UNKNOWN,UNKNOWN,UNKNOWN,UNKNOWN,UNKNOWN,false
ozdemir,https://ankaraozdemirnakliyat.com/islemler/ankara/kalecik/nakliyat-fiyatlari,ankara_district_service,MERGE,200,true,1015,0.5737,0.2004,1.0000,https://ankaraozdemirnakliyat.com/islemler/ankara/mamak/nakliyat-fiyatlari,true,true,false,2,61,Kalecik Nakliyat Fiyatları | Garantili Hizmet | Ankara Özdemir Nakliyat,Kalecik Nakliyat Fiyatları,https://ankaraozdemirnakliyat.com/islemler/ankara/kalecik/nakliyat-fiyatlari,UNKNOWN,UNKNOWN,UNKNOWN,UNKNOWN,UNKNOWN,false
ozdemir,https://ankaraozdemirnakliyat.com/islemler/ankara/kalecik/ahikemal,ankara_district_service,MERGE,200,true,781,0.7814,0.1543,0.9841,https://ankaraozdemirnakliyat.com/islemler/ankara/kalecik/yenice,true,true,false,3,49,Ankara Kalecik Ahikemal Evden Eve Nakliyat | Ankara Özdemir Nakliyat,Kalecik Ahikemal . NAKLİYAT,https://ankaraozdemirnakliyat.com/islemler/ankara/kalecik/ahikemal,UNKNOWN,UNKNOWN,UNKNOWN,UNKNOWN,UNKNOWN,false
ozdemir,https://ankaraozdemirnakliyat.com/islemler/ankara/kalecik/yenice,ankara_district_service,MANUAL_REVIEW,200,true,781,0.7814,0.0557,0.8432,https://ankaraozdemirnakliyat.com/islemler/ankara/pursaklar/yavuz-selim,true,false,false,3,49,Ankara Kalecik Yenice Evden Eve Nakliyat | Ankara Özdemir Nakliyat,Kalecik Yenice . TAŞIMACILIK,https://ankaraozdemirnakliyat.com/islemler/ankara/kalecik/yenice,UNKNOWN,UNKNOWN,UNKNOWN,UNKNOWN,UNKNOWN,false
ozdemir,https://ankaraozdemirnakliyat.com/islemler/ankara/kalecik/caykaya,ankara_district_service,MANUAL_REVIEW,200,true,782,0.7814,0.1543,0.7118,https://ankaraozdemirnakliyat.com/islemler/ankara/kizilcahamam/yenice,true,false,false,3,49,Ankara Kalecik Çaykaya Evden Eve Nakliyat | Ankara Özdemir Nakliyat,Kalecik Çaykaya . EVDEN EVE,https://ankaraozdemirnakliyat.com/islemler/ankara/kalecik/caykaya,UNKNOWN,UNKNOWN,UNKNOWN,UNKNOWN,UNKNOWN,false
ozdemir,https://ankaraozdemirnakliyat.com/islemler/ankara/kecioren,ankara_district,KEEP,200,true,1497,0.6509,0.3491,0.6577,https://ankaraozdemirnakliyat.com/islemler/ankara/pursaklar,false,false,false,365,78,Keçiören Evden Eve Nakliyat - Asansörlü & Sigortalı | Ankara Özdemir Nakliyat,Keçiören . NAKLİYAT,https://ankaraozdemirnakliyat.com/islemler/ankara/kecioren,UNKNOWN,UNKNOWN,UNKNOWN,UNKNOWN,UNKNOWN,false
ozdemir,https://ankaraozdemirnakliyat.com/islemler/ankara/kecioren/evden-eve-nakliyat,ankara_district_service,KEEP,200,true,1016,0.5630,0.2216,0.7949,https://ankaraozdemirnakliyat.com/islemler/ankara/kecioren/ofis-tasima,false,false,false,3,61,Keçiören Evden Eve Nakliyat | Garantili Hizmet | Ankara Özdemir Nakliyat,Keçiören Evden Eve Nakliyat,https://ankaraozdemirnakliyat.com/islemler/ankara/kecioren/evden-eve-nakliyat,UNKNOWN,UNKNOWN,UNKNOWN,UNKNOWN,UNKNOWN,false
ozdemir,https://ankaraozdemirnakliyat.com/islemler/ankara/kecioren/ofis-tasima,ankara_district_service,KEEP,200,true,995,0.5861,0.1885,0.7699,https://ankaraozdemirnakliyat.com/islemler/ankara/mamak/ofis-tasima,false,false,false,3,61,Keçiören Ofis Taşıma | Garantili Hizmet | Ankara Özdemir Nakliyat,Keçiören Ofis Taşıma,https://ankaraozdemirnakliyat.com/islemler/ankara/kecioren/ofis-tasima,UNKNOWN,UNKNOWN,UNKNOWN,UNKNOWN,UNKNOWN,false
ozdemir,https://ankaraozdemirnakliyat.com/islemler/ankara/kecioren/nakliyat-fiyatlari,ankara_district_service,KEEP,200,true,1015,0.5737,0.2004,0.7627,https://ankaraozdemirnakliyat.com/islemler/ankara/mamak/nakliyat-fiyatlari,false,false,false,2,61,Keçiören Nakliyat Fiyatları | Garantili Hizmet | Ankara Özdemir Nakliyat,Keçiören Nakliyat Fiyatları,https://ankaraozdemirnakliyat.com/islemler/ankara/kecioren/nakliyat-fiyatlari,UNKNOWN,UNKNOWN,UNKNOWN,UNKNOWN,UNKNOWN,false
ozdemir,https://ankaraozdemirnakliyat.com/islemler/ankara/kecioren/etlik,ankara_district_service,MERGE,200,true,845,0.7141,0.1671,0.9713,https://ankaraozdemirnakliyat.com/islemler/ankara/kecioren/incirli,true,true,false,29,65,Ankara Keçiören Etlik Evden Eve Nakliyat | Ankara Özdemir Nakliyat,Keçiören Etlik . TAŞIMACILIK,https://ankaraozdemirnakliyat.com/islemler/ankara/kecioren/etlik,UNKNOWN,UNKNOWN,UNKNOWN,UNKNOWN,UNKNOWN,false
ozdemir,https://ankaraozdemirnakliyat.com/islemler/ankara/kecioren/incirli,ankara_district_service,MERGE,200,true,845,0.7141,0.1671,0.9643,https://ankaraozdemirnakliyat.com/islemler/ankara/kecioren/kalaba,true,true,false,29,65,Ankara Keçiören İncirli Evden Eve Nakliyat | Ankara Özdemir Nakliyat,Keçiören İncirli . TAŞIMACILIK,https://ankaraozdemirnakliyat.com/islemler/ankara/kecioren/incirli,UNKNOWN,UNKNOWN,UNKNOWN,UNKNOWN,UNKNOWN,false
ozdemir,https://ankaraozdemirnakliyat.com/islemler/ankara/kecioren/ayvali,ankara_district_service,MANUAL_REVIEW,200,true,845,0.7141,0.1671,0.8145,https://ankaraozdemirnakliyat.com/islemler/ankara/kecioren/aktepe,true,false,false,29,65,Ankara Keçiören Ayvalı Evden Eve Nakliyat | Ankara Özdemir Nakliyat,Keçiören Ayvalı . LOJİSTİK,https://ankaraozdemirnakliyat.com/islemler/ankara/kecioren/ayvali,UNKNOWN,UNKNOWN,UNKNOWN,UNKNOWN,UNKNOWN,false
ozdemir,https://ankaraozdemirnakliyat.com/islemler/ankara/kecioren/aktepe,ankara_district_service,MERGE,200,true,845,0.7141,0.1671,0.9742,https://ankaraozdemirnakliyat.com/islemler/ankara/kecioren/kanuni,true,true,false,29,65,Ankara Keçiören Aktepe Evden Eve Nakliyat | Ankara Özdemir Nakliyat,Keçiören Aktepe . LOJİSTİK,https://ankaraozdemirnakliyat.com/islemler/ankara/kecioren/aktepe,UNKNOWN,UNKNOWN,UNKNOWN,UNKNOWN,UNKNOWN,false
ozdemir,https://ankaraozdemirnakliyat.com/islemler/ankara/kecioren/baglum,ankara_district_service,MANUAL_REVIEW,200,true,845,0.7141,0.1671,0.8143,https://ankaraozdemirnakliyat.com/islemler/ankara/kecioren/kalaba,true,false,false,29,65,Ankara Keçiören Bağlum Evden Eve Nakliyat | Ankara Özdemir Nakliyat,Keçiören Bağlum . NAKLİYAT,https://ankaraozdemirnakliyat.com/islemler/ankara/kecioren/baglum,UNKNOWN,UNKNOWN,UNKNOWN,UNKNOWN,UNKNOWN,false
ozdemir,https://ankaraozdemirnakliyat.com/islemler/ankara/kecioren/kalaba,ankara_district_service,MERGE,200,true,845,0.7141,0.1671,0.9742,https://ankaraozdemirnakliyat.com/islemler/ankara/kecioren/ufuktepe,true,true,false,29,65,Ankara Keçiören Kalaba Evden Eve Nakliyat | Ankara Özdemir Nakliyat,Keçiören Kalaba . NAKLİYAT,https://ankaraozdemirnakliyat.com/islemler/ankara/kecioren/kalaba,UNKNOWN,UNKNOWN,UNKNOWN,UNKNOWN,UNKNOWN,false
ozdemir,https://ankaraozdemirnakliyat.com/islemler/ankara/kecioren/kuscagiz,ankara_district_service,MANUAL_REVIEW,200,true,845,0.7141,0.1671,0.8122,https://ankaraozdemirnakliyat.com/islemler/ankara/kecioren/sanatoryum,true,false,false,29,65,Ankara Keçiören Kuşcağız Evden Eve Nakliyat | Ankara Özdemir Nakliyat,Keçiören Kuşcağız . TAŞIMACILIK,https://ankaraozdemirnakliyat.com/islemler/ankara/kecioren/kuscagiz,UNKNOWN,UNKNOWN,UNKNOWN,UNKNOWN,UNKNOWN,false
ozdemir,https://ankaraozdemirnakliyat.com/islemler/ankara/kecioren/sanatoryum,ankara_district_service,MERGE,200,true,846,0.7141,0.1671,0.9743,https://ankaraozdemirnakliyat.com/islemler/ankara/kecioren/hisar,true,true,false,29,65,Ankara Keçiören Sanatoryum Evden Eve Nakliyat | Ankara Özdemir Nakliyat,Keçiören Sanatoryum . EVDEN EVE,https://ankaraozdemirnakliyat.com/islemler/ankara/kecioren/sanatoryum,UNKNOWN,UNKNOWN,UNKNOWN,UNKNOWN,UNKNOWN,false
ozdemir,https://ankaraozdemirnakliyat.com/islemler/ankara/kecioren/sefkat,ankara_district_service,MANUAL_REVIEW,200,true,845,0.7141,0.1671,0.8119,https://ankaraozdemirnakliyat.com/islemler/ankara/kecioren/ufuktepe,true,false,false,29,65,Ankara Keçiören Şefkat Evden Eve Nakliyat | Ankara Özdemir Nakliyat,Keçiören Şefkat . TAŞIMACILIK,https://ankaraozdemirnakliyat.com/islemler/ankara/kecioren/sefkat,UNKNOWN,UNKNOWN,UNKNOWN,UNKNOWN,UNKNOWN,false
ozdemir,https://ankaraozdemirnakliyat.com/islemler/ankara/kecioren/tepebasi,ankara_district_service,MANUAL_REVIEW,200,true,845,0.7141,0.1671,0.8143,https://ankaraozdemirnakliyat.com/islemler/ankara/kecioren/ufuktepe,true,false,false,29,65,Ankara Keçiören Tepebaşı Evden Eve Nakliyat | Ankara Özdemir Nakliyat,Keçiören Tepebaşı . TAŞIMACILIK,https://ankaraozdemirnakliyat.com/islemler/ankara/kecioren/tepebasi,UNKNOWN,UNKNOWN,UNKNOWN,UNKNOWN,UNKNOWN,false
ozdemir,https://ankaraozdemirnakliyat.com/islemler/ankara/kecioren/ufuktepe,ankara_district_service,MERGE,200,true,845,0.7141,0.1671,0.9799,https://ankaraozdemirnakliyat.com/islemler/ankara/kecioren/esertepe,true,true,false,29,65,Ankara Keçiören Ufuktepe Evden Eve Nakliyat | Ankara Özdemir Nakliyat,Keçiören Ufuktepe . TAŞIMACILIK,https://ankaraozdemirnakliyat.com/islemler/ankara/kecioren/ufuktepe,UNKNOWN,UNKNOWN,UNKNOWN,UNKNOWN,UNKNOWN,false
ozdemir,https://ankaraozdemirnakliyat.com/islemler/ankara/kecioren/yukseltepe,ankara_district_service,MANUAL_REVIEW,200,true,845,0.7141,0.1671,0.8109,https://ankaraozdemirnakliyat.com/islemler/ankara/kecioren/esertepe,true,false,false,29,65,Ankara Keçiören Yükseltepe Evden Eve Nakliyat | Ankara Özdemir Nakliyat,Keçiören Yükseltepe . LOJİSTİK,https://ankaraozdemirnakliyat.com/islemler/ankara/kecioren/yukseltepe,UNKNOWN,UNKNOWN,UNKNOWN,UNKNOWN,UNKNOWN,false
ozdemir,https://ankaraozdemirnakliyat.com/islemler/ankara/kecioren/ovacik,ankara_district_service,MANUAL_REVIEW,200,true,845,0.7141,0.1671,0.8143,https://ankaraozdemirnakliyat.com/islemler/ankara/kecioren/esertepe,true,false,false,29,65,Ankara Keçiören Ovacık Evden Eve Nakliyat | Ankara Özdemir Nakliyat,Keçiören Ovacık . TAŞIMACILIK,https://ankaraozdemirnakliyat.com/islemler/ankara/kecioren/ovacik,UNKNOWN,UNKNOWN,UNKNOWN,UNKNOWN,UNKNOWN,false
ozdemir,https://ankaraozdemirnakliyat.com/islemler/ankara/kecioren/esertepe,ankara_district_service,MERGE,200,true,845,0.7141,0.1671,0.9784,https://ankaraozdemirnakliyat.com/islemler/ankara/kecioren/adnan-menderes,true,true,false,29,65,Ankara Keçiören Esertepe Evden Eve Nakliyat | Ankara Özdemir Nakliyat,Keçiören Esertepe . TAŞIMACILIK,https://ankaraozdemirnakliyat.com/islemler/ankara/kecioren/esertepe,UNKNOWN,UNKNOWN,UNKNOWN,UNKNOWN,UNKNOWN,false
ozdemir,https://ankaraozdemirnakliyat.com/islemler/ankara/kecioren/23-nisan,ankara_district_service,MERGE,200,true,864,0.6820,0.2045,0.9477,https://ankaraozdemirnakliyat.com/islemler/ankara/kecioren/kanuni,true,true,false,29,65,Ankara Keçiören 23 Nisan Evden Eve Nakliyat | Ankara Özdemir Nakliyat,Keçiören 23 Nisan . LOJİSTİK,https://ankaraozdemirnakliyat.com/islemler/ankara/kecioren/23-nisan,UNKNOWN,UNKNOWN,UNKNOWN,UNKNOWN,UNKNOWN,false
ozdemir,https://ankaraozdemirnakliyat.com/islemler/ankara/kecioren/adnan-menderes,ankara_district_service,MERGE,200,true,864,0.6820,0.2045,0.9841,https://ankaraozdemirnakliyat.com/islemler/ankara/kecioren/atapark,true,true,false,29,65,Ankara Keçiören Adnan Menderes Evden Eve Nakliyat | Ankara Özdemir Nakliyat,Keçiören Adnan Menderes . TAŞIMACILIK,https://ankaraozdemirnakliyat.com/islemler/ankara/kecioren/adnan-menderes,UNKNOWN,UNKNOWN,UNKNOWN,UNKNOWN,UNKNOWN,false
ozdemir,https://ankaraozdemirnakliyat.com/islemler/ankara/kecioren/atapark,ankara_district_service,MERGE,200,true,845,0.7141,0.1671,0.9856,https://ankaraozdemirnakliyat.com/islemler/ankara/kecioren/bademlik,true,true,false,29,65,Ankara Keçiören Atapark Evden Eve Nakliyat | Ankara Özdemir Nakliyat,Keçiören Atapark . NAKLİYAT,https://ankaraozdemirnakliyat.com/islemler/ankara/kecioren/atapark,UNKNOWN,UNKNOWN,UNKNOWN,UNKNOWN,UNKNOWN,false
ozdemir,https://ankaraozdemirnakliyat.com/islemler/ankara/kecioren/bademlik,ankara_district_service,MERGE,200,true,845,0.7141,0.1671,0.9856,https://ankaraozdemirnakliyat.com/islemler/ankara/kecioren/osmangazi,true,true,false,29,65,Ankara Keçiören Bademlik Evden Eve Nakliyat | Ankara Özdemir Nakliyat,Keçiören Bademlik . TAŞIMACILIK,https://ankaraozdemirnakliyat.com/islemler/ankara/kecioren/bademlik,UNKNOWN,UNKNOWN,UNKNOWN,UNKNOWN,UNKNOWN,false
ozdemir,https://ankaraozdemirnakliyat.com/islemler/ankara/kecioren/haskoy,ankara_district_service,MANUAL_REVIEW,200,true,845,0.7141,0.1410,0.8264,https://ankaraozdemirnakliyat.com/islemler/ankara/kecioren/kanuni,true,false,false,19,65,Ankara Keçiören Hasköy Evden Eve Nakliyat | Ankara Özdemir Nakliyat,Keçiören Hasköy . LOJİSTİK,https://ankaraozdemirnakliyat.com/islemler/ankara/kecioren/haskoy,UNKNOWN,UNKNOWN,UNKNOWN,UNKNOWN,UNKNOWN,false
ozdemir,https://ankaraozdemirnakliyat.com/islemler/ankara/kecioren/hisar,ankara_district_service,MERGE,200,true,846,0.7141,0.1410,1.0000,https://ankaraozdemirnakliyat.com/islemler/ankara/kecioren/karargahtepe,true,true,false,1,65,Ankara Keçiören Hisar Evden Eve Nakliyat | Ankara Özdemir Nakliyat,Keçiören Hisar . EVDEN EVE,https://ankaraozdemirnakliyat.com/islemler/ankara/kecioren/hisar,UNKNOWN,UNKNOWN,UNKNOWN,UNKNOWN,UNKNOWN,false
ozdemir,https://ankaraozdemirnakliyat.com/islemler/ankara/kecioren/kanuni,ankara_district_service,MERGE,200,true,845,0.7141,0.1410,0.9870,https://ankaraozdemirnakliyat.com/islemler/ankara/kecioren/osmangazi,true,true,false,1,65,Ankara Keçiören Kanuni Evden Eve Nakliyat | Ankara Özdemir Nakliyat,Keçiören Kanuni . LOJİSTİK,https://ankaraozdemirnakliyat.com/islemler/ankara/kecioren/kanuni,UNKNOWN,UNKNOWN,UNKNOWN,UNKNOWN,UNKNOWN,false
ozdemir,https://ankaraozdemirnakliyat.com/islemler/ankara/kecioren/karargahtepe,ankara_district_service,MERGE,200,true,846,0.7141,0.1410,1.0000,https://ankaraozdemirnakliyat.com/islemler/ankara/kecioren/sancaktepe,true,true,false,1,65,Ankara Keçiören Karargahtepe Evden Eve Nakliyat | Ankara Özdemir Nakliyat,Keçiören Karargahtepe . EVDEN EVE,https://ankaraozdemirnakliyat.com/islemler/ankara/kecioren/karargahtepe,UNKNOWN,UNKNOWN,UNKNOWN,UNKNOWN,UNKNOWN,false
ozdemir,https://ankaraozdemirnakliyat.com/islemler/ankara/kecioren/kosk,ankara_district_service,MANUAL_REVIEW,200,true,846,0.7141,0.1410,0.8266,https://ankaraozdemirnakliyat.com/islemler/ankara/kecioren/sancaktepe,true,false,false,1,65,Ankara Keçiören Köşk Evden Eve Nakliyat | Ankara Özdemir Nakliyat,Keçiören Köşk . EVDEN EVE,https://ankaraozdemirnakliyat.com/islemler/ankara/kecioren/kosk,UNKNOWN,UNKNOWN,UNKNOWN,UNKNOWN,UNKNOWN,false
ozdemir,https://ankaraozdemirnakliyat.com/islemler/ankara/kecioren/osmangazi,ankara_district_service,MERGE,200,true,845,0.7141,0.1410,1.0000,https://ankaraozdemirnakliyat.com/islemler/ankara/kecioren/yayla,true,true,false,1,65,Ankara Keçiören Osmangazi Evden Eve Nakliyat | Ankara Özdemir Nakliyat,Keçiören Osmangazi . TAŞIMACILIK,https://ankaraozdemirnakliyat.com/islemler/ankara/kecioren/osmangazi,UNKNOWN,UNKNOWN,UNKNOWN,UNKNOWN,UNKNOWN,false
ozdemir,https://ankaraozdemirnakliyat.com/islemler/ankara/kecioren/pinarbasi,ankara_district_service,MANUAL_REVIEW,200,true,845,0.7141,0.0509,0.8261,https://ankaraozdemirnakliyat.com/islemler/ankara/kecioren/yayla,true,false,false,1,65,Ankara Keçiören Pınarbaşı Evden Eve Nakliyat | Ankara Özdemir Nakliyat,Keçiören Pınarbaşı . TAŞIMACILIK,https://ankaraozdemirnakliyat.com/islemler/ankara/kecioren/pinarbasi,UNKNOWN,UNKNOWN,UNKNOWN,UNKNOWN,UNKNOWN,false
ozdemir,https://ankaraozdemirnakliyat.com/islemler/ankara/kecioren/sancaktepe,ankara_district_service,MERGE,200,true,846,0.7141,0.1410,0.9856,https://ankaraozdemirnakliyat.com/islemler/ankara/kecioren/yayla,true,true,false,1,65,Ankara Keçiören Sancaktepe Evden Eve Nakliyat | Ankara Özdemir Nakliyat,Keçiören Sancaktepe . EVDEN EVE,https://ankaraozdemirnakliyat.com/islemler/ankara/kecioren/sancaktepe,UNKNOWN,UNKNOWN,UNKNOWN,UNKNOWN,UNKNOWN,false
ozdemir,https://ankaraozdemirnakliyat.com/islemler/ankara/kecioren/sehitkubilay,ankara_district_service,MANUAL_REVIEW,200,true,845,0.7141,0.1410,0.8261,https://ankaraozdemirnakliyat.com/islemler/ankara/kecioren/yayla,true,false,false,1,65,Ankara Keçiören Şehitkubilay Evden Eve Nakliyat | Ankara Özdemir Nakliyat,Keçiören Şehitkubilay . TAŞIMACILIK,https://ankaraozdemirnakliyat.com/islemler/ankara/kecioren/sehitkubilay,UNKNOWN,UNKNOWN,UNKNOWN,UNKNOWN,UNKNOWN,false
ozdemir,https://ankaraozdemirnakliyat.com/islemler/ankara/kecioren/yayla,ankara_district_service,MANUAL_REVIEW,200,true,845,0.7141,0.1410,0.8261,https://ankaraozdemirnakliyat.com/islemler/ankara/kecioren/yesiltepe,true,false,false,1,65,Ankara Keçiören Yayla Evden Eve Nakliyat | Ankara Özdemir Nakliyat,Keçiören Yayla . NAKLİYAT,https://ankaraozdemirnakliyat.com/islemler/ankara/kecioren/yayla,UNKNOWN,UNKNOWN,UNKNOWN,UNKNOWN,UNKNOWN,false
ozdemir,https://ankaraozdemirnakliyat.com/islemler/ankara/kecioren/yesiltepe,ankara_district_service,MANUAL_REVIEW,200,true,845,0.7141,0.1410,0.6577,https://ankaraozdemirnakliyat.com/islemler/ankara/kizilcahamam/yenice,true,false,false,1,65,Ankara Keçiören Yeşiltepe Evden Eve Nakliyat | Ankara Özdemir Nakliyat,Keçiören Yeşiltepe . NAKLİYAT,https://ankaraozdemirnakliyat.com/islemler/ankara/kecioren/yesiltepe,UNKNOWN,UNKNOWN,UNKNOWN,UNKNOWN,UNKNOWN,false
ozdemir,https://ankaraozdemirnakliyat.com/islemler/ankara/kizilcahamam,ankara_district,MANUAL_REVIEW,200,true,1435,0.6848,0.3152,0.7030,https://ankaraozdemirnakliyat.com/islemler/ankara/pursaklar,true,false,false,365,53,Kızılcahamam Evden Eve Nakliyat - Asansörlü & Sigortalı | Ankara Özdemir Nakliyat,Kızılcahamam . NAKLİYAT,https://ankaraozdemirnakliyat.com/islemler/ankara/kizilcahamam,UNKNOWN,UNKNOWN,UNKNOWN,UNKNOWN,UNKNOWN,false
ozdemir,https://ankaraozdemirnakliyat.com/islemler/ankara/kizilcahamam/evden-eve-nakliyat,ankara_district_service,KEEP,200,true,1016,0.5630,0.2216,0.7949,https://ankaraozdemirnakliyat.com/islemler/ankara/kizilcahamam/ofis-tasima,false,false,false,3,61,Kızılcahamam Evden Eve Nakliyat | Garantili Hizmet | Ankara Özdemir Nakliyat,Kızılcahamam Evden Eve Nakliyat,https://ankaraozdemirnakliyat.com/islemler/ankara/kizilcahamam/evden-eve-nakliyat,UNKNOWN,UNKNOWN,UNKNOWN,UNKNOWN,UNKNOWN,false
ozdemir,https://ankaraozdemirnakliyat.com/islemler/ankara/kizilcahamam/ofis-tasima,ankara_district_service,KEEP,200,true,995,0.5861,0.1885,0.7699,https://ankaraozdemirnakliyat.com/islemler/ankara/mamak/ofis-tasima,false,false,false,3,61,Kızılcahamam Ofis Taşıma | Garantili Hizmet | Ankara Özdemir Nakliyat,Kızılcahamam Ofis Taşıma,https://ankaraozdemirnakliyat.com/islemler/ankara/kizilcahamam/ofis-tasima,UNKNOWN,UNKNOWN,UNKNOWN,UNKNOWN,UNKNOWN,false
ozdemir,https://ankaraozdemirnakliyat.com/islemler/ankara/kizilcahamam/nakliyat-fiyatlari,ankara_district_service,KEEP,200,true,1015,0.5737,0.2004,0.7627,https://ankaraozdemirnakliyat.com/islemler/ankara/mamak/nakliyat-fiyatlari,false,false,false,2,61,Kızılcahamam Nakliyat Fiyatları | Garantili Hizmet | Ankara Özdemir Nakliyat,Kızılcahamam Nakliyat Fiyatları,https://ankaraozdemirnakliyat.com/islemler/ankara/kizilcahamam/nakliyat-fiyatlari,UNKNOWN,UNKNOWN,UNKNOWN,UNKNOWN,UNKNOWN,false
ozdemir,https://ankaraozdemirnakliyat.com/islemler/ankara/kizilcahamam/yenice,ankara_district_service,MANUAL_REVIEW,200,true,793,0.7748,0.0552,0.7936,https://ankaraozdemirnakliyat.com/islemler/ankara/sereflikochisar/sanayi,true,false,false,4,50,Ankara Kızılcahamam Yenice Evden Eve Nakliyat | Ankara Özdemir Nakliyat,Kızılcahamam Yenice . TAŞIMACILIK,https://ankaraozdemirnakliyat.com/islemler/ankara/kizilcahamam/yenice,UNKNOWN,UNKNOWN,UNKNOWN,UNKNOWN,UNKNOWN,false
ozdemir,https://ankaraozdemirnakliyat.com/islemler/ankara/kizilcahamam/akcay,ankara_district_service,MANUAL_REVIEW,200,true,793,0.7748,0.1530,0.7823,https://ankaraozdemirnakliyat.com/islemler/ankara/kizilcahamam/karsiyaka,true,false,false,4,50,Ankara Kızılcahamam Akçay Evden Eve Nakliyat | Ankara Özdemir Nakliyat,Kızılcahamam Akçay . TAŞIMACILIK,https://ankaraozdemirnakliyat.com/islemler/ankara/kizilcahamam/akcay,UNKNOWN,UNKNOWN,UNKNOWN,UNKNOWN,UNKNOWN,false
ozdemir,https://ankaraozdemirnakliyat.com/islemler/ankara/kizilcahamam/karsiyaka,ankara_district_service,MANUAL_REVIEW,200,true,793,0.7748,0.0552,0.7812,https://ankaraozdemirnakliyat.com/islemler/ankara/kizilcahamam/ismetpasa,true,false,false,4,50,Ankara Kızılcahamam Karşıyaka Evden Eve Nakliyat | Ankara Özdemir Nakliyat,Kızılcahamam Karşıyaka . NAKLİYAT,https://ankaraozdemirnakliyat.com/islemler/ankara/kizilcahamam/karsiyaka,UNKNOWN,UNKNOWN,UNKNOWN,UNKNOWN,UNKNOWN,false
ozdemir,https://ankaraozdemirnakliyat.com/islemler/ankara/kizilcahamam/ismetpasa,ankara_district_service,MANUAL_REVIEW,200,true,793,0.7748,0.1530,0.6952,https://ankaraozdemirnakliyat.com/islemler/ankara/sereflikochisar/sanayi,true,false,false,4,50,Ankara Kızılcahamam İsmetpaşa Evden Eve Nakliyat | Ankara Özdemir Nakliyat,Kızılcahamam İsmetpaşa . LOJİSTİK,https://ankaraozdemirnakliyat.com/islemler/ankara/kizilcahamam/ismetpasa,UNKNOWN,UNKNOWN,UNKNOWN,UNKNOWN,UNKNOWN,false
ozdemir,https://ankaraozdemirnakliyat.com/islemler/ankara/mamak,ankara_district,KEEP,200,true,1508,0.6457,0.3543,0.8232,https://ankaraozdemirnakliyat.com/islemler/ankara/pursaklar,false,false,false,365,84,Mamak Evden Eve Nakliyat - Asansörlü & Sigortalı | Ankara Özdemir Nakliyat,Mamak . NAKLİYAT,https://ankaraozdemirnakliyat.com/islemler/ankara/mamak,UNKNOWN,UNKNOWN,UNKNOWN,UNKNOWN,UNKNOWN,false
ozdemir,https://ankaraozdemirnakliyat.com/islemler/ankara/mamak/evden-eve-nakliyat,ankara_district_service,MERGE,200,true,1016,0.5630,0.2216,1.0000,https://ankaraozdemirnakliyat.com/islemler/ankara/pursaklar/evden-eve-nakliyat,true,true,false,3,61,Mamak Evden Eve Nakliyat | Garantili Hizmet | Ankara Özdemir Nakliyat,Mamak Evden Eve Nakliyat,https://ankaraozdemirnakliyat.com/islemler/ankara/mamak/evden-eve-nakliyat,UNKNOWN,UNKNOWN,UNKNOWN,UNKNOWN,UNKNOWN,false
ozdemir,https://ankaraozdemirnakliyat.com/islemler/ankara/mamak/ofis-tasima,ankara_district_service,MERGE,200,true,995,0.5861,0.1885,1.0000,https://ankaraozdemirnakliyat.com/islemler/ankara/pursaklar/ofis-tasima,true,true,false,3,61,Mamak Ofis Taşıma | Garantili Hizmet | Ankara Özdemir Nakliyat,Mamak Ofis Taşıma,https://ankaraozdemirnakliyat.com/islemler/ankara/mamak/ofis-tasima,UNKNOWN,UNKNOWN,UNKNOWN,UNKNOWN,UNKNOWN,false
ozdemir,https://ankaraozdemirnakliyat.com/islemler/ankara/mamak/nakliyat-fiyatlari,ankara_district_service,MERGE,200,true,1015,0.5737,0.2004,1.0000,https://ankaraozdemirnakliyat.com/islemler/ankara/pursaklar/nakliyat-fiyatlari,true,true,false,2,61,Mamak Nakliyat Fiyatları | Garantili Hizmet | Ankara Özdemir Nakliyat,Mamak Nakliyat Fiyatları,https://ankaraozdemirnakliyat.com/islemler/ankara/mamak/nakliyat-fiyatlari,UNKNOWN,UNKNOWN,UNKNOWN,UNKNOWN,UNKNOWN,false
ozdemir,https://ankaraozdemirnakliyat.com/islemler/ankara/mamak/akdere,ankara_district_service,MERGE,200,true,847,0.7122,0.1706,0.9612,https://ankaraozdemirnakliyat.com/islemler/ankara/mamak/balkiraz,true,true,false,35,65,Ankara Mamak Akdere Evden Eve Nakliyat | Ankara Özdemir Nakliyat,Mamak Akdere . NAKLİYAT,https://ankaraozdemirnakliyat.com/islemler/ankara/mamak/akdere,UNKNOWN,UNKNOWN,UNKNOWN,UNKNOWN,UNKNOWN,false
ozdemir,https://ankaraozdemirnakliyat.com/islemler/ankara/mamak/bogazici,ankara_district_service,MANUAL_REVIEW,200,true,847,0.7122,0.1706,0.8126,https://ankaraozdemirnakliyat.com/islemler/ankara/mamak/balkiraz,true,false,false,35,65,Ankara Mamak Boğaziçi Evden Eve Nakliyat | Ankara Özdemir Nakliyat,Mamak Boğaziçi . NAKLİYAT,https://ankaraozdemirnakliyat.com/islemler/ankara/mamak/bogazici,UNKNOWN,UNKNOWN,UNKNOWN,UNKNOWN,UNKNOWN,false
ozdemir,https://ankaraozdemirnakliyat.com/islemler/ankara/mamak/ege-mahallesi,ankara_district_service,MERGE,200,true,866,0.6803,0.2077,0.9583,https://ankaraozdemirnakliyat.com/islemler/ankara/mamak/balkiraz,true,true,false,35,65,Ankara Mamak Ege Mahallesi Evden Eve Nakliyat | Ankara Özdemir Nakliyat,Mamak Ege Mahallesi . TAŞIMACILIK,https://ankaraozdemirnakliyat.com/islemler/ankara/mamak/ege-mahallesi,UNKNOWN,UNKNOWN,UNKNOWN,UNKNOWN,UNKNOWN,false
ozdemir,https://ankaraozdemirnakliyat.com/islemler/ankara/mamak/nato-yolu,ankara_district_service,MERGE,200,true,867,0.6803,0.2077,0.9458,https://ankaraozdemirnakliyat.com/islemler/ankara/mamak/harman,true,true,false,35,65,Ankara Mamak Nato Yolu Evden Eve Nakliyat | Ankara Özdemir Nakliyat,Mamak Nato Yolu . EVDEN EVE,https://ankaraozdemirnakliyat.com/islemler/ankara/mamak/nato-yolu,UNKNOWN,UNKNOWN,UNKNOWN,UNKNOWN,UNKNOWN,false
ozdemir,https://ankaraozdemirnakliyat.com/islemler/ankara/mamak/abidinpasa,ankara_district_service,MANUAL_REVIEW,200,true,847,0.7122,0.1706,0.8126,https://ankaraozdemirnakliyat.com/islemler/ankara/mamak/balkiraz,true,false,false,35,65,Ankara Mamak Abidinpaşa Evden Eve Nakliyat | Ankara Özdemir Nakliyat,Mamak Abidinpaşa . NAKLİYAT,https://ankaraozdemirnakliyat.com/islemler/ankara/mamak/abidinpasa,UNKNOWN,UNKNOWN,UNKNOWN,UNKNOWN,UNKNOWN,false
ozdemir,https://ankaraozdemirnakliyat.com/islemler/ankara/mamak/tuzlucayir,ankara_district_service,MANUAL_REVIEW,200,true,847,0.7122,0.1706,0.8126,https://ankaraozdemirnakliyat.com/islemler/ankara/mamak/balkiraz,true,false,false,35,65,Ankara Mamak Tuzluçayır Evden Eve Nakliyat | Ankara Özdemir Nakliyat,Mamak Tuzluçayır . NAKLİYAT,https://ankaraozdemirnakliyat.com/islemler/ankara/mamak/tuzlucayir,UNKNOWN,UNKNOWN,UNKNOWN,UNKNOWN,UNKNOWN,false
ozdemir,https://ankaraozdemirnakliyat.com/islemler/ankara/mamak/saimekadin,ankara_district_service,MANUAL_REVIEW,200,true,847,0.7122,0.1706,0.8115,https://ankaraozdemirnakliyat.com/islemler/ankara/mamak/balkiraz,true,false,false,35,65,Ankara Mamak Saimekadın Evden Eve Nakliyat | Ankara Özdemir Nakliyat,Mamak Saimekadın . LOJİSTİK,https://ankaraozdemirnakliyat.com/islemler/ankara/mamak/saimekadin,UNKNOWN,UNKNOWN,UNKNOWN,UNKNOWN,UNKNOWN,false
ozdemir,https://ankaraozdemirnakliyat.com/islemler/ankara/mamak/lalahan,ankara_district_service,MERGE,200,true,847,0.7122,0.1706,0.9640,https://ankaraozdemirnakliyat.com/islemler/ankara/mamak/balkiraz,true,true,false,35,65,Ankara Mamak Lalahan Evden Eve Nakliyat | Ankara Özdemir Nakliyat,Mamak Lalahan . TAŞIMACILIK,https://ankaraozdemirnakliyat.com/islemler/ankara/mamak/lalahan,UNKNOWN,UNKNOWN,UNKNOWN,UNKNOWN,UNKNOWN,false
ozdemir,https://ankaraozdemirnakliyat.com/islemler/ankara/mamak/kibris-koyu,ankara_district_service,MANUAL_REVIEW,200,true,866,0.6803,0.2077,0.7985,https://ankaraozdemirnakliyat.com/islemler/ankara/mamak/balkiraz,true,false,false,35,65,Ankara Mamak Kıbrıs Köyü Evden Eve Nakliyat | Ankara Özdemir Nakliyat,Mamak Kıbrıs Köyü . LOJİSTİK,https://ankaraozdemirnakliyat.com/islemler/ankara/mamak/kibris-koyu,UNKNOWN,UNKNOWN,UNKNOWN,UNKNOWN,UNKNOWN,false
ozdemir,https://ankaraozdemirnakliyat.com/islemler/ankara/mamak/bahcelerici,ankara_district_service,MANUAL_REVIEW,200,true,848,0.7122,0.1706,0.8200,https://ankaraozdemirnakliyat.com/islemler/ankara/mamak/balkiraz,true,false,false,35,65,Ankara Mamak Bahçeleriçi Evden Eve Nakliyat | Ankara Özdemir Nakliyat,Mamak Bahçeleriçi . EVDEN EVE,https://ankaraozdemirnakliyat.com/islemler/ankara/mamak/bahcelerici,UNKNOWN,UNKNOWN,UNKNOWN,UNKNOWN,UNKNOWN,false
ozdemir,https://ankaraozdemirnakliyat.com/islemler/ankara/mamak/balkiraz,ankara_district_service,MERGE,200,true,847,0.7122,0.1706,0.9797,https://ankaraozdemirnakliyat.com/islemler/ankara/mamak/derbent,true,true,false,35,65,Ankara Mamak Balkiraz Evden Eve Nakliyat | Ankara Özdemir Nakliyat,Mamak Balkiraz . NAKLİYAT,https://ankaraozdemirnakliyat.com/islemler/ankara/mamak/balkiraz,UNKNOWN,UNKNOWN,UNKNOWN,UNKNOWN,UNKNOWN,false
ozdemir,https://ankaraozdemirnakliyat.com/islemler/ankara/mamak/basak,ankara_district_service,MANUAL_REVIEW,200,true,847,0.7122,0.1706,0.8187,https://ankaraozdemirnakliyat.com/islemler/ankara/mamak/derbent,true,false,false,35,65,Ankara Mamak Başak Evden Eve Nakliyat | Ankara Özdemir Nakliyat,Mamak Başak . LOJİSTİK,https://ankaraozdemirnakliyat.com/islemler/ankara/mamak/basak,UNKNOWN,UNKNOWN,UNKNOWN,UNKNOWN,UNKNOWN,false
ozdemir,https://ankaraozdemirnakliyat.com/islemler/ankara/mamak/demirlibahce,ankara_district_service,MANUAL_REVIEW,200,true,847,0.7122,0.1706,0.8221,https://ankaraozdemirnakliyat.com/islemler/ankara/mamak/derbent,true,false,false,35,65,Ankara Mamak Demirlibahçe Evden Eve Nakliyat | Ankara Özdemir Nakliyat,Mamak Demirlibahçe . TAŞIMACILIK,https://ankaraozdemirnakliyat.com/islemler/ankara/mamak/demirlibahce,UNKNOWN,UNKNOWN,UNKNOWN,UNKNOWN,UNKNOWN,false
ozdemir,https://ankaraozdemirnakliyat.com/islemler/ankara/mamak/derbent,ankara_district_service,MERGE,200,true,847,0.7122,0.1706,0.9854,https://ankaraozdemirnakliyat.com/islemler/ankara/mamak/dostlar,true,true,false,35,65,Ankara Mamak Derbent Evden Eve Nakliyat | Ankara Özdemir Nakliyat,Mamak Derbent . NAKLİYAT,https://ankaraozdemirnakliyat.com/islemler/ankara/mamak/derbent,UNKNOWN,UNKNOWN,UNKNOWN,UNKNOWN,UNKNOWN,false
ozdemir,https://ankaraozdemirnakliyat.com/islemler/ankara/mamak/dostlar,ankara_district_service,MERGE,200,true,847,0.7122,0.1706,0.9740,https://ankaraozdemirnakliyat.com/islemler/ankara/mamak/kartaltepe,true,true,false,35,65,Ankara Mamak Dostlar Evden Eve Nakliyat | Ankara Özdemir Nakliyat,Mamak Dostlar . TAŞIMACILIK,https://ankaraozdemirnakliyat.com/islemler/ankara/mamak/dostlar,UNKNOWN,UNKNOWN,UNKNOWN,UNKNOWN,UNKNOWN,false
ozdemir,https://ankaraozdemirnakliyat.com/islemler/ankara/mamak/durali-alic,ankara_district_service,MANUAL_REVIEW,200,true,866,0.6803,0.2077,0.8126,https://ankaraozdemirnakliyat.com/islemler/ankara/mamak/kartaltepe,true,false,false,35,65,Ankara Mamak Durali Alıç Evden Eve Nakliyat | Ankara Özdemir Nakliyat,Mamak Durali Alıç . LOJİSTİK,https://ankaraozdemirnakliyat.com/islemler/ankara/mamak/durali-alic,UNKNOWN,UNKNOWN,UNKNOWN,UNKNOWN,UNKNOWN,false
ozdemir,https://ankaraozdemirnakliyat.com/islemler/ankara/mamak/fahri-koruturk,ankara_district_service,MANUAL_REVIEW,200,true,866,0.6803,0.2077,0.8184,https://ankaraozdemirnakliyat.com/islemler/ankara/mamak/kartaltepe,true,false,false,35,65,Ankara Mamak Fahri Korutürk Evden Eve Nakliyat | Ankara Özdemir Nakliyat,Mamak Fahri Korutürk . NAKLİYAT,https://ankaraozdemirnakliyat.com/islemler/ankara/mamak/fahri-koruturk,UNKNOWN,UNKNOWN,UNKNOWN,UNKNOWN,UNKNOWN,false
ozdemir,https://ankaraozdemirnakliyat.com/islemler/ankara/mamak/gokceyurt,ankara_district_service,MANUAL_REVIEW,200,true,847,0.7122,0.1706,0.8221,https://ankaraozdemirnakliyat.com/islemler/ankara/mamak/kartaltepe,true,false,false,35,65,Ankara Mamak Gökçeyurt Evden Eve Nakliyat | Ankara Özdemir Nakliyat,Mamak Gökçeyurt . NAKLİYAT,https://ankaraozdemirnakliyat.com/islemler/ankara/mamak/gokceyurt,UNKNOWN,UNKNOWN,UNKNOWN,UNKNOWN,UNKNOWN,false
ozdemir,https://ankaraozdemirnakliyat.com/islemler/ankara/mamak/gulveren,ankara_district_service,MANUAL_REVIEW,200,true,848,0.7122,0.0508,0.8347,https://ankaraozdemirnakliyat.com/islemler/ankara/mamak/harman,true,false,false,19,65,Ankara Mamak Gülveren Evden Eve Nakliyat | Ankara Özdemir Nakliyat,Mamak Gülveren . EVDEN EVE,https://ankaraozdemirnakliyat.com/islemler/ankara/mamak/gulveren,UNKNOWN,UNKNOWN,UNKNOWN,UNKNOWN,UNKNOWN,false
ozdemir,https://ankaraozdemirnakliyat.com/islemler/ankara/mamak/harman,ankara_district_service,MERGE,200,true,848,0.7122,0.1406,1.0000,https://ankaraozdemirnakliyat.com/islemler/ankara/mamak/mutlu,true,true,false,1,65,Ankara Mamak Harman Evden Eve Nakliyat | Ankara Özdemir Nakliyat,Mamak Harman . EVDEN EVE,https://ankaraozdemirnakliyat.com/islemler/ankara/mamak/harman,UNKNOWN,UNKNOWN,UNKNOWN,UNKNOWN,UNKNOWN,false
ozdemir,https://ankaraozdemirnakliyat.com/islemler/ankara/mamak/hurel,ankara_district_service,MANUAL_REVIEW,200,true,848,0.7122,0.1406,0.8347,https://ankaraozdemirnakliyat.com/islemler/ankara/mamak/mutlu,true,false,false,1,65,Ankara Mamak Hürel Evden Eve Nakliyat | Ankara Özdemir Nakliyat,Mamak Hürel . EVDEN EVE,https://ankaraozdemirnakliyat.com/islemler/ankara/mamak/hurel,UNKNOWN,UNKNOWN,UNKNOWN,UNKNOWN,UNKNOWN,false
ozdemir,https://ankaraozdemirnakliyat.com/islemler/ankara/mamak/huseyingazi,ankara_district_service,MANUAL_REVIEW,200,true,848,0.7122,0.1406,0.8347,https://ankaraozdemirnakliyat.com/islemler/ankara/mamak/mutlu,true,false,false,1,65,Ankara Mamak Hüseyingazi Evden Eve Nakliyat | Ankara Özdemir Nakliyat,Mamak Hüseyingazi . EVDEN EVE,https://ankaraozdemirnakliyat.com/islemler/ankara/mamak/huseyingazi,UNKNOWN,UNKNOWN,UNKNOWN,UNKNOWN,UNKNOWN,false
ozdemir,https://ankaraozdemirnakliyat.com/islemler/ankara/mamak/kartaltepe,ankara_district_service,MERGE,200,true,847,0.7122,0.0508,1.0000,https://ankaraozdemirnakliyat.com/islemler/ankara/mamak/tepecik,true,true,false,1,65,Ankara Mamak Kartaltepe Evden Eve Nakliyat | Ankara Özdemir Nakliyat,Mamak Kartaltepe . TAŞIMACILIK,https://ankaraozdemirnakliyat.com/islemler/ankara/mamak/kartaltepe,UNKNOWN,UNKNOWN,UNKNOWN,UNKNOWN,UNKNOWN,false
ozdemir,https://ankaraozdemirnakliyat.com/islemler/ankara/mamak/kayas,ankara_district_service,MANUAL_REVIEW,200,true,847,0.7122,0.1406,0.8342,https://ankaraozdemirnakliyat.com/islemler/ankara/mamak/tepecik,true,false,false,1,65,Ankara Mamak Kayaş Evden Eve Nakliyat | Ankara Özdemir Nakliyat,Mamak Kayaş . TAŞIMACILIK,https://ankaraozdemirnakliyat.com/islemler/ankara/mamak/kayas,UNKNOWN,UNKNOWN,UNKNOWN,UNKNOWN,UNKNOWN,false
ozdemir,https://ankaraozdemirnakliyat.com/islemler/ankara/mamak/kazim-orbay,ankara_district_service,KEEP,200,true,867,0.6795,0.1801,0.8342,https://ankaraozdemirnakliyat.com/islemler/ankara/mamak/tepecik,false,false,false,1,65,Ankara Mamak Kazım Orbay Evden Eve Nakliyat | Ankara Özdemir Nakliyat,Mamak Kazım Orbay . TAŞIMACILIK,https://ankaraozdemirnakliyat.com/islemler/ankara/mamak/kazim-orbay,UNKNOWN,UNKNOWN,UNKNOWN,UNKNOWN,UNKNOWN,false
ozdemir,https://ankaraozdemirnakliyat.com/islemler/ankara/mamak/kostence,ankara_district_service,MANUAL_REVIEW,200,true,848,0.7122,0.1406,0.8347,https://ankaraozdemirnakliyat.com/islemler/ankara/mamak/mutlu,true,false,false,1,65,Ankara Mamak Köstence Evden Eve Nakliyat | Ankara Özdemir Nakliyat,Mamak Köstence . EVDEN EVE,https://ankaraozdemirnakliyat.com/islemler/ankara/mamak/kostence,UNKNOWN,UNKNOWN,UNKNOWN,UNKNOWN,UNKNOWN,false
ozdemir,https://ankaraozdemirnakliyat.com/islemler/ankara/mamak/kucuk-kayas,ankara_district_service,KEEP,200,true,867,0.6795,0.1801,0.8137,https://ankaraozdemirnakliyat.com/islemler/ankara/mamak/tepecik,false,false,false,1,65,Ankara Mamak Küçük Kayaş Evden Eve Nakliyat | Ankara Özdemir Nakliyat,Mamak Küçük Kayaş . LOJİSTİK,https://ankaraozdemirnakliyat.com/islemler/ankara/mamak/kucuk-kayas,UNKNOWN,UNKNOWN,UNKNOWN,UNKNOWN,UNKNOWN,false
ozdemir,https://ankaraozdemirnakliyat.com/islemler/ankara/mamak/mutlu,ankara_district_service,MERGE,200,true,848,0.7122,0.1406,0.9913,https://ankaraozdemirnakliyat.com/islemler/ankara/mamak/tepecik,true,true,false,1,65,Ankara Mamak Mutlu Evden Eve Nakliyat | Ankara Özdemir Nakliyat,Mamak Mutlu . EVDEN EVE,https://ankaraozdemirnakliyat.com/islemler/ankara/mamak/mutlu,UNKNOWN,UNKNOWN,UNKNOWN,UNKNOWN,UNKNOWN,false
ozdemir,https://ankaraozdemirnakliyat.com/islemler/ankara/mamak/safaktepe,ankara_district_service,MANUAL_REVIEW,200,true,848,0.7122,0.1406,0.8320,https://ankaraozdemirnakliyat.com/islemler/ankara/mamak/tepecik,true,false,false,1,65,Ankara Mamak Şafaktepe Evden Eve Nakliyat | Ankara Özdemir Nakliyat,Mamak Şafaktepe . EVDEN EVE,https://ankaraozdemirnakliyat.com/islemler/ankara/mamak/safaktepe,UNKNOWN,UNKNOWN,UNKNOWN,UNKNOWN,UNKNOWN,false
ozdemir,https://ankaraozdemirnakliyat.com/islemler/ankara/mamak/sahap-gurler,ankara_district_service,KEEP,200,true,867,0.6795,0.1801,0.8148,https://ankaraozdemirnakliyat.com/islemler/ankara/mamak/tepecik,false,false,false,1,65,Ankara Mamak Şahap Gürler Evden Eve Nakliyat | Ankara Özdemir Nakliyat,Mamak Şahap Gürler . NAKLİYAT,https://ankaraozdemirnakliyat.com/islemler/ankara/mamak/sahap-gurler,UNKNOWN,UNKNOWN,UNKNOWN,UNKNOWN,UNKNOWN,false
ozdemir,https://ankaraozdemirnakliyat.com/islemler/ankara/mamak/sahintepe,ankara_district_service,MANUAL_REVIEW,200,true,847,0.7122,0.1406,0.8342,https://ankaraozdemirnakliyat.com/islemler/ankara/mamak/tepecik,true,false,false,1,65,Ankara Mamak Şahintepe Evden Eve Nakliyat | Ankara Özdemir Nakliyat,Mamak Şahintepe . NAKLİYAT,https://ankaraozdemirnakliyat.com/islemler/ankara/mamak/sahintepe,UNKNOWN,UNKNOWN,UNKNOWN,UNKNOWN,UNKNOWN,false
ozdemir,https://ankaraozdemirnakliyat.com/islemler/ankara/mamak/tepecik,ankara_district_service,MANUAL_REVIEW,200,true,847,0.7122,0.1406,0.8342,https://ankaraozdemirnakliyat.com/islemler/ankara/mamak/turkozu,true,false,false,1,65,Ankara Mamak Tepecik Evden Eve Nakliyat | Ankara Özdemir Nakliyat,Mamak Tepecik . TAŞIMACILIK,https://ankaraozdemirnakliyat.com/islemler/ankara/mamak/tepecik,UNKNOWN,UNKNOWN,UNKNOWN,UNKNOWN,UNKNOWN,false
ozdemir,https://ankaraozdemirnakliyat.com/islemler/ankara/mamak/turkozu,ankara_district_service,MANUAL_REVIEW,200,true,847,0.7122,0.1406,0.8137,https://ankaraozdemirnakliyat.com/islemler/ankara/mamak/yesilbayir,true,false,false,1,65,Ankara Mamak Türközü Evden Eve Nakliyat | Ankara Özdemir Nakliyat,Mamak Türközü . TAŞIMACILIK,https://ankaraozdemirnakliyat.com/islemler/ankara/mamak/turkozu,UNKNOWN,UNKNOWN,UNKNOWN,UNKNOWN,UNKNOWN,false
ozdemir,https://ankaraozdemirnakliyat.com/islemler/ankara/mamak/uregil,ankara_district_service,MANUAL_REVIEW,200,true,848,0.7122,0.1406,0.8116,https://ankaraozdemirnakliyat.com/islemler/ankara/mamak/yesilbayir,true,false,false,1,65,Ankara Mamak Üreğil Evden Eve Nakliyat | Ankara Özdemir Nakliyat,Mamak Üreğil . EVDEN EVE,https://ankaraozdemirnakliyat.com/islemler/ankara/mamak/uregil,UNKNOWN,UNKNOWN,UNKNOWN,UNKNOWN,UNKNOWN,false
ozdemir,https://ankaraozdemirnakliyat.com/islemler/ankara/mamak/yesilbayir,ankara_district_service,MANUAL_REVIEW,200,true,847,0.7122,0.1406,0.6634,https://ankaraozdemirnakliyat.com/islemler/ankara/sereflikochisar/sanayi,true,false,false,1,65,Ankara Mamak Yeşilbayır Evden Eve Nakliyat | Ankara Özdemir Nakliyat,Mamak Yeşilbayır . TAŞIMACILIK,https://ankaraozdemirnakliyat.com/islemler/ankara/mamak/yesilbayir,UNKNOWN,UNKNOWN,UNKNOWN,UNKNOWN,UNKNOWN,false
ozdemir,https://ankaraozdemirnakliyat.com/islemler/ankara/nallihan,ankara_district,MANUAL_REVIEW,200,true,1435,0.6837,0.3163,0.7053,https://ankaraozdemirnakliyat.com/islemler/ankara/pursaklar,true,false,false,365,52,Nallıhan Evden Eve Nakliyat - Asansörlü & Sigortalı | Ankara Özdemir Nakliyat,Nallıhan . NAKLİYAT,https://ankaraozdemirnakliyat.com/islemler/ankara/nallihan,UNKNOWN,UNKNOWN,UNKNOWN,UNKNOWN,UNKNOWN,false
ozdemir,https://ankaraozdemirnakliyat.com/islemler/ankara/nallihan/evden-eve-nakliyat,ankara_district_service,KEEP,200,true,1016,0.5630,0.2216,0.7949,https://ankaraozdemirnakliyat.com/islemler/ankara/nallihan/ofis-tasima,false,false,false,3,61,Nallıhan Evden Eve Nakliyat | Garantili Hizmet | Ankara Özdemir Nakliyat,Nallıhan Evden Eve Nakliyat,https://ankaraozdemirnakliyat.com/islemler/ankara/nallihan/evden-eve-nakliyat,UNKNOWN,UNKNOWN,UNKNOWN,UNKNOWN,UNKNOWN,false
ozdemir,https://ankaraozdemirnakliyat.com/islemler/ankara/nallihan/ofis-tasima,ankara_district_service,KEEP,200,true,995,0.5861,0.1885,0.7699,https://ankaraozdemirnakliyat.com/islemler/ankara/pursaklar/ofis-tasima,false,false,false,3,61,Nallıhan Ofis Taşıma | Garantili Hizmet | Ankara Özdemir Nakliyat,Nallıhan Ofis Taşıma,https://ankaraozdemirnakliyat.com/islemler/ankara/nallihan/ofis-tasima,UNKNOWN,UNKNOWN,UNKNOWN,UNKNOWN,UNKNOWN,false
ozdemir,https://ankaraozdemirnakliyat.com/islemler/ankara/nallihan/nakliyat-fiyatlari,ankara_district_service,KEEP,200,true,1015,0.5737,0.2004,0.7627,https://ankaraozdemirnakliyat.com/islemler/ankara/pursaklar/nakliyat-fiyatlari,false,false,false,2,61,Nallıhan Nakliyat Fiyatları | Garantili Hizmet | Ankara Özdemir Nakliyat,Nallıhan Nakliyat Fiyatları,https://ankaraozdemirnakliyat.com/islemler/ankara/nallihan/nakliyat-fiyatlari,UNKNOWN,UNKNOWN,UNKNOWN,UNKNOWN,UNKNOWN,false
ozdemir,https://ankaraozdemirnakliyat.com/islemler/ankara/nallihan/nasuhpasa,ankara_district_service,MANUAL_REVIEW,200,true,793,0.7683,0.1517,0.7796,https://ankaraozdemirnakliyat.com/islemler/ankara/nallihan/aliaga,true,false,false,3,49,Ankara Nallıhan Nasuhpaşa Evden Eve Nakliyat | Ankara Özdemir Nakliyat,Nallıhan Nasuhpaşa . NAKLİYAT,https://ankaraozdemirnakliyat.com/islemler/ankara/nallihan/nasuhpasa,UNKNOWN,UNKNOWN,UNKNOWN,UNKNOWN,UNKNOWN,false
ozdemir,https://ankaraozdemirnakliyat.com/islemler/ankara/nallihan/aliaga,ankara_district_service,MANUAL_REVIEW,200,true,794,0.7683,0.1517,0.7796,https://ankaraozdemirnakliyat.com/islemler/ankara/nallihan/yazi,true,false,false,3,49,Ankara Nallıhan Aliağa Evden Eve Nakliyat | Ankara Özdemir Nakliyat,Nallıhan Aliağa . EVDEN EVE,https://ankaraozdemirnakliyat.com/islemler/ankara/nallihan/aliaga,UNKNOWN,UNKNOWN,UNKNOWN,UNKNOWN,UNKNOWN,false
ozdemir,https://ankaraozdemirnakliyat.com/islemler/ankara/nallihan/yazi,ankara_district_service,MANUAL_REVIEW,200,true,793,0.7683,0.1517,0.6979,https://ankaraozdemirnakliyat.com/islemler/ankara/sereflikochisar/sanayi,true,false,false,3,49,Ankara Nallıhan Yazı Evden Eve Nakliyat | Ankara Özdemir Nakliyat,Nallıhan Yazı . TAŞIMACILIK,https://ankaraozdemirnakliyat.com/islemler/ankara/nallihan/yazi,UNKNOWN,UNKNOWN,UNKNOWN,UNKNOWN,UNKNOWN,false
ozdemir,https://ankaraozdemirnakliyat.com/islemler/ankara/polatli,ankara_district,KEEP,200,true,1463,0.6677,0.3323,0.6817,https://ankaraozdemirnakliyat.com/islemler/ankara/pursaklar,false,false,false,365,55,Polatlı Evden Eve Nakliyat - Asansörlü & Sigortalı | Ankara Özdemir Nakliyat,Polatlı . NAKLİYAT,https://ankaraozdemirnakliyat.com/islemler/ankara/polatli,UNKNOWN,UNKNOWN,UNKNOWN,UNKNOWN,UNKNOWN,false
ozdemir,https://ankaraozdemirnakliyat.com/islemler/ankara/polatli/evden-eve-nakliyat,ankara_district_service,KEEP,200,true,1016,0.5630,0.2216,0.7949,https://ankaraozdemirnakliyat.com/islemler/ankara/polatli/ofis-tasima,false,false,false,3,61,Polatlı Evden Eve Nakliyat | Garantili Hizmet | Ankara Özdemir Nakliyat,Polatlı Evden Eve Nakliyat,https://ankaraozdemirnakliyat.com/islemler/ankara/polatli/evden-eve-nakliyat,UNKNOWN,UNKNOWN,UNKNOWN,UNKNOWN,UNKNOWN,false
ozdemir,https://ankaraozdemirnakliyat.com/islemler/ankara/polatli/ofis-tasima,ankara_district_service,KEEP,200,true,995,0.5861,0.1885,0.7699,https://ankaraozdemirnakliyat.com/islemler/ankara/pursaklar/ofis-tasima,false,false,false,3,61,Polatlı Ofis Taşıma | Garantili Hizmet | Ankara Özdemir Nakliyat,Polatlı Ofis Taşıma,https://ankaraozdemirnakliyat.com/islemler/ankara/polatli/ofis-tasima,UNKNOWN,UNKNOWN,UNKNOWN,UNKNOWN,UNKNOWN,false
ozdemir,https://ankaraozdemirnakliyat.com/islemler/ankara/polatli/nakliyat-fiyatlari,ankara_district_service,KEEP,200,true,1015,0.5737,0.2004,0.7627,https://ankaraozdemirnakliyat.com/islemler/ankara/pursaklar/nakliyat-fiyatlari,false,false,false,2,61,Polatlı Nakliyat Fiyatları | Garantili Hizmet | Ankara Özdemir Nakliyat,Polatlı Nakliyat Fiyatları,https://ankaraozdemirnakliyat.com/islemler/ankara/polatli/nakliyat-fiyatlari,UNKNOWN,UNKNOWN,UNKNOWN,UNKNOWN,UNKNOWN,false
ozdemir,https://ankaraozdemirnakliyat.com/islemler/ankara/polatli/gulveren,ankara_district_service,MANUAL_REVIEW,200,true,822,0.7372,0.0593,0.8026,https://ankaraozdemirnakliyat.com/islemler/ankara/polatli/fatih,true,false,false,6,52,Ankara Polatlı Gülveren Evden Eve Nakliyat | Ankara Özdemir Nakliyat,Polatlı Gülveren . EVDEN EVE,https://ankaraozdemirnakliyat.com/islemler/ankara/polatli/gulveren,UNKNOWN,UNKNOWN,UNKNOWN,UNKNOWN,UNKNOWN,false
ozdemir,https://ankaraozdemirnakliyat.com/islemler/ankara/polatli/cumhuriyet,ankara_district_service,MERGE,200,true,822,0.7372,0.0593,0.9548,https://ankaraozdemirnakliyat.com/islemler/ankara/polatli/fatih,true,true,false,6,52,Ankara Polatlı Cumhuriyet Evden Eve Nakliyat | Ankara Özdemir Nakliyat,Polatlı Cumhuriyet . EVDEN EVE,https://ankaraozdemirnakliyat.com/islemler/ankara/polatli/cumhuriyet,UNKNOWN,UNKNOWN,UNKNOWN,UNKNOWN,UNKNOWN,false
ozdemir,https://ankaraozdemirnakliyat.com/islemler/ankara/polatli/sehitlik,ankara_district_service,MANUAL_REVIEW,200,true,821,0.7372,0.1523,0.8096,https://ankaraozdemirnakliyat.com/islemler/ankara/polatli/fatih,true,false,false,6,52,Ankara Polatlı Şehitlik Evden Eve Nakliyat | Ankara Özdemir Nakliyat,Polatlı Şehitlik . NAKLİYAT,https://ankaraozdemirnakliyat.com/islemler/ankara/polatli/sehitlik,UNKNOWN,UNKNOWN,UNKNOWN,UNKNOWN,UNKNOWN,false
ozdemir,https://ankaraozdemirnakliyat.com/islemler/ankara/polatli/fatih,ankara_district_service,MERGE,200,true,821,0.7372,0.0593,0.9822,https://ankaraozdemirnakliyat.com/islemler/ankara/polatli/basri,true,true,false,6,52,Ankara Polatlı Fatih Evden Eve Nakliyat | Ankara Özdemir Nakliyat,Polatlı Fatih . NAKLİYAT,https://ankaraozdemirnakliyat.com/islemler/ankara/polatli/fatih,UNKNOWN,UNKNOWN,UNKNOWN,UNKNOWN,UNKNOWN,false
ozdemir,https://ankaraozdemirnakliyat.com/islemler/ankara/polatli/yeni,ankara_district_service,MERGE,200,true,821,0.7372,0.0593,0.9705,https://ankaraozdemirnakliyat.com/islemler/ankara/polatli/basri,true,true,false,6,52,Ankara Polatlı Yeni Evden Eve Nakliyat | Ankara Özdemir Nakliyat,Polatlı Yeni . TAŞIMACILIK,https://ankaraozdemirnakliyat.com/islemler/ankara/polatli/yeni,UNKNOWN,UNKNOWN,UNKNOWN,UNKNOWN,UNKNOWN,false
ozdemir,https://ankaraozdemirnakliyat.com/islemler/ankara/polatli/basri,ankara_district_service,MANUAL_REVIEW,200,true,821,0.7372,0.1523,0.7648,https://ankaraozdemirnakliyat.com/islemler/ankara/sereflikochisar/sanayi,true,false,false,6,52,Ankara Polatlı Basri Evden Eve Nakliyat | Ankara Özdemir Nakliyat,Polatlı Basri . TAŞIMACILIK,https://ankaraozdemirnakliyat.com/islemler/ankara/polatli/basri,UNKNOWN,UNKNOWN,UNKNOWN,UNKNOWN,UNKNOWN,false
ozdemir,https://ankaraozdemirnakliyat.com/islemler/ankara/pursaklar,ankara_district,KEEP,200,true,1463,0.6702,0.3298,0.8578,https://ankaraozdemirnakliyat.com/islemler/ankara/sincan,false,false,false,365,56,Pursaklar Evden Eve Nakliyat - Asansörlü & Sigortalı | Ankara Özdemir Nakliyat,Pursaklar . NAKLİYAT,https://ankaraozdemirnakliyat.com/islemler/ankara/pursaklar,UNKNOWN,UNKNOWN,UNKNOWN,UNKNOWN,UNKNOWN,false
ozdemir,https://ankaraozdemirnakliyat.com/islemler/ankara/pursaklar/evden-eve-nakliyat,ankara_district_service,MERGE,200,true,1016,0.5630,0.2216,1.0000,https://ankaraozdemirnakliyat.com/islemler/ankara/sincan/evden-eve-nakliyat,true,true,false,3,61,Pursaklar Evden Eve Nakliyat | Garantili Hizmet | Ankara Özdemir Nakliyat,Pursaklar Evden Eve Nakliyat,https://ankaraozdemirnakliyat.com/islemler/ankara/pursaklar/evden-eve-nakliyat,UNKNOWN,UNKNOWN,UNKNOWN,UNKNOWN,UNKNOWN,false
ozdemir,https://ankaraozdemirnakliyat.com/islemler/ankara/pursaklar/ofis-tasima,ankara_district_service,MERGE,200,true,995,0.5861,0.1885,1.0000,https://ankaraozdemirnakliyat.com/islemler/ankara/sincan/ofis-tasima,true,true,false,3,61,Pursaklar Ofis Taşıma | Garantili Hizmet | Ankara Özdemir Nakliyat,Pursaklar Ofis Taşıma,https://ankaraozdemirnakliyat.com/islemler/ankara/pursaklar/ofis-tasima,UNKNOWN,UNKNOWN,UNKNOWN,UNKNOWN,UNKNOWN,false
ozdemir,https://ankaraozdemirnakliyat.com/islemler/ankara/pursaklar/nakliyat-fiyatlari,ankara_district_service,MERGE,200,true,1015,0.5737,0.2004,1.0000,https://ankaraozdemirnakliyat.com/islemler/ankara/sincan/nakliyat-fiyatlari,true,true,false,2,61,Pursaklar Nakliyat Fiyatları | Garantili Hizmet | Ankara Özdemir Nakliyat,Pursaklar Nakliyat Fiyatları,https://ankaraozdemirnakliyat.com/islemler/ankara/pursaklar/nakliyat-fiyatlari,UNKNOWN,UNKNOWN,UNKNOWN,UNKNOWN,UNKNOWN,false
ozdemir,https://ankaraozdemirnakliyat.com/islemler/ankara/pursaklar/saray,ankara_district_service,MERGE,200,true,821,0.7422,0.1588,0.9598,https://ankaraozdemirnakliyat.com/islemler/ankara/pursaklar/fatih,true,true,false,7,53,Ankara Pursaklar Saray Evden Eve Nakliyat | Ankara Özdemir Nakliyat,Pursaklar Saray . NAKLİYAT,https://ankaraozdemirnakliyat.com/islemler/ankara/pursaklar/saray,UNKNOWN,UNKNOWN,UNKNOWN,UNKNOWN,UNKNOWN,false
ozdemir,https://ankaraozdemirnakliyat.com/islemler/ankara/pursaklar/altinova,ankara_district_service,MANUAL_REVIEW,200,true,821,0.7422,0.1588,0.8070,https://ankaraozdemirnakliyat.com/islemler/ankara/pursaklar/merkez,true,false,false,7,53,Ankara Pursaklar Altınova Evden Eve Nakliyat | Ankara Özdemir Nakliyat,Pursaklar Altınova . LOJİSTİK,https://ankaraozdemirnakliyat.com/islemler/ankara/pursaklar/altinova,UNKNOWN,UNKNOWN,UNKNOWN,UNKNOWN,UNKNOWN,false
ozdemir,https://ankaraozdemirnakliyat.com/islemler/ankara/pursaklar/mimar-sinan,ankara_district_service,MERGE,200,true,841,0.7076,0.1979,0.9554,https://ankaraozdemirnakliyat.com/islemler/ankara/pursaklar/yavuz-selim,true,true,false,7,53,Ankara Pursaklar Mimar Sinan Evden Eve Nakliyat | Ankara Özdemir Nakliyat,Pursaklar Mimar Sinan . EVDEN EVE,https://ankaraozdemirnakliyat.com/islemler/ankara/pursaklar/mimar-sinan,UNKNOWN,UNKNOWN,UNKNOWN,UNKNOWN,UNKNOWN,false
ozdemir,https://ankaraozdemirnakliyat.com/islemler/ankara/pursaklar/yavuz-selim,ankara_district_service,MERGE,200,true,840,0.7076,0.0686,0.9656,https://ankaraozdemirnakliyat.com/islemler/ankara/pursaklar/fatih,true,true,false,7,53,Ankara Pursaklar Yavuz Selim Evden Eve Nakliyat | Ankara Özdemir Nakliyat,Pursaklar Yavuz Selim . TAŞIMACILIK,https://ankaraozdemirnakliyat.com/islemler/ankara/pursaklar/yavuz-selim,UNKNOWN,UNKNOWN,UNKNOWN,UNKNOWN,UNKNOWN,false
ozdemir,https://ankaraozdemirnakliyat.com/islemler/ankara/pursaklar/merkez,ankara_district_service,MERGE,200,true,821,0.7422,0.1588,0.9775,https://ankaraozdemirnakliyat.com/islemler/ankara/pursaklar/fatih,true,true,false,7,53,Ankara Pursaklar Merkez Evden Eve Nakliyat | Ankara Özdemir Nakliyat,Pursaklar Merkez . LOJİSTİK,https://ankaraozdemirnakliyat.com/islemler/ankara/pursaklar/merkez,UNKNOWN,UNKNOWN,UNKNOWN,UNKNOWN,UNKNOWN,false
ozdemir,https://ankaraozdemirnakliyat.com/islemler/ankara/pursaklar/fatih,ankara_district_service,MERGE,200,true,821,0.7422,0.0651,0.9834,https://ankaraozdemirnakliyat.com/islemler/ankara/pursaklar/yunus-emre,true,true,false,7,53,Ankara Pursaklar Fatih Evden Eve Nakliyat | Ankara Özdemir Nakliyat,Pursaklar Fatih . NAKLİYAT,https://ankaraozdemirnakliyat.com/islemler/ankara/pursaklar/fatih,UNKNOWN,UNKNOWN,UNKNOWN,UNKNOWN,UNKNOWN,false
ozdemir,https://ankaraozdemirnakliyat.com/islemler/ankara/pursaklar/yunus-emre,ankara_district_service,MANUAL_REVIEW,200,true,840,0.7076,0.1979,0.7887,https://ankaraozdemirnakliyat.com/islemler/ankara/sincan/fatih,true,false,false,7,53,Ankara Pursaklar Yunus Emre Evden Eve Nakliyat | Ankara Özdemir Nakliyat,Pursaklar Yunus Emre . TAŞIMACILIK,https://ankaraozdemirnakliyat.com/islemler/ankara/pursaklar/yunus-emre,UNKNOWN,UNKNOWN,UNKNOWN,UNKNOWN,UNKNOWN,false
ozdemir,https://ankaraozdemirnakliyat.com/islemler/ankara/sincan,ankara_district,KEEP,200,true,1481,0.6587,0.3413,0.8156,https://ankaraozdemirnakliyat.com/islemler/ankara/yenimahalle,false,false,false,365,67,Sincan Evden Eve Nakliyat - Asansörlü & Sigortalı | Ankara Özdemir Nakliyat,Sincan . NAKLİYAT,https://ankaraozdemirnakliyat.com/islemler/ankara/sincan,UNKNOWN,UNKNOWN,UNKNOWN,UNKNOWN,UNKNOWN,false
ozdemir,https://ankaraozdemirnakliyat.com/islemler/ankara/sincan/evden-eve-nakliyat,ankara_district_service,MERGE,200,true,1016,0.5630,0.2216,1.0000,https://ankaraozdemirnakliyat.com/islemler/ankara/yenimahalle/evden-eve-nakliyat,true,true,false,3,61,Sincan Evden Eve Nakliyat | Garantili Hizmet | Ankara Özdemir Nakliyat,Sincan Evden Eve Nakliyat,https://ankaraozdemirnakliyat.com/islemler/ankara/sincan/evden-eve-nakliyat,UNKNOWN,UNKNOWN,UNKNOWN,UNKNOWN,UNKNOWN,false
ozdemir,https://ankaraozdemirnakliyat.com/islemler/ankara/sincan/ofis-tasima,ankara_district_service,MERGE,200,true,995,0.5861,0.1885,1.0000,https://ankaraozdemirnakliyat.com/islemler/ankara/yenimahalle/ofis-tasima,true,true,false,3,61,Sincan Ofis Taşıma | Garantili Hizmet | Ankara Özdemir Nakliyat,Sincan Ofis Taşıma,https://ankaraozdemirnakliyat.com/islemler/ankara/sincan/ofis-tasima,UNKNOWN,UNKNOWN,UNKNOWN,UNKNOWN,UNKNOWN,false
ozdemir,https://ankaraozdemirnakliyat.com/islemler/ankara/sincan/nakliyat-fiyatlari,ankara_district_service,MERGE,200,true,1015,0.5737,0.2004,1.0000,https://ankaraozdemirnakliyat.com/islemler/ankara/yenimahalle/nakliyat-fiyatlari,true,true,false,2,61,Sincan Nakliyat Fiyatları | Garantili Hizmet | Ankara Özdemir Nakliyat,Sincan Nakliyat Fiyatları,https://ankaraozdemirnakliyat.com/islemler/ankara/sincan/nakliyat-fiyatlari,UNKNOWN,UNKNOWN,UNKNOWN,UNKNOWN,UNKNOWN,false
ozdemir,https://ankaraozdemirnakliyat.com/islemler/ankara/sincan/fatih,ankara_district_service,MERGE,200,true,839,0.7197,0.0763,0.9620,https://ankaraozdemirnakliyat.com/islemler/ankara/sincan/yenikent,true,true,false,18,64,Ankara Sincan Fatih Evden Eve Nakliyat | Ankara Özdemir Nakliyat,Sincan Fatih . NAKLİYAT,https://ankaraozdemirnakliyat.com/islemler/ankara/sincan/fatih,UNKNOWN,UNKNOWN,UNKNOWN,UNKNOWN,UNKNOWN,false
ozdemir,https://ankaraozdemirnakliyat.com/islemler/ankara/sincan/yenikent,ankara_district_service,MERGE,200,true,840,0.7197,0.1671,0.9607,https://ankaraozdemirnakliyat.com/islemler/ankara/sincan/cumhuriyet,true,true,false,18,64,Ankara Sincan Yenikent Evden Eve Nakliyat | Ankara Özdemir Nakliyat,Sincan Yenikent . EVDEN EVE,https://ankaraozdemirnakliyat.com/islemler/ankara/sincan/yenikent,UNKNOWN,UNKNOWN,UNKNOWN,UNKNOWN,UNKNOWN,false
ozdemir,https://ankaraozdemirnakliyat.com/islemler/ankara/sincan/torekent,ankara_district_service,MANUAL_REVIEW,200,true,840,0.7197,0.1671,0.8127,https://ankaraozdemirnakliyat.com/islemler/ankara/sincan/mevlana,true,false,false,18,64,Ankara Sincan Törekent Evden Eve Nakliyat | Ankara Özdemir Nakliyat,Sincan Törekent . EVDEN EVE,https://ankaraozdemirnakliyat.com/islemler/ankara/sincan/torekent,UNKNOWN,UNKNOWN,UNKNOWN,UNKNOWN,UNKNOWN,false
ozdemir,https://ankaraozdemirnakliyat.com/islemler/ankara/sincan/plevne,ankara_district_service,MERGE,200,true,839,0.7197,0.1671,0.9635,https://ankaraozdemirnakliyat.com/islemler/ankara/sincan/istasyon,true,true,false,18,64,Ankara Sincan Plevne Evden Eve Nakliyat | Ankara Özdemir Nakliyat,Sincan Plevne . LOJİSTİK,https://ankaraozdemirnakliyat.com/islemler/ankara/sincan/plevne,UNKNOWN,UNKNOWN,UNKNOWN,UNKNOWN,UNKNOWN,false
ozdemir,https://ankaraozdemirnakliyat.com/islemler/ankara/sincan/istasyon,ankara_district_service,MERGE,200,true,839,0.7197,0.0763,0.9721,https://ankaraozdemirnakliyat.com/islemler/ankara/sincan/mevlana,true,true,false,18,64,Ankara Sincan İstasyon Evden Eve Nakliyat | Ankara Özdemir Nakliyat,Sincan İstasyon . TAŞIMACILIK,https://ankaraozdemirnakliyat.com/islemler/ankara/sincan/istasyon,UNKNOWN,UNKNOWN,UNKNOWN,UNKNOWN,UNKNOWN,false
ozdemir,https://ankaraozdemirnakliyat.com/islemler/ankara/sincan/mevlana,ankara_district_service,MERGE,200,true,839,0.7197,0.1671,0.9650,https://ankaraozdemirnakliyat.com/islemler/ankara/sincan/cumhuriyet,true,true,false,18,64,Ankara Sincan Mevlana Evden Eve Nakliyat | Ankara Özdemir Nakliyat,Sincan Mevlana . NAKLİYAT,https://ankaraozdemirnakliyat.com/islemler/ankara/sincan/mevlana,UNKNOWN,UNKNOWN,UNKNOWN,UNKNOWN,UNKNOWN,false
ozdemir,https://ankaraozdemirnakliyat.com/islemler/ankara/sincan/ulubatli-hasan,ankara_district_service,MANUAL_REVIEW,200,true,858,0.6872,0.2048,0.8090,https://ankaraozdemirnakliyat.com/islemler/ankara/sincan/cumhuriyet,true,false,false,18,64,Ankara Sincan Ulubatlı Hasan Evden Eve Nakliyat | Ankara Özdemir Nakliyat,Sincan Ulubatlı Hasan . TAŞIMACILIK,https://ankaraozdemirnakliyat.com/islemler/ankara/sincan/ulubatli-hasan,UNKNOWN,UNKNOWN,UNKNOWN,UNKNOWN,UNKNOWN,false
ozdemir,https://ankaraozdemirnakliyat.com/islemler/ankara/sincan/aksemsettin,ankara_district_service,MANUAL_REVIEW,200,true,839,0.7197,0.1671,0.8127,https://ankaraozdemirnakliyat.com/islemler/ankara/sincan/cumhuriyet,true,false,false,18,64,Ankara Sincan Akşemsettin Evden Eve Nakliyat | Ankara Özdemir Nakliyat,Sincan Akşemsettin . NAKLİYAT,https://ankaraozdemirnakliyat.com/islemler/ankara/sincan/aksemsettin,UNKNOWN,UNKNOWN,UNKNOWN,UNKNOWN,UNKNOWN,false
ozdemir,https://ankaraozdemirnakliyat.com/islemler/ankara/sincan/andicen,ankara_district_service,MANUAL_REVIEW,200,true,839,0.7197,0.1671,0.8141,https://ankaraozdemirnakliyat.com/islemler/ankara/sincan/cumhuriyet,true,false,false,18,64,Ankara Sincan Andiçen Evden Eve Nakliyat | Ankara Özdemir Nakliyat,Sincan Andiçen . LOJİSTİK,https://ankaraozdemirnakliyat.com/islemler/ankara/sincan/andicen,UNKNOWN,UNKNOWN,UNKNOWN,UNKNOWN,UNKNOWN,false
ozdemir,https://ankaraozdemirnakliyat.com/islemler/ankara/sincan/ataturk,ankara_district_service,MANUAL_REVIEW,200,true,840,0.7197,0.0763,0.8202,https://ankaraozdemirnakliyat.com/islemler/ankara/sincan/cumhuriyet,true,false,false,18,64,Ankara Sincan Atatürk Evden Eve Nakliyat | Ankara Özdemir Nakliyat,Sincan Atatürk . EVDEN EVE,https://ankaraozdemirnakliyat.com/islemler/ankara/sincan/ataturk,UNKNOWN,UNKNOWN,UNKNOWN,UNKNOWN,UNKNOWN,false
ozdemir,https://ankaraozdemirnakliyat.com/islemler/ankara/sincan/cumhuriyet,ankara_district_service,MERGE,200,true,840,0.7197,0.0763,0.9824,https://ankaraozdemirnakliyat.com/islemler/ankara/sincan/malazgirt,true,true,false,18,64,Ankara Sincan Cumhuriyet Evden Eve Nakliyat | Ankara Özdemir Nakliyat,Sincan Cumhuriyet . EVDEN EVE,https://ankaraozdemirnakliyat.com/islemler/ankara/sincan/cumhuriyet,UNKNOWN,UNKNOWN,UNKNOWN,UNKNOWN,UNKNOWN,false
ozdemir,https://ankaraozdemirnakliyat.com/islemler/ankara/sincan/gokcek,ankara_district_service,MANUAL_REVIEW,200,true,840,0.7197,0.1671,0.8202,https://ankaraozdemirnakliyat.com/islemler/ankara/sincan/malazgirt,true,false,false,18,64,Ankara Sincan Gökçek Evden Eve Nakliyat | Ankara Özdemir Nakliyat,Sincan Gökçek . EVDEN EVE,https://ankaraozdemirnakliyat.com/islemler/ankara/sincan/gokcek,UNKNOWN,UNKNOWN,UNKNOWN,UNKNOWN,UNKNOWN,false
ozdemir,https://ankaraozdemirnakliyat.com/islemler/ankara/sincan/malazgirt,ankara_district_service,MANUAL_REVIEW,200,true,840,0.7197,0.0763,0.8154,https://ankaraozdemirnakliyat.com/islemler/ankara/sincan/osmanli,true,false,false,18,64,Ankara Sincan Malazgirt Evden Eve Nakliyat | Ankara Özdemir Nakliyat,Sincan Malazgirt . EVDEN EVE,https://ankaraozdemirnakliyat.com/islemler/ankara/sincan/malazgirt,UNKNOWN,UNKNOWN,UNKNOWN,UNKNOWN,UNKNOWN,false
ozdemir,https://ankaraozdemirnakliyat.com/islemler/ankara/sincan/marasal-cakmak,ankara_district_service,MANUAL_REVIEW,200,true,858,0.6872,0.2048,0.7779,https://ankaraozdemirnakliyat.com/islemler/ankara/sincan/osmanli,true,false,false,18,64,Ankara Sincan Maraşal Çakmak Evden Eve Nakliyat | Ankara Özdemir Nakliyat,Sincan Maraşal Çakmak . TAŞIMACILIK,https://ankaraozdemirnakliyat.com/islemler/ankara/sincan/marasal-cakmak,UNKNOWN,UNKNOWN,UNKNOWN,UNKNOWN,UNKNOWN,false
ozdemir,https://ankaraozdemirnakliyat.com/islemler/ankara/sincan/osmanli,ankara_district_service,MANUAL_REVIEW,200,true,840,0.7197,0.1671,0.7974,https://ankaraozdemirnakliyat.com/islemler/ankara/sincan/pinarbasi,true,false,false,18,64,Ankara Sincan Osmanlı Evden Eve Nakliyat | Ankara Özdemir Nakliyat,Sincan Osmanlı . EVDEN EVE,https://ankaraozdemirnakliyat.com/islemler/ankara/sincan/osmanli,UNKNOWN,UNKNOWN,UNKNOWN,UNKNOWN,UNKNOWN,false
ozdemir,https://ankaraozdemirnakliyat.com/islemler/ankara/sincan/pinarbasi,ankara_district_service,MANUAL_REVIEW,200,true,839,0.7197,0.0763,0.7995,https://ankaraozdemirnakliyat.com/islemler/ankara/sincan/selcuklu,true,false,false,18,64,Ankara Sincan Pınarbaşı Evden Eve Nakliyat | Ankara Özdemir Nakliyat,Sincan Pınarbaşı . TAŞIMACILIK,https://ankaraozdemirnakliyat.com/islemler/ankara/sincan/pinarbasi,UNKNOWN,UNKNOWN,UNKNOWN,UNKNOWN,UNKNOWN,false
ozdemir,https://ankaraozdemirnakliyat.com/islemler/ankara/sincan/selcuklu,ankara_district_service,MANUAL_REVIEW,200,true,839,0.7197,0.1671,0.7995,https://ankaraozdemirnakliyat.com/islemler/ankara/sincan/tandogan,true,false,false,18,64,Ankara Sincan Selçuklu Evden Eve Nakliyat | Ankara Özdemir Nakliyat,Sincan Selçuklu . NAKLİYAT,https://ankaraozdemirnakliyat.com/islemler/ankara/sincan/selcuklu,UNKNOWN,UNKNOWN,UNKNOWN,UNKNOWN,UNKNOWN,false
ozdemir,https://ankaraozdemirnakliyat.com/islemler/ankara/sincan/tandogan,ankara_district_service,MANUAL_REVIEW,200,true,839,0.7197,0.1671,0.6717,https://ankaraozdemirnakliyat.com/islemler/ankara/sereflikochisar/sanayi,true,false,false,18,64,Ankara Sincan Tandoğan Evden Eve Nakliyat | Ankara Özdemir Nakliyat,Sincan Tandoğan . NAKLİYAT,https://ankaraozdemirnakliyat.com/islemler/ankara/sincan/tandogan,UNKNOWN,UNKNOWN,UNKNOWN,UNKNOWN,UNKNOWN,false
ozdemir,https://ankaraozdemirnakliyat.com/islemler/ankara/sereflikochisar,ankara_district,MANUAL_REVIEW,200,true,1433,0.6832,0.3168,0.6712,https://ankaraozdemirnakliyat.com/islemler/ankara/yenimahalle,true,false,false,365,53,Şereflikoçhisar Evden Eve Nakliyat - Asansörlü & Sigortalı | Ankara Özdemir Nakliyat,Şereflikoçhisar . NAKLİYAT,https://ankaraozdemirnakliyat.com/islemler/ankara/sereflikochisar,UNKNOWN,UNKNOWN,UNKNOWN,UNKNOWN,UNKNOWN,false
ozdemir,https://ankaraozdemirnakliyat.com/islemler/ankara/sereflikochisar/evden-eve-nakliyat,ankara_district_service,KEEP,200,true,1016,0.5630,0.2216,0.7949,https://ankaraozdemirnakliyat.com/islemler/ankara/sereflikochisar/ofis-tasima,false,false,false,3,61,Şereflikoçhisar Evden Eve Nakliyat | Garantili Hizmet | Ankara Özdemir Nakliyat,Şereflikoçhisar Evden Eve Nakliyat,https://ankaraozdemirnakliyat.com/islemler/ankara/sereflikochisar/evden-eve-nakliyat,UNKNOWN,UNKNOWN,UNKNOWN,UNKNOWN,UNKNOWN,false
ozdemir,https://ankaraozdemirnakliyat.com/islemler/ankara/sereflikochisar/ofis-tasima,ankara_district_service,KEEP,200,true,995,0.5861,0.1885,0.7699,https://ankaraozdemirnakliyat.com/islemler/ankara/yenimahalle/ofis-tasima,false,false,false,3,61,Şereflikoçhisar Ofis Taşıma | Garantili Hizmet | Ankara Özdemir Nakliyat,Şereflikoçhisar Ofis Taşıma,https://ankaraozdemirnakliyat.com/islemler/ankara/sereflikochisar/ofis-tasima,UNKNOWN,UNKNOWN,UNKNOWN,UNKNOWN,UNKNOWN,false
ozdemir,https://ankaraozdemirnakliyat.com/islemler/ankara/sereflikochisar/nakliyat-fiyatlari,ankara_district_service,KEEP,200,true,1015,0.5737,0.2004,0.7627,https://ankaraozdemirnakliyat.com/islemler/ankara/yenimahalle/nakliyat-fiyatlari,false,false,false,2,61,Şereflikoçhisar Nakliyat Fiyatları | Garantili Hizmet | Ankara Özdemir Nakliyat,Şereflikoçhisar Nakliyat Fiyatları,https://ankaraozdemirnakliyat.com/islemler/ankara/sereflikochisar/nakliyat-fiyatlari,UNKNOWN,UNKNOWN,UNKNOWN,UNKNOWN,UNKNOWN,false
ozdemir,https://ankaraozdemirnakliyat.com/islemler/ankara/sereflikochisar/sanayi,ankara_district_service,MERGE,200,true,791,0.7715,0.1523,0.9694,https://ankaraozdemirnakliyat.com/islemler/ankara/sereflikochisar/istiklal,true,true,false,4,50,Ankara Şereflikoçhisar Sanayi Evden Eve Nakliyat | Ankara Özdemir Nakliyat,Şereflikoçhisar Sanayi . TAŞIMACILIK,https://ankaraozdemirnakliyat.com/islemler/ankara/sereflikochisar/sanayi,UNKNOWN,UNKNOWN,UNKNOWN,UNKNOWN,UNKNOWN,false
ozdemir,https://ankaraozdemirnakliyat.com/islemler/ankara/sereflikochisar/istiklal,ankara_district_service,MERGE,200,true,791,0.7715,0.1523,0.9709,https://ankaraozdemirnakliyat.com/islemler/ankara/sereflikochisar/ekici,true,true,false,4,50,Ankara Şereflikoçhisar İstiklal Evden Eve Nakliyat | Ankara Özdemir Nakliyat,Şereflikoçhisar İstiklal . NAKLİYAT,https://ankaraozdemirnakliyat.com/islemler/ankara/sereflikochisar/istiklal,UNKNOWN,UNKNOWN,UNKNOWN,UNKNOWN,UNKNOWN,false
ozdemir,https://ankaraozdemirnakliyat.com/islemler/ankara/sereflikochisar/ekici,ankara_district_service,MERGE,200,true,791,0.7715,0.1523,0.9846,https://ankaraozdemirnakliyat.com/islemler/ankara/sereflikochisar/kale,true,true,false,4,50,Ankara Şereflikoçhisar Ekici Evden Eve Nakliyat | Ankara Özdemir Nakliyat,Şereflikoçhisar Ekici . TAŞIMACILIK,https://ankaraozdemirnakliyat.com/islemler/ankara/sereflikochisar/ekici,UNKNOWN,UNKNOWN,UNKNOWN,UNKNOWN,UNKNOWN,false
ozdemir,https://ankaraozdemirnakliyat.com/islemler/ankara/sereflikochisar/kale,ankara_district_service,MANUAL_REVIEW,200,true,791,0.7715,0.1523,0.7556,https://ankaraozdemirnakliyat.com/islemler/ankara/yenimahalle/demetevler,true,false,false,4,50,Ankara Şereflikoçhisar Kale Evden Eve Nakliyat | Ankara Özdemir Nakliyat,Şereflikoçhisar Kale . TAŞIMACILIK,https://ankaraozdemirnakliyat.com/islemler/ankara/sereflikochisar/kale,UNKNOWN,UNKNOWN,UNKNOWN,UNKNOWN,UNKNOWN,false
ozdemir,https://ankaraozdemirnakliyat.com/islemler/ankara/yenimahalle,ankara_district,KEEP,200,true,1509,0.6452,0.3548,0.0000,,false,false,false,365,84,Yenimahalle Evden Eve Nakliyat - Asansörlü & Sigortalı | Ankara Özdemir Nakliyat,Yenimahalle . NAKLİYAT,https://ankaraozdemirnakliyat.com/islemler/ankara/yenimahalle,UNKNOWN,UNKNOWN,UNKNOWN,UNKNOWN,UNKNOWN,false
ozdemir,https://ankaraozdemirnakliyat.com/islemler/ankara/yenimahalle/evden-eve-nakliyat,ankara_district_service,KEEP,200,true,1016,0.5630,0.2216,0.8115,https://ankaraozdemirnakliyat.com/islemler/ankara/yenimahalle/ofis-tasima,false,false,false,3,61,Yenimahalle Evden Eve Nakliyat | Garantili Hizmet | Ankara Özdemir Nakliyat,Yenimahalle Evden Eve Nakliyat,https://ankaraozdemirnakliyat.com/islemler/ankara/yenimahalle/evden-eve-nakliyat,UNKNOWN,UNKNOWN,UNKNOWN,UNKNOWN,UNKNOWN,false
ozdemir,https://ankaraozdemirnakliyat.com/islemler/ankara/yenimahalle/ofis-tasima,ankara_district_service,KEEP,200,true,995,0.5861,0.1885,0.7450,https://ankaraozdemirnakliyat.com/islemler/ankara/yenimahalle/nakliyat-fiyatlari,false,false,false,3,61,Yenimahalle Ofis Taşıma | Garantili Hizmet | Ankara Özdemir Nakliyat,Yenimahalle Ofis Taşıma,https://ankaraozdemirnakliyat.com/islemler/ankara/yenimahalle/ofis-tasima,UNKNOWN,UNKNOWN,UNKNOWN,UNKNOWN,UNKNOWN,false
ozdemir,https://ankaraozdemirnakliyat.com/islemler/ankara/yenimahalle/nakliyat-fiyatlari,ankara_district_service,KEEP,200,true,1015,0.5737,0.2004,0.4879,https://ankaraozdemirnakliyat.com/islemler/ankara/yenimahalle/demetevler,false,false,false,2,61,Yenimahalle Nakliyat Fiyatları | Garantili Hizmet | Ankara Özdemir Nakliyat,Yenimahalle Nakliyat Fiyatları,https://ankaraozdemirnakliyat.com/islemler/ankara/yenimahalle/nakliyat-fiyatlari,UNKNOWN,UNKNOWN,UNKNOWN,UNKNOWN,UNKNOWN,false
ozdemir,https://ankaraozdemirnakliyat.com/islemler/ankara/yenimahalle/batikent,ankara_district_service,MANUAL_REVIEW,200,true,847,0.7122,0.1667,0.8121,https://ankaraozdemirnakliyat.com/islemler/ankara/yenimahalle/kardelen,true,false,false,35,65,Ankara Yenimahalle Batıkent Evden Eve Nakliyat | Ankara Özdemir Nakliyat,Yenimahalle Batıkent . LOJİSTİK,https://ankaraozdemirnakliyat.com/islemler/ankara/yenimahalle/batikent,UNKNOWN,UNKNOWN,UNKNOWN,UNKNOWN,UNKNOWN,false
ozdemir,https://ankaraozdemirnakliyat.com/islemler/ankara/yenimahalle/demetevler,ankara_district_service,MERGE,200,true,847,0.7122,0.1667,0.9610,https://ankaraozdemirnakliyat.com/islemler/ankara/yenimahalle/gayret,true,true,false,35,65,Ankara Yenimahalle Demetevler Evden Eve Nakliyat | Ankara Özdemir Nakliyat,Yenimahalle Demetevler . TAŞIMACILIK,https://ankaraozdemirnakliyat.com/islemler/ankara/yenimahalle/demetevler,UNKNOWN,UNKNOWN,UNKNOWN,UNKNOWN,UNKNOWN,false
ozdemir,https://ankaraozdemirnakliyat.com/islemler/ankara/yenimahalle/ivedik,ankara_district_service,MERGE,200,true,848,0.7122,0.1667,0.9611,https://ankaraozdemirnakliyat.com/islemler/ankara/yenimahalle/ivedikosb,true,true,false,35,65,Ankara Yenimahalle İvedik Evden Eve Nakliyat | Ankara Özdemir Nakliyat,Yenimahalle İvedik . EVDEN EVE,https://ankaraozdemirnakliyat.com/islemler/ankara/yenimahalle/ivedik,UNKNOWN,UNKNOWN,UNKNOWN,UNKNOWN,UNKNOWN,false
ozdemir,https://ankaraozdemirnakliyat.com/islemler/ankara/yenimahalle/ostim,ankara_district_service,MERGE,200,true,847,0.7122,0.1667,0.9610,https://ankaraozdemirnakliyat.com/islemler/ankara/yenimahalle/gayret,true,true,false,35,65,Ankara Yenimahalle Ostim Evden Eve Nakliyat | Ankara Özdemir Nakliyat,Yenimahalle Ostim . NAKLİYAT,https://ankaraozdemirnakliyat.com/islemler/ankara/yenimahalle/ostim,UNKNOWN,UNKNOWN,UNKNOWN,UNKNOWN,UNKNOWN,false
ozdemir,https://ankaraozdemirnakliyat.com/islemler/ankara/yenimahalle/sentepe,ankara_district_service,MANUAL_REVIEW,200,true,848,0.7122,0.0768,0.8123,https://ankaraozdemirnakliyat.com/islemler/ankara/yenimahalle/ivedikosb,true,false,false,35,65,Ankara Yenimahalle Şentepe Evden Eve Nakliyat | Ankara Özdemir Nakliyat,Yenimahalle Şentepe . EVDEN EVE,https://ankaraozdemirnakliyat.com/islemler/ankara/yenimahalle/sentepe,UNKNOWN,UNKNOWN,UNKNOWN,UNKNOWN,UNKNOWN,false
ozdemir,https://ankaraozdemirnakliyat.com/islemler/ankara/yenimahalle/cayyolu-2,ankara_district_service,MANUAL_REVIEW,200,true,866,0.6803,0.2040,0.7854,https://ankaraozdemirnakliyat.com/islemler/ankara/yenimahalle/gayret,true,false,false,35,65,Ankara Yenimahalle Çayyolu 2 Evden Eve Nakliyat | Ankara Özdemir Nakliyat,Yenimahalle Çayyolu 2 . NAKLİYAT,https://ankaraozdemirnakliyat.com/islemler/ankara/yenimahalle/cayyolu-2,UNKNOWN,UNKNOWN,UNKNOWN,UNKNOWN,UNKNOWN,false
ozdemir,https://ankaraozdemirnakliyat.com/islemler/ankara/yenimahalle/bestepe,ankara_district_service,MANUAL_REVIEW,200,true,847,0.7122,0.1667,0.8214,https://ankaraozdemirnakliyat.com/islemler/ankara/yenimahalle/gayret,true,false,false,35,65,Ankara Yenimahalle Beştepe Evden Eve Nakliyat | Ankara Özdemir Nakliyat,Yenimahalle Beştepe . NAKLİYAT,https://ankaraozdemirnakliyat.com/islemler/ankara/yenimahalle/bestepe,UNKNOWN,UNKNOWN,UNKNOWN,UNKNOWN,UNKNOWN,false
ozdemir,https://ankaraozdemirnakliyat.com/islemler/ankara/yenimahalle/gayret,ankara_district_service,MERGE,200,true,847,0.7122,0.1667,0.9738,https://ankaraozdemirnakliyat.com/islemler/ankara/yenimahalle/anadolu,true,true,false,35,65,Ankara Yenimahalle Gayret Evden Eve Nakliyat | Ankara Özdemir Nakliyat,Yenimahalle Gayret . NAKLİYAT,https://ankaraozdemirnakliyat.com/islemler/ankara/yenimahalle/gayret,UNKNOWN,UNKNOWN,UNKNOWN,UNKNOWN,UNKNOWN,false
ozdemir,https://ankaraozdemirnakliyat.com/islemler/ankara/yenimahalle/macunkoy,ankara_district_service,MANUAL_REVIEW,200,true,847,0.7122,0.1667,0.8193,https://ankaraozdemirnakliyat.com/islemler/ankara/yenimahalle/kardelen,true,false,false,35,65,Ankara Yenimahalle Macunköy Evden Eve Nakliyat | Ankara Özdemir Nakliyat,Yenimahalle Macunköy . LOJİSTİK,https://ankaraozdemirnakliyat.com/islemler/ankara/yenimahalle/macunkoy,UNKNOWN,UNKNOWN,UNKNOWN,UNKNOWN,UNKNOWN,false
ozdemir,https://ankaraozdemirnakliyat.com/islemler/ankara/yenimahalle/varlik,ankara_district_service,MANUAL_REVIEW,200,true,847,0.7122,0.1667,0.8203,https://ankaraozdemirnakliyat.com/islemler/ankara/yenimahalle/kardelen,true,false,false,35,65,Ankara Yenimahalle Varlık Evden Eve Nakliyat | Ankara Özdemir Nakliyat,Yenimahalle Varlık . TAŞIMACILIK,https://ankaraozdemirnakliyat.com/islemler/ankara/yenimahalle/varlik,UNKNOWN,UNKNOWN,UNKNOWN,UNKNOWN,UNKNOWN,false
ozdemir,https://ankaraozdemirnakliyat.com/islemler/ankara/yenimahalle/kardelen,ankara_district_service,MERGE,200,true,847,0.7122,0.1667,0.9739,https://ankaraozdemirnakliyat.com/islemler/ankara/yenimahalle/ergazi,true,true,false,35,65,Ankara Yenimahalle Kardelen Evden Eve Nakliyat | Ankara Özdemir Nakliyat,Yenimahalle Kardelen . LOJİSTİK,https://ankaraozdemirnakliyat.com/islemler/ankara/yenimahalle/kardelen,UNKNOWN,UNKNOWN,UNKNOWN,UNKNOWN,UNKNOWN,false
ozdemir,https://ankaraozdemirnakliyat.com/islemler/ankara/yenimahalle/ugur-mumcu,ankara_district_service,MANUAL_REVIEW,200,true,866,0.6803,0.2040,0.8190,https://ankaraozdemirnakliyat.com/islemler/ankara/yenimahalle/anadolu,true,false,false,35,65,Ankara Yenimahalle Uğur Mumcu Evden Eve Nakliyat | Ankara Özdemir Nakliyat,Yenimahalle Uğur Mumcu . LOJİSTİK,https://ankaraozdemirnakliyat.com/islemler/ankara/yenimahalle/ugur-mumcu,UNKNOWN,UNKNOWN,UNKNOWN,UNKNOWN,UNKNOWN,false
ozdemir,https://ankaraozdemirnakliyat.com/islemler/ankara/yenimahalle/anadolu,ankara_district_service,MERGE,200,true,847,0.7122,0.1667,0.9738,https://ankaraozdemirnakliyat.com/islemler/ankara/yenimahalle/kayalar,true,true,false,35,65,Ankara Yenimahalle Anadolu Evden Eve Nakliyat | Ankara Özdemir Nakliyat,Yenimahalle Anadolu . NAKLİYAT,https://ankaraozdemirnakliyat.com/islemler/ankara/yenimahalle/anadolu,UNKNOWN,UNKNOWN,UNKNOWN,UNKNOWN,UNKNOWN,false
ozdemir,https://ankaraozdemirnakliyat.com/islemler/ankara/yenimahalle/avcilar,ankara_district_service,MANUAL_REVIEW,200,true,847,0.7122,0.1667,0.8169,https://ankaraozdemirnakliyat.com/islemler/ankara/yenimahalle/ergazi,true,false,false,35,65,Ankara Yenimahalle Avcılar Evden Eve Nakliyat | Ankara Özdemir Nakliyat,Yenimahalle Avcılar . LOJİSTİK,https://ankaraozdemirnakliyat.com/islemler/ankara/yenimahalle/avcilar,UNKNOWN,UNKNOWN,UNKNOWN,UNKNOWN,UNKNOWN,false
ozdemir,https://ankaraozdemirnakliyat.com/islemler/ankara/yenimahalle/burc,ankara_district_service,MANUAL_REVIEW,200,true,847,0.7122,0.1667,0.8179,https://ankaraozdemirnakliyat.com/islemler/ankara/yenimahalle/ergazi,true,false,false,35,65,Ankara Yenimahalle Burç Evden Eve Nakliyat | Ankara Özdemir Nakliyat,Yenimahalle Burç . NAKLİYAT,https://ankaraozdemirnakliyat.com/islemler/ankara/yenimahalle/burc,UNKNOWN,UNKNOWN,UNKNOWN,UNKNOWN,UNKNOWN,false
ozdemir,https://ankaraozdemirnakliyat.com/islemler/ankara/yenimahalle/cigdemtepe,ankara_district_service,MANUAL_REVIEW,200,true,848,0.7122,0.1667,0.8182,https://ankaraozdemirnakliyat.com/islemler/ankara/yenimahalle/ergazi,true,false,false,35,65,Ankara Yenimahalle Çiğdemtepe Evden Eve Nakliyat | Ankara Özdemir Nakliyat,Yenimahalle Çiğdemtepe . EVDEN EVE,https://ankaraozdemirnakliyat.com/islemler/ankara/yenimahalle/cigdemtepe,UNKNOWN,UNKNOWN,UNKNOWN,UNKNOWN,UNKNOWN,false
ozdemir,https://ankaraozdemirnakliyat.com/islemler/ankara/yenimahalle/ergazi,ankara_district_service,MERGE,200,true,847,0.7122,0.1667,0.9854,https://ankaraozdemirnakliyat.com/islemler/ankara/yenimahalle/ergenekon,true,true,false,35,65,Ankara Yenimahalle Ergazi Evden Eve Nakliyat | Ankara Özdemir Nakliyat,Yenimahalle Ergazi . LOJİSTİK,https://ankaraozdemirnakliyat.com/islemler/ankara/yenimahalle/ergazi,UNKNOWN,UNKNOWN,UNKNOWN,UNKNOWN,UNKNOWN,false
ozdemir,https://ankaraozdemirnakliyat.com/islemler/ankara/yenimahalle/ergenekon,ankara_district_service,MERGE,200,true,847,0.7122,0.1667,0.9854,https://ankaraozdemirnakliyat.com/islemler/ankara/yenimahalle/susuz,true,true,false,35,65,Ankara Yenimahalle Ergenekon Evden Eve Nakliyat | Ankara Özdemir Nakliyat,Yenimahalle Ergenekon . LOJİSTİK,https://ankaraozdemirnakliyat.com/islemler/ankara/yenimahalle/ergenekon,UNKNOWN,UNKNOWN,UNKNOWN,UNKNOWN,UNKNOWN,false
ozdemir,https://ankaraozdemirnakliyat.com/islemler/ankara/yenimahalle/ilkyerlesim,ankara_district_service,MANUAL_REVIEW,200,true,847,0.7122,0.1406,0.8336,https://ankaraozdemirnakliyat.com/islemler/ankara/yenimahalle/kayalar,true,false,false,19,65,Ankara Yenimahalle İlkyerleşim Evden Eve Nakliyat | Ankara Özdemir Nakliyat,Yenimahalle İlkyerleşim . TAŞIMACILIK,https://ankaraozdemirnakliyat.com/islemler/ankara/yenimahalle/ilkyerlesim,UNKNOWN,UNKNOWN,UNKNOWN,UNKNOWN,UNKNOWN,false
ozdemir,https://ankaraozdemirnakliyat.com/islemler/ankara/yenimahalle/inonu,ankara_district_service,MANUAL_REVIEW,200,true,847,0.7122,0.1406,0.8338,https://ankaraozdemirnakliyat.com/islemler/ankara/yenimahalle/susuz,true,false,false,1,65,Ankara Yenimahalle İnönü Evden Eve Nakliyat | Ankara Özdemir Nakliyat,Yenimahalle İnönü . LOJİSTİK,https://ankaraozdemirnakliyat.com/islemler/ankara/yenimahalle/inonu,UNKNOWN,UNKNOWN,UNKNOWN,UNKNOWN,UNKNOWN,false
ozdemir,https://ankaraozdemirnakliyat.com/islemler/ankara/yenimahalle/isinlar,ankara_district_service,MANUAL_REVIEW,200,true,847,0.7122,0.1406,0.8338,https://ankaraozdemirnakliyat.com/islemler/ankara/yenimahalle/susuz,true,false,false,1,65,Ankara Yenimahalle Işınlar Evden Eve Nakliyat | Ankara Özdemir Nakliyat,Yenimahalle Işınlar . LOJİSTİK,https://ankaraozdemirnakliyat.com/islemler/ankara/yenimahalle/isinlar,UNKNOWN,UNKNOWN,UNKNOWN,UNKNOWN,UNKNOWN,false
ozdemir,https://ankaraozdemirnakliyat.com/islemler/ankara/yenimahalle/ivedikosb,ankara_district_service,MERGE,200,true,848,0.7122,0.1406,1.0000,https://ankaraozdemirnakliyat.com/islemler/ankara/yenimahalle/kaletepe,true,true,false,1,65,Ankara Yenimahalle İvedikosb Evden Eve Nakliyat | Ankara Özdemir Nakliyat,Yenimahalle İvedikosb . EVDEN EVE,https://ankaraozdemirnakliyat.com/islemler/ankara/yenimahalle/ivedikosb,UNKNOWN,UNKNOWN,UNKNOWN,UNKNOWN,UNKNOWN,false
ozdemir,https://ankaraozdemirnakliyat.com/islemler/ankara/yenimahalle/kaletepe,ankara_district_service,MERGE,200,true,848,0.7122,0.1406,1.0000,https://ankaraozdemirnakliyat.com/islemler/ankara/yenimahalle/kentkoop,true,true,false,1,65,Ankara Yenimahalle Kaletepe Evden Eve Nakliyat | Ankara Özdemir Nakliyat,Yenimahalle Kaletepe . EVDEN EVE,https://ankaraozdemirnakliyat.com/islemler/ankara/yenimahalle/kaletepe,UNKNOWN,UNKNOWN,UNKNOWN,UNKNOWN,UNKNOWN,false
ozdemir,https://ankaraozdemirnakliyat.com/islemler/ankara/yenimahalle/karsiyaka,ankara_district_service,MANUAL_REVIEW,200,true,847,0.7122,0.0508,0.8336,https://ankaraozdemirnakliyat.com/islemler/ankara/yenimahalle/kayalar,true,false,false,1,65,Ankara Yenimahalle Karşıyaka Evden Eve Nakliyat | Ankara Özdemir Nakliyat,Yenimahalle Karşıyaka . NAKLİYAT,https://ankaraozdemirnakliyat.com/islemler/ankara/yenimahalle/karsiyaka,UNKNOWN,UNKNOWN,UNKNOWN,UNKNOWN,UNKNOWN,false
ozdemir,https://ankaraozdemirnakliyat.com/islemler/ankara/yenimahalle/kayalar,ankara_district_service,MERGE,200,true,847,0.7122,0.1406,1.0000,https://ankaraozdemirnakliyat.com/islemler/ankara/yenimahalle/mehmet-akif-ersoy,true,true,false,1,65,Ankara Yenimahalle Kayalar Evden Eve Nakliyat | Ankara Özdemir Nakliyat,Yenimahalle Kayalar . TAŞIMACILIK,https://ankaraozdemirnakliyat.com/islemler/ankara/yenimahalle/kayalar,UNKNOWN,UNKNOWN,UNKNOWN,UNKNOWN,UNKNOWN,false
ozdemir,https://ankaraozdemirnakliyat.com/islemler/ankara/yenimahalle/kentkoop,ankara_district_service,MERGE,200,true,848,0.7122,0.1406,1.0000,https://ankaraozdemirnakliyat.com/islemler/ankara/yenimahalle/memlik,true,true,false,1,65,Ankara Yenimahalle Kentkoop Evden Eve Nakliyat | Ankara Özdemir Nakliyat,Yenimahalle Kentkoop . EVDEN EVE,https://ankaraozdemirnakliyat.com/islemler/ankara/yenimahalle/kentkoop,UNKNOWN,UNKNOWN,UNKNOWN,UNKNOWN,UNKNOWN,false
ozdemir,https://ankaraozdemirnakliyat.com/islemler/ankara/yenimahalle/kuzey-yildizi,ankara_district_service,KEEP,200,true,867,0.6795,0.1801,0.8338,https://ankaraozdemirnakliyat.com/islemler/ankara/yenimahalle/susuz,false,false,false,1,65,Ankara Yenimahalle Kuzey Yıldızı Evden Eve Nakliyat | Ankara Özdemir Nakliyat,Yenimahalle Kuzey Yıldızı . LOJİSTİK,https://ankaraozdemirnakliyat.com/islemler/ankara/yenimahalle/kuzey-yildizi,UNKNOWN,UNKNOWN,UNKNOWN,UNKNOWN,UNKNOWN,false
ozdemir,https://ankaraozdemirnakliyat.com/islemler/ankara/yenimahalle/mehmet-akif-ersoy,ankara_district_service,MERGE,200,true,887,0.6638,0.1990,1.0000,https://ankaraozdemirnakliyat.com/islemler/ankara/yenimahalle/pamuklar,true,true,false,1,65,Ankara Yenimahalle Mehmet Akif Ersoy Evden Eve Nakliyat | Ankara Özdemir Nakliyat,Yenimahalle Mehmet Akif Ersoy . TAŞIMACILIK,https://ankaraozdemirnakliyat.com/islemler/ankara/yenimahalle/mehmet-akif-ersoy,UNKNOWN,UNKNOWN,UNKNOWN,UNKNOWN,UNKNOWN,false
ozdemir,https://ankaraozdemirnakliyat.com/islemler/ankara/yenimahalle/memlik,ankara_district_service,MERGE,200,true,848,0.7122,0.1406,0.9912,https://ankaraozdemirnakliyat.com/islemler/ankara/yenimahalle/pamuklar,true,true,false,1,65,Ankara Yenimahalle Memlik Evden Eve Nakliyat | Ankara Özdemir Nakliyat,Yenimahalle Memlik . EVDEN EVE,https://ankaraozdemirnakliyat.com/islemler/ankara/yenimahalle/memlik,UNKNOWN,UNKNOWN,UNKNOWN,UNKNOWN,UNKNOWN,false
ozdemir,https://ankaraozdemirnakliyat.com/islemler/ankara/yenimahalle/pamuklar,ankara_district_service,MERGE,200,true,847,0.7122,0.1406,1.0000,https://ankaraozdemirnakliyat.com/islemler/ankara/yenimahalle/yuva,true,true,false,1,65,Ankara Yenimahalle Pamuklar Evden Eve Nakliyat | Ankara Özdemir Nakliyat,Yenimahalle Pamuklar . TAŞIMACILIK,https://ankaraozdemirnakliyat.com/islemler/ankara/yenimahalle/pamuklar,UNKNOWN,UNKNOWN,UNKNOWN,UNKNOWN,UNKNOWN,false
ozdemir,https://ankaraozdemirnakliyat.com/islemler/ankara/yenimahalle/susuz,ankara_district_service,MERGE,200,true,847,0.7122,0.1406,0.9927,https://ankaraozdemirnakliyat.com/islemler/ankara/yenimahalle/yuva,true,true,false,1,65,Ankara Yenimahalle Susuz Evden Eve Nakliyat | Ankara Özdemir Nakliyat,Yenimahalle Susuz . LOJİSTİK,https://ankaraozdemirnakliyat.com/islemler/ankara/yenimahalle/susuz,UNKNOWN,UNKNOWN,UNKNOWN,UNKNOWN,UNKNOWN,false
ozdemir,https://ankaraozdemirnakliyat.com/islemler/ankara/yenimahalle/tepealti,ankara_district_service,MANUAL_REVIEW,200,true,847,0.7122,0.1406,0.8336,https://ankaraozdemirnakliyat.com/islemler/ankara/yenimahalle/yuva,true,false,false,1,65,Ankara Yenimahalle Tepealtı Evden Eve Nakliyat | Ankara Özdemir Nakliyat,Yenimahalle Tepealtı . NAKLİYAT,https://ankaraozdemirnakliyat.com/islemler/ankara/yenimahalle/tepealti,UNKNOWN,UNKNOWN,UNKNOWN,UNKNOWN,UNKNOWN,false
ozdemir,https://ankaraozdemirnakliyat.com/islemler/ankara/yenimahalle/turgut-ozal,ankara_district_service,KEEP,200,true,867,0.6795,0.1801,0.8336,https://ankaraozdemirnakliyat.com/islemler/ankara/yenimahalle/yuva,false,false,false,1,65,Ankara Yenimahalle Turgut Özal Evden Eve Nakliyat | Ankara Özdemir Nakliyat,Yenimahalle Turgut Özal . NAKLİYAT,https://ankaraozdemirnakliyat.com/islemler/ankara/yenimahalle/turgut-ozal,UNKNOWN,UNKNOWN,UNKNOWN,UNKNOWN,UNKNOWN,false
ozdemir,https://ankaraozdemirnakliyat.com/islemler/ankara/yenimahalle/yakacik,ankara_district_service,MANUAL_REVIEW,200,true,847,0.7122,0.1406,0.8336,https://ankaraozdemirnakliyat.com/islemler/ankara/yenimahalle/yuva,true,false,false,1,65,Ankara Yenimahalle Yakacık Evden Eve Nakliyat | Ankara Özdemir Nakliyat,Yenimahalle Yakacık . TAŞIMACILIK,https://ankaraozdemirnakliyat.com/islemler/ankara/yenimahalle/yakacik,UNKNOWN,UNKNOWN,UNKNOWN,UNKNOWN,UNKNOWN,false
ozdemir,https://ankaraozdemirnakliyat.com/islemler/ankara/yenimahalle/yuva,ankara_district_service,MANUAL_REVIEW,200,true,847,0.7122,0.1406,0.0000,,true,false,false,1,65,Ankara Yenimahalle Yuva Evden Eve Nakliyat | Ankara Özdemir Nakliyat,Yenimahalle Yuva . TAŞIMACILIK,https://ankaraozdemirnakliyat.com/islemler/ankara/yenimahalle/yuva,UNKNOWN,UNKNOWN,UNKNOWN,UNKNOWN,UNKNOWN,false
akif,https://www.ankaraakifnakliyat.com/,home,IMPROVE,200,true,320,0.0000,1.0000,0.0000,,false,false,false,499,19,Ankara Evden Eve Nakliyat ve Taşımacılık | Akif Nakliyat,Ankara Evden Eve Nakliyat - Akif Nakliyat | Güvenilir Taşımacılık Hizmeti,https://www.ankaraakifnakliyat.com/,UNKNOWN,UNKNOWN,UNKNOWN,UNKNOWN,UNKNOWN,false
akif,https://www.ankaraakifnakliyat.com/hizmetler,static_hizmetler,IMPROVE,200,true,374,0.0000,1.0000,0.0000,,false,false,false,499,26,Hizmetlerimiz | Ankara Evden Eve Nakliyat | Akif Nakliyat,HİZMET SANATIMIZ,https://www.ankaraakifnakliyat.com/hizmetler/,UNKNOWN,UNKNOWN,UNKNOWN,UNKNOWN,UNKNOWN,false
akif,https://www.ankaraakifnakliyat.com/evden-eve-nakliyat,static_evden-eve-nakliyat,KEEP,200,true,766,0.0000,1.0000,0.0000,,false,false,false,499,22,Ankara Evden Eve Nakliyat | Akif Nakliyat,EVDEN EVE . NAKLİYAT,https://www.ankaraakifnakliyat.com/evden-eve-nakliyat/,UNKNOWN,UNKNOWN,UNKNOWN,UNKNOWN,UNKNOWN,false
akif,https://www.ankaraakifnakliyat.com/islemler,static_islemler,IMPROVE,200,true,404,0.0000,1.0000,0.0000,,false,false,false,499,54,Nakliyat Hizmet Bölgeleri | Ankara ve Şehirler Arası | Akif Nakliyat,Hizmet . Alanı 2026,https://www.ankaraakifnakliyat.com/islemler/,UNKNOWN,UNKNOWN,UNKNOWN,UNKNOWN,UNKNOWN,false
akif,https://www.ankaraakifnakliyat.com/galeri,static_galeri,IMPROVE,200,true,115,0.0000,1.0000,0.0000,,false,false,true,499,19,Galeri | Nakliyat Fotoğrafları ve Videoları | Akif Nakliyat,Kaliteyi Görmek İçin . Çalışmalarımızı İnceleyin,https://www.ankaraakifnakliyat.com/galeri/,UNKNOWN,UNKNOWN,UNKNOWN,UNKNOWN,UNKNOWN,false
akif,https://www.ankaraakifnakliyat.com/blog,static_blog,IMPROVE,200,true,288,0.0000,1.0000,0.0000,,false,false,false,499,34,Blog | Nakliyat Rehberi ve Taşınma İpuçları | Akif Nakliyat,Taşınma . Rehberi.,https://www.ankaraakifnakliyat.com/blog/,UNKNOWN,UNKNOWN,UNKNOWN,UNKNOWN,UNKNOWN,false
akif,https://www.ankaraakifnakliyat.com/iletisim,static_iletisim,IMPROVE,200,true,96,0.0000,1.0000,0.0000,,false,false,true,499,19,İletişim | Akif Nakliyat - Profesyonel Nakliye Teklifi Alın,Hemen Teklif Alın,https://www.ankaraakifnakliyat.com/iletisim/,UNKNOWN,UNKNOWN,UNKNOWN,UNKNOWN,UNKNOWN,false
akif,https://www.ankaraakifnakliyat.com/hakkimizda,static_hakkimizda,IMPROVE,200,true,132,0.0000,1.0000,0.0000,,false,false,true,499,19,Hakkımızda | Akif Nakliyat,Akif Nakliyat,https://www.ankaraakifnakliyat.com/hakkimizda/,UNKNOWN,UNKNOWN,UNKNOWN,UNKNOWN,UNKNOWN,false
akif,https://www.ankaraakifnakliyat.com/sss,static_sss,IMPROVE,200,true,95,0.0000,1.0000,0.0000,,false,false,true,499,19,Sıkça Sorulan Sorular | Akif Nakliyat,Aklınıza Takılanlar,https://www.ankaraakifnakliyat.com/sss/,UNKNOWN,UNKNOWN,UNKNOWN,UNKNOWN,UNKNOWN,false
akif,https://www.ankaraakifnakliyat.com/gizlilik-politikasi,static_gizlilik-politikasi,IMPROVE,200,true,157,0.0000,1.0000,0.0000,,false,false,true,499,19,Gizlilik Politikası | Akif Nakliyat,Gizlilik Politikası,https://www.ankaraakifnakliyat.com/gizlilik-politikasi/,UNKNOWN,UNKNOWN,UNKNOWN,UNKNOWN,UNKNOWN,false
akif,https://www.ankaraakifnakliyat.com/kullanim-sartlari,static_kullanim-sartlari,IMPROVE,200,true,187,0.0000,1.0000,0.0000,,false,false,true,499,19,Kullanım Şartları | Akif Nakliyat,Kullanım Şartları,https://www.ankaraakifnakliyat.com/kullanim-sartlari/,UNKNOWN,UNKNOWN,UNKNOWN,UNKNOWN,UNKNOWN,false
akif,https://www.ankaraakifnakliyat.com/kvkk,static_kvkk,IMPROVE,200,true,294,0.0000,1.0000,0.0000,,false,false,false,499,19,KVKK Aydınlatma Metni | Akif Nakliyat,KVKK Aydınlatma Metni,https://www.ankaraakifnakliyat.com/kvkk/,UNKNOWN,UNKNOWN,UNKNOWN,UNKNOWN,UNKNOWN,false
akif,https://www.ankaraakifnakliyat.com/hizmetler/sehir-ici-nakliyat,service_page,KEEP,200,true,792,0.2389,0.6748,0.2650,https://www.ankaraakifnakliyat.com/hizmetler/ofis-tasima,false,false,false,1,19,Şehir İçi Nakliyat | Ankara Akif Nakliyat - 2026 Fiyatları,Şehir İçi . Nakliyat,https://www.ankaraakifnakliyat.com/hizmetler/sehir-ici-nakliyat/,UNKNOWN,UNKNOWN,UNKNOWN,UNKNOWN,UNKNOWN,false
akif,https://www.ankaraakifnakliyat.com/hizmetler/sehirler-arasi-nakliyat,service_page,KEEP,200,true,767,0.2438,0.6763,0.2710,https://www.ankaraakifnakliyat.com/hizmetler/asansorlu-tasima,false,false,false,18,19,Şehirler Arası Nakliyat | Ankara Akif Nakliyat - 2026 Fiyatları,Şehirler Arası . Nakliyat,https://www.ankaraakifnakliyat.com/hizmetler/sehirler-arasi-nakliyat/,UNKNOWN,UNKNOWN,UNKNOWN,UNKNOWN,UNKNOWN,false
akif,https://www.ankaraakifnakliyat.com/hizmetler/ofis-tasima,service_page,KEEP,200,true,688,0.2757,0.6682,0.3093,https://www.ankaraakifnakliyat.com/hizmetler/parca-esya-tasima,false,false,false,17,19,Ofis Taşıma | Ankara Akif Nakliyat - 2026 Fiyatları,Ofis . Taşıma,https://www.ankaraakifnakliyat.com/hizmetler/ofis-tasima/,UNKNOWN,UNKNOWN,UNKNOWN,UNKNOWN,UNKNOWN,false
akif,https://www.ankaraakifnakliyat.com/hizmetler/parca-esya-tasima,service_page,KEEP,200,true,744,0.2550,0.6484,0.2579,https://www.ankaraakifnakliyat.com/hizmetler/paketleme,false,false,false,17,19,Parça Eşya Taşıma | Ankara Akif Nakliyat - 2026 Fiyatları,Parça Eşya . Taşıma,https://www.ankaraakifnakliyat.com/hizmetler/parca-esya-tasima/,UNKNOWN,UNKNOWN,UNKNOWN,UNKNOWN,UNKNOWN,false
akif,https://www.ankaraakifnakliyat.com/hizmetler/asansorlu-tasima,service_page,KEEP,200,true,678,0.2783,0.6226,0.2620,https://www.ankaraakifnakliyat.com/hizmetler/sigorta,false,false,false,18,19,Asansörlü Taşımacılık | Ankara Akif Nakliyat - 2026 Fiyatları,Asansörlü . Taşımacılık,https://www.ankaraakifnakliyat.com/hizmetler/asansorlu-tasima/,UNKNOWN,UNKNOWN,UNKNOWN,UNKNOWN,UNKNOWN,false
akif,https://www.ankaraakifnakliyat.com/hizmetler/paketleme,service_page,KEEP,200,true,684,0.3010,0.6258,0.2522,https://www.ankaraakifnakliyat.com/hizmetler/sigorta,false,false,false,2,19,Paketleme Hizmetleri | Ankara Akif Nakliyat - 2026 Fiyatları,Paketleme . Hizmetleri,https://www.ankaraakifnakliyat.com/hizmetler/paketleme/,UNKNOWN,UNKNOWN,UNKNOWN,UNKNOWN,UNKNOWN,false
akif,https://www.ankaraakifnakliyat.com/hizmetler/sigorta,service_page,KEEP,200,true,682,0.2944,0.6386,0.0000,,false,false,false,1,19,Nakliyat Sigortası | Ankara Akif Nakliyat - 2026 Fiyatları,Nakliyat . Sigortası,https://www.ankaraakifnakliyat.com/hizmetler/sigorta/,UNKNOWN,UNKNOWN,UNKNOWN,UNKNOWN,UNKNOWN,false
akif,https://www.ankaraakifnakliyat.com/islemler/ankara/altindag,ankara_district,KEEP,200,true,546,0.1218,0.8782,0.1501,https://www.ankaraakifnakliyat.com/islemler/ankara/akyurt,false,false,false,499,38,Altındağ Nakliyat | Altındağ Evden Eve | Akif Nakliyat,Ankara Altındağ NAKLİYAT,https://www.ankaraakifnakliyat.com/islemler/ankara/altindag/,UNKNOWN,UNKNOWN,UNKNOWN,UNKNOWN,UNKNOWN,false
akif,https://www.ankaraakifnakliyat.com/islemler/ankara/akyurt,ankara_district,KEEP,200,true,527,0.1266,0.8734,0.7302,https://www.ankaraakifnakliyat.com/islemler/ankara/kalecik,false,false,false,499,38,Akyurt Nakliyat | Akyurt Evden Eve | Akif Nakliyat,Ankara Akyurt NAKLİYAT,https://www.ankaraakifnakliyat.com/islemler/ankara/akyurt/,UNKNOWN,UNKNOWN,UNKNOWN,UNKNOWN,UNKNOWN,false
akif,https://www.ankaraakifnakliyat.com/islemler/ankara/ayas,ankara_district,KEEP,200,true,507,0.1320,0.8680,0.1491,https://www.ankaraakifnakliyat.com/islemler/ankara/kalecik,false,false,false,499,38,Ayaş Nakliyat | Ayaş Evden Eve | Akif Nakliyat,Ankara Ayaş NAKLİYAT,https://www.ankaraakifnakliyat.com/islemler/ankara/ayas/,UNKNOWN,UNKNOWN,UNKNOWN,UNKNOWN,UNKNOWN,false
akif,https://www.ankaraakifnakliyat.com/islemler/ankara/bala,ankara_district,KEEP,200,true,508,0.1317,0.8683,0.1507,https://www.ankaraakifnakliyat.com/islemler/ankara/evren,false,false,false,499,38,Balâ Nakliyat | Balâ Evden Eve | Akif Nakliyat,Ankara Balâ NAKLİYAT,https://www.ankaraakifnakliyat.com/islemler/ankara/bala/,UNKNOWN,UNKNOWN,UNKNOWN,UNKNOWN,UNKNOWN,false
akif,https://www.ankaraakifnakliyat.com/islemler/ankara/beypazari,ankara_district,KEEP,200,true,520,0.1298,0.8702,0.1466,https://www.ankaraakifnakliyat.com/islemler/ankara/kalecik,false,false,false,499,38,Beypazarı Nakliyat | Beypazarı Evden Eve | Akif Nakliyat,Ankara Beypazarı NAKLİYAT,https://www.ankaraakifnakliyat.com/islemler/ankara/beypazari/,UNKNOWN,UNKNOWN,UNKNOWN,UNKNOWN,UNKNOWN,false
akif,https://www.ankaraakifnakliyat.com/islemler/ankara/camlidere,ankara_district,KEEP,200,true,507,0.1320,0.8680,0.1498,https://www.ankaraakifnakliyat.com/islemler/ankara/kalecik,false,false,false,499,38,Çamlıdere Nakliyat | Çamlıdere Evden Eve | Akif Nakliyat,Ankara Çamlıdere NAKLİYAT,https://www.ankaraakifnakliyat.com/islemler/ankara/camlidere/,UNKNOWN,UNKNOWN,UNKNOWN,UNKNOWN,UNKNOWN,false
akif,https://www.ankaraakifnakliyat.com/islemler/ankara/cankaya,ankara_district,KEEP,200,true,561,0.1182,0.8818,0.1414,https://www.ankaraakifnakliyat.com/islemler/ankara/evren,false,false,false,30,37,Çankaya Nakliyat | Çankaya Evden Eve | Akif Nakliyat,Ankara Çankaya NAKLİYAT,https://www.ankaraakifnakliyat.com/islemler/ankara/cankaya/,UNKNOWN,UNKNOWN,UNKNOWN,UNKNOWN,UNKNOWN,false
akif,https://www.ankaraakifnakliyat.com/islemler/ankara/cubuk,ankara_district,KEEP,200,true,530,0.1258,0.8742,0.1465,https://www.ankaraakifnakliyat.com/islemler/ankara/evren,false,false,false,30,37,Çubuk Nakliyat | Çubuk Evden Eve | Akif Nakliyat,Ankara Çubuk NAKLİYAT,https://www.ankaraakifnakliyat.com/islemler/ankara/cubuk/,UNKNOWN,UNKNOWN,UNKNOWN,UNKNOWN,UNKNOWN,false
akif,https://www.ankaraakifnakliyat.com/islemler/ankara/elmadag,ankara_district,KEEP,200,true,524,0.1287,0.8713,0.1501,https://www.ankaraakifnakliyat.com/islemler/ankara/evren,false,false,false,30,37,Elmadağ Nakliyat | Elmadağ Evden Eve | Akif Nakliyat,Ankara Elmadağ NAKLİYAT,https://www.ankaraakifnakliyat.com/islemler/ankara/elmadag/,UNKNOWN,UNKNOWN,UNKNOWN,UNKNOWN,UNKNOWN,false
akif,https://www.ankaraakifnakliyat.com/islemler/ankara/etimesgut,ankara_district,KEEP,200,true,546,0.1218,0.8782,0.7054,https://www.ankaraakifnakliyat.com/islemler/ankara/evren,false,false,false,30,37,Etimesgut Nakliyat | Etimesgut Evden Eve | Akif Nakliyat,Ankara Etimesgut NAKLİYAT,https://www.ankaraakifnakliyat.com/islemler/ankara/etimesgut/,UNKNOWN,UNKNOWN,UNKNOWN,UNKNOWN,UNKNOWN,false
akif,https://www.ankaraakifnakliyat.com/islemler/ankara/evren,ankara_district,KEEP,200,true,508,0.1317,0.8683,0.7521,https://www.ankaraakifnakliyat.com/islemler/ankara/kalecik,false,false,false,30,37,Evren Nakliyat | Evren Evden Eve | Akif Nakliyat,Ankara Evren NAKLİYAT,https://www.ankaraakifnakliyat.com/islemler/ankara/evren/,UNKNOWN,UNKNOWN,UNKNOWN,UNKNOWN,UNKNOWN,false
akif,https://www.ankaraakifnakliyat.com/islemler/ankara/golbasi,ankara_district,KEEP,200,true,537,0.1240,0.8760,0.1494,https://www.ankaraakifnakliyat.com/islemler/ankara/kalecik,false,false,false,30,37,Gölbaşı Nakliyat | Gölbaşı Evden Eve | Akif Nakliyat,Ankara Gölbaşı NAKLİYAT,https://www.ankaraakifnakliyat.com/islemler/ankara/golbasi/,UNKNOWN,UNKNOWN,UNKNOWN,UNKNOWN,UNKNOWN,false
akif,https://www.ankaraakifnakliyat.com/islemler/ankara/gudul,ankara_district,KEEP,200,true,502,0.1335,0.8665,0.1542,https://www.ankaraakifnakliyat.com/islemler/ankara/haymana,false,false,false,30,37,Güdül Nakliyat | Güdül Evden Eve | Akif Nakliyat,Ankara Güdül NAKLİYAT,https://www.ankaraakifnakliyat.com/islemler/ankara/gudul/,UNKNOWN,UNKNOWN,UNKNOWN,UNKNOWN,UNKNOWN,false
akif,https://www.ankaraakifnakliyat.com/islemler/ankara/haymana,ankara_district,KEEP,200,true,516,0.1295,0.8705,0.7507,https://www.ankaraakifnakliyat.com/islemler/ankara/kalecik,false,false,false,30,37,Haymana Nakliyat | Haymana Evden Eve | Akif Nakliyat,Ankara Haymana NAKLİYAT,https://www.ankaraakifnakliyat.com/islemler/ankara/haymana/,UNKNOWN,UNKNOWN,UNKNOWN,UNKNOWN,UNKNOWN,false
akif,https://www.ankaraakifnakliyat.com/islemler/ankara/kahramankazan,ankara_district,KEEP,200,true,528,0.1263,0.8737,0.7344,https://www.ankaraakifnakliyat.com/islemler/ankara/kalecik,false,false,false,30,37,Kahramankazan Nakliyat | Kahramankazan Evden Eve | Akif Nakliyat,Ankara Kahramankazan NAKLİYAT,https://www.ankaraakifnakliyat.com/islemler/ankara/kahramankazan/,UNKNOWN,UNKNOWN,UNKNOWN,UNKNOWN,UNKNOWN,false
akif,https://www.ankaraakifnakliyat.com/islemler/ankara/kalecik,ankara_district,KEEP,200,true,502,0.1335,0.8665,0.7063,https://www.ankaraakifnakliyat.com/islemler/ankara/pursaklar,false,false,false,30,37,Kalecik Nakliyat | Kalecik Evden Eve | Akif Nakliyat,Ankara Kalecik NAKLİYAT,https://www.ankaraakifnakliyat.com/islemler/ankara/kalecik/,UNKNOWN,UNKNOWN,UNKNOWN,UNKNOWN,UNKNOWN,false
akif,https://www.ankaraakifnakliyat.com/islemler/ankara/kecioren,ankara_district,KEEP,200,true,548,0.1213,0.8787,0.1402,https://www.ankaraakifnakliyat.com/islemler/ankara/pursaklar,false,false,false,30,37,Keçiören Nakliyat | Keçiören Evden Eve | Akif Nakliyat,Ankara Keçiören NAKLİYAT,https://www.ankaraakifnakliyat.com/islemler/ankara/kecioren/,UNKNOWN,UNKNOWN,UNKNOWN,UNKNOWN,UNKNOWN,false
akif,https://www.ankaraakifnakliyat.com/islemler/ankara/kizilcahamam,ankara_district,KEEP,200,true,513,0.1317,0.8683,0.1495,https://www.ankaraakifnakliyat.com/islemler/ankara/pursaklar,false,false,false,30,37,Kızılcahamam Nakliyat | Kızılcahamam Evden Eve | Akif Nakliyat,Ankara Kızılcahamam NAKLİYAT,https://www.ankaraakifnakliyat.com/islemler/ankara/kizilcahamam/,UNKNOWN,UNKNOWN,UNKNOWN,UNKNOWN,UNKNOWN,false
akif,https://www.ankaraakifnakliyat.com/islemler/ankara/mamak,ankara_district,KEEP,200,true,547,0.1215,0.8785,0.6569,https://www.ankaraakifnakliyat.com/islemler/ankara/pursaklar,false,false,false,30,37,Mamak Nakliyat | Mamak Evden Eve | Akif Nakliyat,Ankara Mamak NAKLİYAT,https://www.ankaraakifnakliyat.com/islemler/ankara/mamak/,UNKNOWN,UNKNOWN,UNKNOWN,UNKNOWN,UNKNOWN,false
akif,https://www.ankaraakifnakliyat.com/islemler/ankara/nallihan,ankara_district,KEEP,200,true,514,0.1301,0.8699,0.1515,https://www.ankaraakifnakliyat.com/islemler/ankara/pursaklar,false,false,false,30,37,Nallıhan Nakliyat | Nallıhan Evden Eve | Akif Nakliyat,Ankara Nallıhan NAKLİYAT,https://www.ankaraakifnakliyat.com/islemler/ankara/nallihan/,UNKNOWN,UNKNOWN,UNKNOWN,UNKNOWN,UNKNOWN,false
akif,https://www.ankaraakifnakliyat.com/islemler/ankara/polatli,ankara_district,KEEP,200,true,539,0.1235,0.8360,0.1527,https://www.ankaraakifnakliyat.com/islemler/ankara/pursaklar,false,false,false,26,37,Polatlı Nakliyat | Polatlı Evden Eve | Akif Nakliyat,Ankara Polatlı NAKLİYAT,https://www.ankaraakifnakliyat.com/islemler/ankara/polatli/,UNKNOWN,UNKNOWN,UNKNOWN,UNKNOWN,UNKNOWN,false
akif,https://www.ankaraakifnakliyat.com/islemler/ankara/pursaklar,ankara_district,KEEP,200,true,535,0.1258,0.8330,0.6917,https://www.ankaraakifnakliyat.com/islemler/ankara/sincan,false,false,false,6,37,Pursaklar Nakliyat | Pursaklar Evden Eve | Akif Nakliyat,Ankara Pursaklar NAKLİYAT,https://www.ankaraakifnakliyat.com/islemler/ankara/pursaklar/,UNKNOWN,UNKNOWN,UNKNOWN,UNKNOWN,UNKNOWN,false
akif,https://www.ankaraakifnakliyat.com/islemler/ankara/sincan,ankara_district,KEEP,200,true,543,0.1225,0.8373,0.6765,https://www.ankaraakifnakliyat.com/islemler/ankara/yenimahalle,false,false,false,6,37,Sincan Nakliyat | Sincan Evden Eve | Akif Nakliyat,Ankara Sincan NAKLİYAT,https://www.ankaraakifnakliyat.com/islemler/ankara/sincan/,UNKNOWN,UNKNOWN,UNKNOWN,UNKNOWN,UNKNOWN,false
akif,https://www.ankaraakifnakliyat.com/islemler/ankara/sereflikochisar,ankara_district,KEEP,200,true,511,0.1309,0.8262,0.1562,https://www.ankaraakifnakliyat.com/islemler/ankara/yenimahalle,false,false,false,6,37,Şereflikoçhisar Nakliyat | Şereflikoçhisar Evden Eve | Akif Nakliyat,Ankara Şereflikoçhisar NAKLİYAT,https://www.ankaraakifnakliyat.com/islemler/ankara/sereflikochisar/,UNKNOWN,UNKNOWN,UNKNOWN,UNKNOWN,UNKNOWN,false
akif,https://www.ankaraakifnakliyat.com/islemler/ankara/yenimahalle,ankara_district,KEEP,200,true,550,0.1208,0.8396,0.0000,,false,false,false,6,37,Yenimahalle Nakliyat | Yenimahalle Evden Eve | Akif Nakliyat,Ankara Yenimahalle NAKLİYAT,https://www.ankaraakifnakliyat.com/islemler/ankara/yenimahalle/,UNKNOWN,UNKNOWN,UNKNOWN,UNKNOWN,UNKNOWN,false
akif,https://www.ankaraakifnakliyat.com/islemler/ankara/altindag/evden-eve-nakliyat,ankara_district_service,IMPROVE,200,true,194,0.0787,0.8146,0.2500,https://www.ankaraakifnakliyat.com/islemler/ankara/akyurt/evden-eve-nakliyat,false,false,true,29,35,Altındağ Evden Eve Nakliyat | Akif Nakliyat,Altındağ . Evden Eve Nakliyat,https://www.ankaraakifnakliyat.com/islemler/ankara/altindag/evden-eve-nakliyat/,UNKNOWN,UNKNOWN,UNKNOWN,UNKNOWN,UNKNOWN,false
akif,https://www.ankaraakifnakliyat.com/islemler/ankara/altindag/ofis-tasima,ankara_district_service,IMPROVE,200,true,180,0.0881,0.7547,0.2604,https://www.ankaraakifnakliyat.com/islemler/ankara/akyurt/ofis-tasima,false,false,true,29,35,Altındağ Ofis Taşıma | Akif Nakliyat,Altındağ . Ofis Taşıma,https://www.ankaraakifnakliyat.com/islemler/ankara/altindag/ofis-tasima/,UNKNOWN,UNKNOWN,UNKNOWN,UNKNOWN,UNKNOWN,false
akif,https://www.ankaraakifnakliyat.com/islemler/ankara/altindag/nakliyat-fiyatlari,ankara_district_service,IMPROVE,200,true,200,0.0782,0.7542,0.3073,https://www.ankaraakifnakliyat.com/islemler/ankara/akyurt/nakliyat-fiyatlari,false,false,true,28,35,Altındağ Nakliyat Fiyatları | Akif Nakliyat,Altındağ . Nakliyat Fiyatları,https://www.ankaraakifnakliyat.com/islemler/ankara/altindag/nakliyat-fiyatlari/,UNKNOWN,UNKNOWN,UNKNOWN,UNKNOWN,UNKNOWN,false
akif,https://www.ankaraakifnakliyat.com/islemler/ankara/altindag/asansorlu-tasima,ankara_district_service,IMPROVE,200,true,159,0.1022,0.5109,0.4326,https://www.ankaraakifnakliyat.com/islemler/ankara/akyurt/asansorlu-tasima,false,false,true,29,35,Altındağ Asansörlü Taşımacılık | Akif Nakliyat,Altındağ . Asansörlü Taşımacılık,https://www.ankaraakifnakliyat.com/islemler/ankara/altindag/asansorlu-tasima/,UNKNOWN,UNKNOWN,UNKNOWN,UNKNOWN,UNKNOWN,false
akif,https://www.ankaraakifnakliyat.com/islemler/ankara/altindag/sehirler-arasi-nakliyat,ankara_district_service,IMPROVE,200,true,167,0.0927,0.6490,0.4372,https://www.ankaraakifnakliyat.com/islemler/ankara/akyurt/sehirler-arasi-nakliyat,false,false,true,29,35,Altındağ Şehirler Arası Nakliyat | Akif Nakliyat,Altındağ . Şehirler Arası Nakliyat,https://www.ankaraakifnakliyat.com/islemler/ankara/altindag/sehirler-arasi-nakliyat/,UNKNOWN,UNKNOWN,UNKNOWN,UNKNOWN,UNKNOWN,false
akif,https://www.ankaraakifnakliyat.com/islemler/ankara/akyurt/evden-eve-nakliyat,ankara_district_service,MANUAL_REVIEW,200,true,194,0.0787,0.8146,0.9145,https://www.ankaraakifnakliyat.com/islemler/ankara/haymana/evden-eve-nakliyat,true,false,true,29,35,Akyurt Evden Eve Nakliyat | Akif Nakliyat,Akyurt . Evden Eve Nakliyat,https://www.ankaraakifnakliyat.com/islemler/ankara/akyurt/evden-eve-nakliyat/,UNKNOWN,UNKNOWN,UNKNOWN,UNKNOWN,UNKNOWN,false
akif,https://www.ankaraakifnakliyat.com/islemler/ankara/akyurt/ofis-tasima,ankara_district_service,MANUAL_REVIEW,200,true,180,0.0881,0.7547,0.9138,https://www.ankaraakifnakliyat.com/islemler/ankara/haymana/ofis-tasima,true,false,true,29,35,Akyurt Ofis Taşıma | Akif Nakliyat,Akyurt . Ofis Taşıma,https://www.ankaraakifnakliyat.com/islemler/ankara/akyurt/ofis-tasima/,UNKNOWN,UNKNOWN,UNKNOWN,UNKNOWN,UNKNOWN,false
akif,https://www.ankaraakifnakliyat.com/islemler/ankara/akyurt/nakliyat-fiyatlari,ankara_district_service,MANUAL_REVIEW,200,true,200,0.0782,0.7542,0.9270,https://www.ankaraakifnakliyat.com/islemler/ankara/haymana/nakliyat-fiyatlari,true,false,true,28,35,Akyurt Nakliyat Fiyatları | Akif Nakliyat,Akyurt . Nakliyat Fiyatları,https://www.ankaraakifnakliyat.com/islemler/ankara/akyurt/nakliyat-fiyatlari/,UNKNOWN,UNKNOWN,UNKNOWN,UNKNOWN,UNKNOWN,false
akif,https://www.ankaraakifnakliyat.com/islemler/ankara/akyurt/asansorlu-tasima,ankara_district_service,MANUAL_REVIEW,200,true,159,0.1022,0.5109,0.9206,https://www.ankaraakifnakliyat.com/islemler/ankara/haymana/asansorlu-tasima,true,false,true,29,35,Akyurt Asansörlü Taşımacılık | Akif Nakliyat,Akyurt . Asansörlü Taşımacılık,https://www.ankaraakifnakliyat.com/islemler/ankara/akyurt/asansorlu-tasima/,UNKNOWN,UNKNOWN,UNKNOWN,UNKNOWN,UNKNOWN,false
akif,https://www.ankaraakifnakliyat.com/islemler/ankara/akyurt/sehirler-arasi-nakliyat,ankara_district_service,MANUAL_REVIEW,200,true,167,0.0927,0.6490,0.9231,https://www.ankaraakifnakliyat.com/islemler/ankara/haymana/sehirler-arasi-nakliyat,true,false,true,29,35,Akyurt Şehirler Arası Nakliyat | Akif Nakliyat,Akyurt . Şehirler Arası Nakliyat,https://www.ankaraakifnakliyat.com/islemler/ankara/akyurt/sehirler-arasi-nakliyat/,UNKNOWN,UNKNOWN,UNKNOWN,UNKNOWN,UNKNOWN,false
akif,https://www.ankaraakifnakliyat.com/islemler/ankara/ayas/evden-eve-nakliyat,ankara_district_service,IMPROVE,200,true,194,0.0787,0.8146,0.2500,https://www.ankaraakifnakliyat.com/islemler/ankara/haymana/evden-eve-nakliyat,false,false,true,29,35,Ayaş Evden Eve Nakliyat | Akif Nakliyat,Ayaş . Evden Eve Nakliyat,https://www.ankaraakifnakliyat.com/islemler/ankara/ayas/evden-eve-nakliyat/,UNKNOWN,UNKNOWN,UNKNOWN,UNKNOWN,UNKNOWN,false
akif,https://www.ankaraakifnakliyat.com/islemler/ankara/ayas/ofis-tasima,ankara_district_service,IMPROVE,200,true,180,0.0881,0.7547,0.2604,https://www.ankaraakifnakliyat.com/islemler/ankara/haymana/ofis-tasima,false,false,true,29,35,Ayaş Ofis Taşıma | Akif Nakliyat,Ayaş . Ofis Taşıma,https://www.ankaraakifnakliyat.com/islemler/ankara/ayas/ofis-tasima/,UNKNOWN,UNKNOWN,UNKNOWN,UNKNOWN,UNKNOWN,false
akif,https://www.ankaraakifnakliyat.com/islemler/ankara/ayas/nakliyat-fiyatlari,ankara_district_service,IMPROVE,200,true,200,0.0782,0.7542,0.3073,https://www.ankaraakifnakliyat.com/islemler/ankara/haymana/nakliyat-fiyatlari,false,false,true,28,35,Ayaş Nakliyat Fiyatları | Akif Nakliyat,Ayaş . Nakliyat Fiyatları,https://www.ankaraakifnakliyat.com/islemler/ankara/ayas/nakliyat-fiyatlari/,UNKNOWN,UNKNOWN,UNKNOWN,UNKNOWN,UNKNOWN,false
akif,https://www.ankaraakifnakliyat.com/islemler/ankara/ayas/asansorlu-tasima,ankara_district_service,IMPROVE,200,true,159,0.1022,0.5109,0.4326,https://www.ankaraakifnakliyat.com/islemler/ankara/haymana/asansorlu-tasima,false,false,true,29,35,Ayaş Asansörlü Taşımacılık | Akif Nakliyat,Ayaş . Asansörlü Taşımacılık,https://www.ankaraakifnakliyat.com/islemler/ankara/ayas/asansorlu-tasima/,UNKNOWN,UNKNOWN,UNKNOWN,UNKNOWN,UNKNOWN,false
akif,https://www.ankaraakifnakliyat.com/islemler/ankara/ayas/sehirler-arasi-nakliyat,ankara_district_service,IMPROVE,200,true,167,0.0927,0.6490,0.4293,https://www.ankaraakifnakliyat.com/islemler/ankara/haymana/sehirler-arasi-nakliyat,false,false,true,29,35,Ayaş Şehirler Arası Nakliyat | Akif Nakliyat,Ayaş . Şehirler Arası Nakliyat,https://www.ankaraakifnakliyat.com/islemler/ankara/ayas/sehirler-arasi-nakliyat/,UNKNOWN,UNKNOWN,UNKNOWN,UNKNOWN,UNKNOWN,false
akif,https://www.ankaraakifnakliyat.com/islemler/ankara/bala/evden-eve-nakliyat,ankara_district_service,IMPROVE,200,true,194,0.0787,0.8146,0.2500,https://www.ankaraakifnakliyat.com/islemler/ankara/haymana/evden-eve-nakliyat,false,false,true,29,35,Balâ Evden Eve Nakliyat | Akif Nakliyat,Balâ . Evden Eve Nakliyat,https://www.ankaraakifnakliyat.com/islemler/ankara/bala/evden-eve-nakliyat/,UNKNOWN,UNKNOWN,UNKNOWN,UNKNOWN,UNKNOWN,false
akif,https://www.ankaraakifnakliyat.com/islemler/ankara/bala/ofis-tasima,ankara_district_service,IMPROVE,200,true,180,0.0881,0.7547,0.2604,https://www.ankaraakifnakliyat.com/islemler/ankara/haymana/ofis-tasima,false,false,true,29,35,Balâ Ofis Taşıma | Akif Nakliyat,Balâ . Ofis Taşıma,https://www.ankaraakifnakliyat.com/islemler/ankara/bala/ofis-tasima/,UNKNOWN,UNKNOWN,UNKNOWN,UNKNOWN,UNKNOWN,false
akif,https://www.ankaraakifnakliyat.com/islemler/ankara/bala/nakliyat-fiyatlari,ankara_district_service,IMPROVE,200,true,200,0.0782,0.7542,0.3073,https://www.ankaraakifnakliyat.com/islemler/ankara/haymana/nakliyat-fiyatlari,false,false,true,28,35,Balâ Nakliyat Fiyatları | Akif Nakliyat,Balâ . Nakliyat Fiyatları,https://www.ankaraakifnakliyat.com/islemler/ankara/bala/nakliyat-fiyatlari/,UNKNOWN,UNKNOWN,UNKNOWN,UNKNOWN,UNKNOWN,false
akif,https://www.ankaraakifnakliyat.com/islemler/ankara/bala/asansorlu-tasima,ankara_district_service,IMPROVE,200,true,159,0.1022,0.5109,0.4326,https://www.ankaraakifnakliyat.com/islemler/ankara/haymana/asansorlu-tasima,false,false,true,29,35,Balâ Asansörlü Taşımacılık | Akif Nakliyat,Balâ . Asansörlü Taşımacılık,https://www.ankaraakifnakliyat.com/islemler/ankara/bala/asansorlu-tasima/,UNKNOWN,UNKNOWN,UNKNOWN,UNKNOWN,UNKNOWN,false
akif,https://www.ankaraakifnakliyat.com/islemler/ankara/bala/sehirler-arasi-nakliyat,ankara_district_service,IMPROVE,200,true,167,0.0927,0.6490,0.4293,https://www.ankaraakifnakliyat.com/islemler/ankara/haymana/sehirler-arasi-nakliyat,false,false,true,29,35,Balâ Şehirler Arası Nakliyat | Akif Nakliyat,Balâ . Şehirler Arası Nakliyat,https://www.ankaraakifnakliyat.com/islemler/ankara/bala/sehirler-arasi-nakliyat/,UNKNOWN,UNKNOWN,UNKNOWN,UNKNOWN,UNKNOWN,false
akif,https://www.ankaraakifnakliyat.com/islemler/ankara/beypazari/evden-eve-nakliyat,ankara_district_service,IMPROVE,200,true,194,0.0787,0.8146,0.2500,https://www.ankaraakifnakliyat.com/islemler/ankara/haymana/evden-eve-nakliyat,false,false,true,29,35,Beypazarı Evden Eve Nakliyat | Akif Nakliyat,Beypazarı . Evden Eve Nakliyat,https://www.ankaraakifnakliyat.com/islemler/ankara/beypazari/evden-eve-nakliyat/,UNKNOWN,UNKNOWN,UNKNOWN,UNKNOWN,UNKNOWN,false
akif,https://www.ankaraakifnakliyat.com/islemler/ankara/beypazari/ofis-tasima,ankara_district_service,IMPROVE,200,true,180,0.0881,0.7547,0.2604,https://www.ankaraakifnakliyat.com/islemler/ankara/haymana/ofis-tasima,false,false,true,29,35,Beypazarı Ofis Taşıma | Akif Nakliyat,Beypazarı . Ofis Taşıma,https://www.ankaraakifnakliyat.com/islemler/ankara/beypazari/ofis-tasima/,UNKNOWN,UNKNOWN,UNKNOWN,UNKNOWN,UNKNOWN,false
akif,https://www.ankaraakifnakliyat.com/islemler/ankara/beypazari/nakliyat-fiyatlari,ankara_district_service,IMPROVE,200,true,200,0.0782,0.7542,0.3073,https://www.ankaraakifnakliyat.com/islemler/ankara/haymana/nakliyat-fiyatlari,false,false,true,28,35,Beypazarı Nakliyat Fiyatları | Akif Nakliyat,Beypazarı . Nakliyat Fiyatları,https://www.ankaraakifnakliyat.com/islemler/ankara/beypazari/nakliyat-fiyatlari/,UNKNOWN,UNKNOWN,UNKNOWN,UNKNOWN,UNKNOWN,false
akif,https://www.ankaraakifnakliyat.com/islemler/ankara/beypazari/asansorlu-tasima,ankara_district_service,IMPROVE,200,true,159,0.1022,0.5109,0.4326,https://www.ankaraakifnakliyat.com/islemler/ankara/haymana/asansorlu-tasima,false,false,true,29,35,Beypazarı Asansörlü Taşımacılık | Akif Nakliyat,Beypazarı . Asansörlü Taşımacılık,https://www.ankaraakifnakliyat.com/islemler/ankara/beypazari/asansorlu-tasima/,UNKNOWN,UNKNOWN,UNKNOWN,UNKNOWN,UNKNOWN,false
akif,https://www.ankaraakifnakliyat.com/islemler/ankara/beypazari/sehirler-arasi-nakliyat,ankara_district_service,IMPROVE,200,true,167,0.0927,0.6490,0.4293,https://www.ankaraakifnakliyat.com/islemler/ankara/haymana/sehirler-arasi-nakliyat,false,false,true,29,35,Beypazarı Şehirler Arası Nakliyat | Akif Nakliyat,Beypazarı . Şehirler Arası Nakliyat,https://www.ankaraakifnakliyat.com/islemler/ankara/beypazari/sehirler-arasi-nakliyat/,UNKNOWN,UNKNOWN,UNKNOWN,UNKNOWN,UNKNOWN,false
akif,https://www.ankaraakifnakliyat.com/islemler/ankara/camlidere/evden-eve-nakliyat,ankara_district_service,IMPROVE,200,true,194,0.0787,0.8146,0.2500,https://www.ankaraakifnakliyat.com/islemler/ankara/haymana/evden-eve-nakliyat,false,false,true,29,35,Çamlıdere Evden Eve Nakliyat | Akif Nakliyat,Çamlıdere . Evden Eve Nakliyat,https://www.ankaraakifnakliyat.com/islemler/ankara/camlidere/evden-eve-nakliyat/,UNKNOWN,UNKNOWN,UNKNOWN,UNKNOWN,UNKNOWN,false
akif,https://www.ankaraakifnakliyat.com/islemler/ankara/camlidere/ofis-tasima,ankara_district_service,IMPROVE,200,true,180,0.0881,0.7547,0.2604,https://www.ankaraakifnakliyat.com/islemler/ankara/haymana/ofis-tasima,false,false,true,29,35,Çamlıdere Ofis Taşıma | Akif Nakliyat,Çamlıdere . Ofis Taşıma,https://www.ankaraakifnakliyat.com/islemler/ankara/camlidere/ofis-tasima/,UNKNOWN,UNKNOWN,UNKNOWN,UNKNOWN,UNKNOWN,false
akif,https://www.ankaraakifnakliyat.com/islemler/ankara/camlidere/nakliyat-fiyatlari,ankara_district_service,IMPROVE,200,true,200,0.0782,0.7542,0.3073,https://www.ankaraakifnakliyat.com/islemler/ankara/haymana/nakliyat-fiyatlari,false,false,true,28,35,Çamlıdere Nakliyat Fiyatları | Akif Nakliyat,Çamlıdere . Nakliyat Fiyatları,https://www.ankaraakifnakliyat.com/islemler/ankara/camlidere/nakliyat-fiyatlari/,UNKNOWN,UNKNOWN,UNKNOWN,UNKNOWN,UNKNOWN,false
akif,https://www.ankaraakifnakliyat.com/islemler/ankara/camlidere/asansorlu-tasima,ankara_district_service,IMPROVE,200,true,159,0.1022,0.5109,0.4326,https://www.ankaraakifnakliyat.com/islemler/ankara/haymana/asansorlu-tasima,false,false,true,29,35,Çamlıdere Asansörlü Taşımacılık | Akif Nakliyat,Çamlıdere . Asansörlü Taşımacılık,https://www.ankaraakifnakliyat.com/islemler/ankara/camlidere/asansorlu-tasima/,UNKNOWN,UNKNOWN,UNKNOWN,UNKNOWN,UNKNOWN,false
akif,https://www.ankaraakifnakliyat.com/islemler/ankara/camlidere/sehirler-arasi-nakliyat,ankara_district_service,IMPROVE,200,true,167,0.0927,0.6490,0.4293,https://www.ankaraakifnakliyat.com/islemler/ankara/haymana/sehirler-arasi-nakliyat,false,false,true,29,35,Çamlıdere Şehirler Arası Nakliyat | Akif Nakliyat,Çamlıdere . Şehirler Arası Nakliyat,https://www.ankaraakifnakliyat.com/islemler/ankara/camlidere/sehirler-arasi-nakliyat/,UNKNOWN,UNKNOWN,UNKNOWN,UNKNOWN,UNKNOWN,false
akif,https://www.ankaraakifnakliyat.com/islemler/ankara/cankaya/evden-eve-nakliyat,ankara_district_service,IMPROVE,200,true,194,0.0787,0.8146,0.2500,https://www.ankaraakifnakliyat.com/islemler/ankara/haymana/evden-eve-nakliyat,false,false,true,29,36,Çankaya Evden Eve Nakliyat | Akif Nakliyat,Çankaya . Evden Eve Nakliyat,https://www.ankaraakifnakliyat.com/islemler/ankara/cankaya/evden-eve-nakliyat/,UNKNOWN,UNKNOWN,UNKNOWN,UNKNOWN,UNKNOWN,false
akif,https://www.ankaraakifnakliyat.com/islemler/ankara/cankaya/ofis-tasima,ankara_district_service,IMPROVE,200,true,180,0.0881,0.7547,0.2604,https://www.ankaraakifnakliyat.com/islemler/ankara/haymana/ofis-tasima,false,false,true,29,36,Çankaya Ofis Taşıma | Akif Nakliyat,Çankaya . Ofis Taşıma,https://www.ankaraakifnakliyat.com/islemler/ankara/cankaya/ofis-tasima/,UNKNOWN,UNKNOWN,UNKNOWN,UNKNOWN,UNKNOWN,false
akif,https://www.ankaraakifnakliyat.com/islemler/ankara/cankaya/nakliyat-fiyatlari,ankara_district_service,IMPROVE,200,true,200,0.0782,0.7542,0.3073,https://www.ankaraakifnakliyat.com/islemler/ankara/haymana/nakliyat-fiyatlari,false,false,true,28,36,Çankaya Nakliyat Fiyatları | Akif Nakliyat,Çankaya . Nakliyat Fiyatları,https://www.ankaraakifnakliyat.com/islemler/ankara/cankaya/nakliyat-fiyatlari/,UNKNOWN,UNKNOWN,UNKNOWN,UNKNOWN,UNKNOWN,false
akif,https://www.ankaraakifnakliyat.com/islemler/ankara/cankaya/asansorlu-tasima,ankara_district_service,IMPROVE,200,true,159,0.1022,0.5109,0.4326,https://www.ankaraakifnakliyat.com/islemler/ankara/haymana/asansorlu-tasima,false,false,true,29,36,Çankaya Asansörlü Taşımacılık | Akif Nakliyat,Çankaya . Asansörlü Taşımacılık,https://www.ankaraakifnakliyat.com/islemler/ankara/cankaya/asansorlu-tasima/,UNKNOWN,UNKNOWN,UNKNOWN,UNKNOWN,UNKNOWN,false
akif,https://www.ankaraakifnakliyat.com/islemler/ankara/cankaya/sehirler-arasi-nakliyat,ankara_district_service,IMPROVE,200,true,167,0.0927,0.6490,0.4293,https://www.ankaraakifnakliyat.com/islemler/ankara/haymana/sehirler-arasi-nakliyat,false,false,true,29,36,Çankaya Şehirler Arası Nakliyat | Akif Nakliyat,Çankaya . Şehirler Arası Nakliyat,https://www.ankaraakifnakliyat.com/islemler/ankara/cankaya/sehirler-arasi-nakliyat/,UNKNOWN,UNKNOWN,UNKNOWN,UNKNOWN,UNKNOWN,false
akif,https://www.ankaraakifnakliyat.com/islemler/ankara/cubuk/evden-eve-nakliyat,ankara_district_service,IMPROVE,200,true,194,0.0787,0.8146,0.2500,https://www.ankaraakifnakliyat.com/islemler/ankara/etimesgut/evden-eve-nakliyat,false,false,true,29,36,Çubuk Evden Eve Nakliyat | Akif Nakliyat,Çubuk . Evden Eve Nakliyat,https://www.ankaraakifnakliyat.com/islemler/ankara/cubuk/evden-eve-nakliyat/,UNKNOWN,UNKNOWN,UNKNOWN,UNKNOWN,UNKNOWN,false
akif,https://www.ankaraakifnakliyat.com/islemler/ankara/cubuk/ofis-tasima,ankara_district_service,IMPROVE,200,true,180,0.0881,0.7547,0.2604,https://www.ankaraakifnakliyat.com/islemler/ankara/etimesgut/ofis-tasima,false,false,true,29,36,Çubuk Ofis Taşıma | Akif Nakliyat,Çubuk . Ofis Taşıma,https://www.ankaraakifnakliyat.com/islemler/ankara/cubuk/ofis-tasima/,UNKNOWN,UNKNOWN,UNKNOWN,UNKNOWN,UNKNOWN,false
akif,https://www.ankaraakifnakliyat.com/islemler/ankara/cubuk/nakliyat-fiyatlari,ankara_district_service,IMPROVE,200,true,200,0.0782,0.7542,0.3073,https://www.ankaraakifnakliyat.com/islemler/ankara/etimesgut/nakliyat-fiyatlari,false,false,true,28,36,Çubuk Nakliyat Fiyatları | Akif Nakliyat,Çubuk . Nakliyat Fiyatları,https://www.ankaraakifnakliyat.com/islemler/ankara/cubuk/nakliyat-fiyatlari/,UNKNOWN,UNKNOWN,UNKNOWN,UNKNOWN,UNKNOWN,false
akif,https://www.ankaraakifnakliyat.com/islemler/ankara/cubuk/asansorlu-tasima,ankara_district_service,IMPROVE,200,true,159,0.1022,0.5109,0.4326,https://www.ankaraakifnakliyat.com/islemler/ankara/etimesgut/asansorlu-tasima,false,false,true,29,36,Çubuk Asansörlü Taşımacılık | Akif Nakliyat,Çubuk . Asansörlü Taşımacılık,https://www.ankaraakifnakliyat.com/islemler/ankara/cubuk/asansorlu-tasima/,UNKNOWN,UNKNOWN,UNKNOWN,UNKNOWN,UNKNOWN,false
akif,https://www.ankaraakifnakliyat.com/islemler/ankara/cubuk/sehirler-arasi-nakliyat,ankara_district_service,IMPROVE,200,true,167,0.0927,0.6490,0.4293,https://www.ankaraakifnakliyat.com/islemler/ankara/etimesgut/sehirler-arasi-nakliyat,false,false,true,29,36,Çubuk Şehirler Arası Nakliyat | Akif Nakliyat,Çubuk . Şehirler Arası Nakliyat,https://www.ankaraakifnakliyat.com/islemler/ankara/cubuk/sehirler-arasi-nakliyat/,UNKNOWN,UNKNOWN,UNKNOWN,UNKNOWN,UNKNOWN,false
akif,https://www.ankaraakifnakliyat.com/islemler/ankara/elmadag/evden-eve-nakliyat,ankara_district_service,IMPROVE,200,true,194,0.0787,0.8146,0.2564,https://www.ankaraakifnakliyat.com/islemler/ankara/etimesgut/evden-eve-nakliyat,false,false,true,29,36,Elmadağ Evden Eve Nakliyat | Akif Nakliyat,Elmadağ . Evden Eve Nakliyat,https://www.ankaraakifnakliyat.com/islemler/ankara/elmadag/evden-eve-nakliyat/,UNKNOWN,UNKNOWN,UNKNOWN,UNKNOWN,UNKNOWN,false
akif,https://www.ankaraakifnakliyat.com/islemler/ankara/elmadag/ofis-tasima,ankara_district_service,IMPROVE,200,true,180,0.0881,0.7547,0.2670,https://www.ankaraakifnakliyat.com/islemler/ankara/etimesgut/ofis-tasima,false,false,true,29,36,Elmadağ Ofis Taşıma | Akif Nakliyat,Elmadağ . Ofis Taşıma,https://www.ankaraakifnakliyat.com/islemler/ankara/elmadag/ofis-tasima/,UNKNOWN,UNKNOWN,UNKNOWN,UNKNOWN,UNKNOWN,false
akif,https://www.ankaraakifnakliyat.com/islemler/ankara/elmadag/nakliyat-fiyatlari,ankara_district_service,IMPROVE,200,true,200,0.0782,0.7542,0.3134,https://www.ankaraakifnakliyat.com/islemler/ankara/etimesgut/nakliyat-fiyatlari,false,false,true,28,36,Elmadağ Nakliyat Fiyatları | Akif Nakliyat,Elmadağ . Nakliyat Fiyatları,https://www.ankaraakifnakliyat.com/islemler/ankara/elmadag/nakliyat-fiyatlari/,UNKNOWN,UNKNOWN,UNKNOWN,UNKNOWN,UNKNOWN,false
akif,https://www.ankaraakifnakliyat.com/islemler/ankara/elmadag/asansorlu-tasima,ankara_district_service,IMPROVE,200,true,159,0.1022,0.5109,0.4407,https://www.ankaraakifnakliyat.com/islemler/ankara/etimesgut/asansorlu-tasima,false,false,true,29,36,Elmadağ Asansörlü Taşımacılık | Akif Nakliyat,Elmadağ . Asansörlü Taşımacılık,https://www.ankaraakifnakliyat.com/islemler/ankara/elmadag/asansorlu-tasima/,UNKNOWN,UNKNOWN,UNKNOWN,UNKNOWN,UNKNOWN,false
akif,https://www.ankaraakifnakliyat.com/islemler/ankara/elmadag/sehirler-arasi-nakliyat,ankara_district_service,IMPROVE,200,true,167,0.0927,0.6490,0.4372,https://www.ankaraakifnakliyat.com/islemler/ankara/etimesgut/sehirler-arasi-nakliyat,false,false,true,29,36,Elmadağ Şehirler Arası Nakliyat | Akif Nakliyat,Elmadağ . Şehirler Arası Nakliyat,https://www.ankaraakifnakliyat.com/islemler/ankara/elmadag/sehirler-arasi-nakliyat/,UNKNOWN,UNKNOWN,UNKNOWN,UNKNOWN,UNKNOWN,false
akif,https://www.ankaraakifnakliyat.com/islemler/ankara/etimesgut/evden-eve-nakliyat,ankara_district_service,MERGE,200,true,194,0.0787,0.8146,0.9478,https://www.ankaraakifnakliyat.com/islemler/ankara/evren/evden-eve-nakliyat,true,true,true,29,36,Etimesgut Evden Eve Nakliyat | Akif Nakliyat,Etimesgut . Evden Eve Nakliyat,https://www.ankaraakifnakliyat.com/islemler/ankara/etimesgut/evden-eve-nakliyat/,UNKNOWN,UNKNOWN,UNKNOWN,UNKNOWN,UNKNOWN,false
akif,https://www.ankaraakifnakliyat.com/islemler/ankara/etimesgut/ofis-tasima,ankara_district_service,MERGE,200,true,180,0.0881,0.7547,0.9474,https://www.ankaraakifnakliyat.com/islemler/ankara/evren/ofis-tasima,true,true,true,29,36,Etimesgut Ofis Taşıma | Akif Nakliyat,Etimesgut . Ofis Taşıma,https://www.ankaraakifnakliyat.com/islemler/ankara/etimesgut/ofis-tasima/,UNKNOWN,UNKNOWN,UNKNOWN,UNKNOWN,UNKNOWN,false
akif,https://www.ankaraakifnakliyat.com/islemler/ankara/etimesgut/nakliyat-fiyatlari,ankara_district_service,MERGE,200,true,200,0.0782,0.7542,0.9556,https://www.ankaraakifnakliyat.com/islemler/ankara/evren/nakliyat-fiyatlari,true,true,true,28,36,Etimesgut Nakliyat Fiyatları | Akif Nakliyat,Etimesgut . Nakliyat Fiyatları,https://www.ankaraakifnakliyat.com/islemler/ankara/etimesgut/nakliyat-fiyatlari/,UNKNOWN,UNKNOWN,UNKNOWN,UNKNOWN,UNKNOWN,false
akif,https://www.ankaraakifnakliyat.com/islemler/ankara/etimesgut/asansorlu-tasima,ankara_district_service,MERGE,200,true,159,0.1022,0.5109,0.9516,https://www.ankaraakifnakliyat.com/islemler/ankara/evren/asansorlu-tasima,true,true,true,29,36,Etimesgut Asansörlü Taşımacılık | Akif Nakliyat,Etimesgut . Asansörlü Taşımacılık,https://www.ankaraakifnakliyat.com/islemler/ankara/etimesgut/asansorlu-tasima/,UNKNOWN,UNKNOWN,UNKNOWN,UNKNOWN,UNKNOWN,false
akif,https://www.ankaraakifnakliyat.com/islemler/ankara/etimesgut/sehirler-arasi-nakliyat,ankara_district_service,MERGE,200,true,167,0.0927,0.6490,0.9531,https://www.ankaraakifnakliyat.com/islemler/ankara/evren/sehirler-arasi-nakliyat,true,true,true,29,36,Etimesgut Şehirler Arası Nakliyat | Akif Nakliyat,Etimesgut . Şehirler Arası Nakliyat,https://www.ankaraakifnakliyat.com/islemler/ankara/etimesgut/sehirler-arasi-nakliyat/,UNKNOWN,UNKNOWN,UNKNOWN,UNKNOWN,UNKNOWN,false
akif,https://www.ankaraakifnakliyat.com/islemler/ankara/evren/evden-eve-nakliyat,ankara_district_service,MERGE,200,true,194,0.0787,0.8146,0.9649,https://www.ankaraakifnakliyat.com/islemler/ankara/haymana/evden-eve-nakliyat,true,true,true,29,36,Evren Evden Eve Nakliyat | Akif Nakliyat,Evren . Evden Eve Nakliyat,https://www.ankaraakifnakliyat.com/islemler/ankara/evren/evden-eve-nakliyat/,UNKNOWN,UNKNOWN,UNKNOWN,UNKNOWN,UNKNOWN,false
akif,https://www.ankaraakifnakliyat.com/islemler/ankara/evren/ofis-tasima,ankara_district_service,MERGE,200,true,180,0.0881,0.7547,0.9646,https://www.ankaraakifnakliyat.com/islemler/ankara/haymana/ofis-tasima,true,true,true,29,36,Evren Ofis Taşıma | Akif Nakliyat,Evren . Ofis Taşıma,https://www.ankaraakifnakliyat.com/islemler/ankara/evren/ofis-tasima/,UNKNOWN,UNKNOWN,UNKNOWN,UNKNOWN,UNKNOWN,false
akif,https://www.ankaraakifnakliyat.com/islemler/ankara/evren/nakliyat-fiyatlari,ankara_district_service,MERGE,200,true,200,0.0782,0.7542,0.9701,https://www.ankaraakifnakliyat.com/islemler/ankara/haymana/nakliyat-fiyatlari,true,true,true,28,36,Evren Nakliyat Fiyatları | Akif Nakliyat,Evren . Nakliyat Fiyatları,https://www.ankaraakifnakliyat.com/islemler/ankara/evren/nakliyat-fiyatlari/,UNKNOWN,UNKNOWN,UNKNOWN,UNKNOWN,UNKNOWN,false
akif,https://www.ankaraakifnakliyat.com/islemler/ankara/evren/asansorlu-tasima,ankara_district_service,MERGE,200,true,159,0.1022,0.5109,0.9675,https://www.ankaraakifnakliyat.com/islemler/ankara/haymana/asansorlu-tasima,true,true,true,29,36,Evren Asansörlü Taşımacılık | Akif Nakliyat,Evren . Asansörlü Taşımacılık,https://www.ankaraakifnakliyat.com/islemler/ankara/evren/asansorlu-tasima/,UNKNOWN,UNKNOWN,UNKNOWN,UNKNOWN,UNKNOWN,false
akif,https://www.ankaraakifnakliyat.com/islemler/ankara/evren/sehirler-arasi-nakliyat,ankara_district_service,MERGE,200,true,167,0.0927,0.6490,0.9685,https://www.ankaraakifnakliyat.com/islemler/ankara/haymana/sehirler-arasi-nakliyat,true,true,true,29,36,Evren Şehirler Arası Nakliyat | Akif Nakliyat,Evren . Şehirler Arası Nakliyat,https://www.ankaraakifnakliyat.com/islemler/ankara/evren/sehirler-arasi-nakliyat/,UNKNOWN,UNKNOWN,UNKNOWN,UNKNOWN,UNKNOWN,false
akif,https://www.ankaraakifnakliyat.com/islemler/ankara/golbasi/evden-eve-nakliyat,ankara_district_service,IMPROVE,200,true,194,0.0787,0.8146,0.2760,https://www.ankaraakifnakliyat.com/islemler/ankara/haymana/evden-eve-nakliyat,false,false,true,29,36,Gölbaşı Evden Eve Nakliyat | Akif Nakliyat,Gölbaşı . Evden Eve Nakliyat,https://www.ankaraakifnakliyat.com/islemler/ankara/golbasi/evden-eve-nakliyat/,UNKNOWN,UNKNOWN,UNKNOWN,UNKNOWN,UNKNOWN,false
akif,https://www.ankaraakifnakliyat.com/islemler/ankara/golbasi/ofis-tasima,ankara_district_service,IMPROVE,200,true,180,0.0881,0.7547,0.2872,https://www.ankaraakifnakliyat.com/islemler/ankara/haymana/ofis-tasima,false,false,true,29,36,Gölbaşı Ofis Taşıma | Akif Nakliyat,Gölbaşı . Ofis Taşıma,https://www.ankaraakifnakliyat.com/islemler/ankara/golbasi/ofis-tasima/,UNKNOWN,UNKNOWN,UNKNOWN,UNKNOWN,UNKNOWN,false
akif,https://www.ankaraakifnakliyat.com/islemler/ankara/golbasi/nakliyat-fiyatlari,ankara_district_service,IMPROVE,200,true,200,0.0782,0.7542,0.3318,https://www.ankaraakifnakliyat.com/islemler/ankara/haymana/nakliyat-fiyatlari,false,false,true,28,36,Gölbaşı Nakliyat Fiyatları | Akif Nakliyat,Gölbaşı . Nakliyat Fiyatları,https://www.ankaraakifnakliyat.com/islemler/ankara/golbasi/nakliyat-fiyatlari/,UNKNOWN,UNKNOWN,UNKNOWN,UNKNOWN,UNKNOWN,false
akif,https://www.ankaraakifnakliyat.com/islemler/ankara/golbasi/asansorlu-tasima,ankara_district_service,IMPROVE,200,true,159,0.1022,0.5109,0.4655,https://www.ankaraakifnakliyat.com/islemler/ankara/haymana/asansorlu-tasima,false,false,true,29,36,Gölbaşı Asansörlü Taşımacılık | Akif Nakliyat,Gölbaşı . Asansörlü Taşımacılık,https://www.ankaraakifnakliyat.com/islemler/ankara/golbasi/asansorlu-tasima/,UNKNOWN,UNKNOWN,UNKNOWN,UNKNOWN,UNKNOWN,false
akif,https://www.ankaraakifnakliyat.com/islemler/ankara/golbasi/sehirler-arasi-nakliyat,ankara_district_service,IMPROVE,200,true,167,0.0927,0.6490,0.4611,https://www.ankaraakifnakliyat.com/islemler/ankara/haymana/sehirler-arasi-nakliyat,false,false,true,29,36,Gölbaşı Şehirler Arası Nakliyat | Akif Nakliyat,Gölbaşı . Şehirler Arası Nakliyat,https://www.ankaraakifnakliyat.com/islemler/ankara/golbasi/sehirler-arasi-nakliyat/,UNKNOWN,UNKNOWN,UNKNOWN,UNKNOWN,UNKNOWN,false
akif,https://www.ankaraakifnakliyat.com/islemler/ankara/gudul/evden-eve-nakliyat,ankara_district_service,IMPROVE,200,true,194,0.0787,0.8146,0.2827,https://www.ankaraakifnakliyat.com/islemler/ankara/haymana/evden-eve-nakliyat,false,false,true,17,36,Güdül Evden Eve Nakliyat | Akif Nakliyat,Güdül . Evden Eve Nakliyat,https://www.ankaraakifnakliyat.com/islemler/ankara/gudul/evden-eve-nakliyat/,UNKNOWN,UNKNOWN,UNKNOWN,UNKNOWN,UNKNOWN,false
akif,https://www.ankaraakifnakliyat.com/islemler/ankara/gudul/ofis-tasima,ankara_district_service,IMPROVE,200,true,180,0.0881,0.7547,0.2941,https://www.ankaraakifnakliyat.com/islemler/ankara/haymana/ofis-tasima,false,false,true,17,36,Güdül Ofis Taşıma | Akif Nakliyat,Güdül . Ofis Taşıma,https://www.ankaraakifnakliyat.com/islemler/ankara/gudul/ofis-tasima/,UNKNOWN,UNKNOWN,UNKNOWN,UNKNOWN,UNKNOWN,false
akif,https://www.ankaraakifnakliyat.com/islemler/ankara/gudul/nakliyat-fiyatlari,ankara_district_service,IMPROVE,200,true,200,0.0782,0.7542,0.3380,https://www.ankaraakifnakliyat.com/islemler/ankara/haymana/nakliyat-fiyatlari,false,false,true,16,36,Güdül Nakliyat Fiyatları | Akif Nakliyat,Güdül . Nakliyat Fiyatları,https://www.ankaraakifnakliyat.com/islemler/ankara/gudul/nakliyat-fiyatlari/,UNKNOWN,UNKNOWN,UNKNOWN,UNKNOWN,UNKNOWN,false
akif,https://www.ankaraakifnakliyat.com/islemler/ankara/gudul/asansorlu-tasima,ankara_district_service,IMPROVE,200,true,159,0.1022,0.5109,0.4740,https://www.ankaraakifnakliyat.com/islemler/ankara/haymana/asansorlu-tasima,false,false,true,17,36,Güdül Asansörlü Taşımacılık | Akif Nakliyat,Güdül . Asansörlü Taşımacılık,https://www.ankaraakifnakliyat.com/islemler/ankara/gudul/asansorlu-tasima/,UNKNOWN,UNKNOWN,UNKNOWN,UNKNOWN,UNKNOWN,false
akif,https://www.ankaraakifnakliyat.com/islemler/ankara/gudul/sehirler-arasi-nakliyat,ankara_district_service,IMPROVE,200,true,167,0.0927,0.6490,0.4693,https://www.ankaraakifnakliyat.com/islemler/ankara/haymana/sehirler-arasi-nakliyat,false,false,true,17,36,Güdül Şehirler Arası Nakliyat | Akif Nakliyat,Güdül . Şehirler Arası Nakliyat,https://www.ankaraakifnakliyat.com/islemler/ankara/gudul/sehirler-arasi-nakliyat/,UNKNOWN,UNKNOWN,UNKNOWN,UNKNOWN,UNKNOWN,false
akif,https://www.ankaraakifnakliyat.com/islemler/ankara/haymana/evden-eve-nakliyat,ankara_district_service,MERGE,200,true,194,0.0787,0.8146,1.0000,https://www.ankaraakifnakliyat.com/islemler/ankara/kahramankazan/evden-eve-nakliyat,true,true,true,5,36,Haymana Evden Eve Nakliyat | Akif Nakliyat,Haymana . Evden Eve Nakliyat,https://www.ankaraakifnakliyat.com/islemler/ankara/haymana/evden-eve-nakliyat/,UNKNOWN,UNKNOWN,UNKNOWN,UNKNOWN,UNKNOWN,false
akif,https://www.ankaraakifnakliyat.com/islemler/ankara/haymana/ofis-tasima,ankara_district_service,MERGE,200,true,180,0.0881,0.7547,1.0000,https://www.ankaraakifnakliyat.com/islemler/ankara/kahramankazan/ofis-tasima,true,true,true,5,36,Haymana Ofis Taşıma | Akif Nakliyat,Haymana . Ofis Taşıma,https://www.ankaraakifnakliyat.com/islemler/ankara/haymana/ofis-tasima/,UNKNOWN,UNKNOWN,UNKNOWN,UNKNOWN,UNKNOWN,false
akif,https://www.ankaraakifnakliyat.com/islemler/ankara/haymana/nakliyat-fiyatlari,ankara_district_service,MERGE,200,true,200,0.0782,0.7542,1.0000,https://www.ankaraakifnakliyat.com/islemler/ankara/kahramankazan/nakliyat-fiyatlari,true,true,true,4,36,Haymana Nakliyat Fiyatları | Akif Nakliyat,Haymana . Nakliyat Fiyatları,https://www.ankaraakifnakliyat.com/islemler/ankara/haymana/nakliyat-fiyatlari/,UNKNOWN,UNKNOWN,UNKNOWN,UNKNOWN,UNKNOWN,false
akif,https://www.ankaraakifnakliyat.com/islemler/ankara/haymana/asansorlu-tasima,ankara_district_service,MERGE,200,true,159,0.1022,0.5109,1.0000,https://www.ankaraakifnakliyat.com/islemler/ankara/kahramankazan/asansorlu-tasima,true,true,true,5,36,Haymana Asansörlü Taşımacılık | Akif Nakliyat,Haymana . Asansörlü Taşımacılık,https://www.ankaraakifnakliyat.com/islemler/ankara/haymana/asansorlu-tasima/,UNKNOWN,UNKNOWN,UNKNOWN,UNKNOWN,UNKNOWN,false
akif,https://www.ankaraakifnakliyat.com/islemler/ankara/haymana/sehirler-arasi-nakliyat,ankara_district_service,MERGE,200,true,167,0.0927,0.6490,1.0000,https://www.ankaraakifnakliyat.com/islemler/ankara/kahramankazan/sehirler-arasi-nakliyat,true,true,true,5,36,Haymana Şehirler Arası Nakliyat | Akif Nakliyat,Haymana . Şehirler Arası Nakliyat,https://www.ankaraakifnakliyat.com/islemler/ankara/haymana/sehirler-arasi-nakliyat/,UNKNOWN,UNKNOWN,UNKNOWN,UNKNOWN,UNKNOWN,false
akif,https://www.ankaraakifnakliyat.com/islemler/ankara/kahramankazan/evden-eve-nakliyat,ankara_district_service,MERGE,200,true,194,0.0787,0.8146,1.0000,https://www.ankaraakifnakliyat.com/islemler/ankara/kalecik/evden-eve-nakliyat,true,true,true,5,36,Kahramankazan Evden Eve Nakliyat | Akif Nakliyat,Kahramankazan . Evden Eve Nakliyat,https://www.ankaraakifnakliyat.com/islemler/ankara/kahramankazan/evden-eve-nakliyat/,UNKNOWN,UNKNOWN,UNKNOWN,UNKNOWN,UNKNOWN,false
akif,https://www.ankaraakifnakliyat.com/islemler/ankara/kahramankazan/ofis-tasima,ankara_district_service,MERGE,200,true,180,0.0881,0.7547,1.0000,https://www.ankaraakifnakliyat.com/islemler/ankara/kalecik/ofis-tasima,true,true,true,5,36,Kahramankazan Ofis Taşıma | Akif Nakliyat,Kahramankazan . Ofis Taşıma,https://www.ankaraakifnakliyat.com/islemler/ankara/kahramankazan/ofis-tasima/,UNKNOWN,UNKNOWN,UNKNOWN,UNKNOWN,UNKNOWN,false
akif,https://www.ankaraakifnakliyat.com/islemler/ankara/kahramankazan/nakliyat-fiyatlari,ankara_district_service,MERGE,200,true,200,0.0782,0.7542,1.0000,https://www.ankaraakifnakliyat.com/islemler/ankara/kalecik/nakliyat-fiyatlari,true,true,true,4,36,Kahramankazan Nakliyat Fiyatları | Akif Nakliyat,Kahramankazan . Nakliyat Fiyatları,https://www.ankaraakifnakliyat.com/islemler/ankara/kahramankazan/nakliyat-fiyatlari/,UNKNOWN,UNKNOWN,UNKNOWN,UNKNOWN,UNKNOWN,false
akif,https://www.ankaraakifnakliyat.com/islemler/ankara/kahramankazan/asansorlu-tasima,ankara_district_service,MERGE,200,true,159,0.1022,0.5109,1.0000,https://www.ankaraakifnakliyat.com/islemler/ankara/kalecik/asansorlu-tasima,true,true,true,5,36,Kahramankazan Asansörlü Taşımacılık | Akif Nakliyat,Kahramankazan . Asansörlü Taşımacılık,https://www.ankaraakifnakliyat.com/islemler/ankara/kahramankazan/asansorlu-tasima/,UNKNOWN,UNKNOWN,UNKNOWN,UNKNOWN,UNKNOWN,false
akif,https://www.ankaraakifnakliyat.com/islemler/ankara/kahramankazan/sehirler-arasi-nakliyat,ankara_district_service,MERGE,200,true,167,0.0927,0.6490,1.0000,https://www.ankaraakifnakliyat.com/islemler/ankara/kalecik/sehirler-arasi-nakliyat,true,true,true,5,36,Kahramankazan Şehirler Arası Nakliyat | Akif Nakliyat,Kahramankazan . Şehirler Arası Nakliyat,https://www.ankaraakifnakliyat.com/islemler/ankara/kahramankazan/sehirler-arasi-nakliyat/,UNKNOWN,UNKNOWN,UNKNOWN,UNKNOWN,UNKNOWN,false
akif,https://www.ankaraakifnakliyat.com/islemler/ankara/kalecik/evden-eve-nakliyat,ankara_district_service,MERGE,200,true,194,0.0787,0.8146,1.0000,https://www.ankaraakifnakliyat.com/islemler/ankara/mamak/evden-eve-nakliyat,true,true,true,5,36,Kalecik Evden Eve Nakliyat | Akif Nakliyat,Kalecik . Evden Eve Nakliyat,https://www.ankaraakifnakliyat.com/islemler/ankara/kalecik/evden-eve-nakliyat/,UNKNOWN,UNKNOWN,UNKNOWN,UNKNOWN,UNKNOWN,false
akif,https://www.ankaraakifnakliyat.com/islemler/ankara/kalecik/ofis-tasima,ankara_district_service,MERGE,200,true,180,0.0881,0.7547,1.0000,https://www.ankaraakifnakliyat.com/islemler/ankara/mamak/ofis-tasima,true,true,true,5,36,Kalecik Ofis Taşıma | Akif Nakliyat,Kalecik . Ofis Taşıma,https://www.ankaraakifnakliyat.com/islemler/ankara/kalecik/ofis-tasima/,UNKNOWN,UNKNOWN,UNKNOWN,UNKNOWN,UNKNOWN,false
akif,https://www.ankaraakifnakliyat.com/islemler/ankara/kalecik/nakliyat-fiyatlari,ankara_district_service,MERGE,200,true,200,0.0782,0.7542,1.0000,https://www.ankaraakifnakliyat.com/islemler/ankara/mamak/nakliyat-fiyatlari,true,true,true,4,36,Kalecik Nakliyat Fiyatları | Akif Nakliyat,Kalecik . Nakliyat Fiyatları,https://www.ankaraakifnakliyat.com/islemler/ankara/kalecik/nakliyat-fiyatlari/,UNKNOWN,UNKNOWN,UNKNOWN,UNKNOWN,UNKNOWN,false
akif,https://www.ankaraakifnakliyat.com/islemler/ankara/kalecik/asansorlu-tasima,ankara_district_service,MERGE,200,true,159,0.1022,0.5109,1.0000,https://www.ankaraakifnakliyat.com/islemler/ankara/mamak/asansorlu-tasima,true,true,true,5,36,Kalecik Asansörlü Taşımacılık | Akif Nakliyat,Kalecik . Asansörlü Taşımacılık,https://www.ankaraakifnakliyat.com/islemler/ankara/kalecik/asansorlu-tasima/,UNKNOWN,UNKNOWN,UNKNOWN,UNKNOWN,UNKNOWN,false
akif,https://www.ankaraakifnakliyat.com/islemler/ankara/kalecik/sehirler-arasi-nakliyat,ankara_district_service,MERGE,200,true,167,0.0927,0.6490,1.0000,https://www.ankaraakifnakliyat.com/islemler/ankara/mamak/sehirler-arasi-nakliyat,true,true,true,5,36,Kalecik Şehirler Arası Nakliyat | Akif Nakliyat,Kalecik . Şehirler Arası Nakliyat,https://www.ankaraakifnakliyat.com/islemler/ankara/kalecik/sehirler-arasi-nakliyat/,UNKNOWN,UNKNOWN,UNKNOWN,UNKNOWN,UNKNOWN,false
akif,https://www.ankaraakifnakliyat.com/islemler/ankara/kecioren/evden-eve-nakliyat,ankara_district_service,IMPROVE,200,true,194,0.0787,0.8146,0.2827,https://www.ankaraakifnakliyat.com/islemler/ankara/mamak/evden-eve-nakliyat,false,false,true,5,36,Keçiören Evden Eve Nakliyat | Akif Nakliyat,Keçiören . Evden Eve Nakliyat,https://www.ankaraakifnakliyat.com/islemler/ankara/kecioren/evden-eve-nakliyat/,UNKNOWN,UNKNOWN,UNKNOWN,UNKNOWN,UNKNOWN,false
akif,https://www.ankaraakifnakliyat.com/islemler/ankara/kecioren/ofis-tasima,ankara_district_service,IMPROVE,200,true,180,0.0881,0.7547,0.2941,https://www.ankaraakifnakliyat.com/islemler/ankara/mamak/ofis-tasima,false,false,true,5,36,Keçiören Ofis Taşıma | Akif Nakliyat,Keçiören . Ofis Taşıma,https://www.ankaraakifnakliyat.com/islemler/ankara/kecioren/ofis-tasima/,UNKNOWN,UNKNOWN,UNKNOWN,UNKNOWN,UNKNOWN,false
akif,https://www.ankaraakifnakliyat.com/islemler/ankara/kecioren/nakliyat-fiyatlari,ankara_district_service,IMPROVE,200,true,200,0.0782,0.7542,0.3380,https://www.ankaraakifnakliyat.com/islemler/ankara/mamak/nakliyat-fiyatlari,false,false,true,4,36,Keçiören Nakliyat Fiyatları | Akif Nakliyat,Keçiören . Nakliyat Fiyatları,https://www.ankaraakifnakliyat.com/islemler/ankara/kecioren/nakliyat-fiyatlari/,UNKNOWN,UNKNOWN,UNKNOWN,UNKNOWN,UNKNOWN,false
akif,https://www.ankaraakifnakliyat.com/islemler/ankara/kecioren/asansorlu-tasima,ankara_district_service,IMPROVE,200,true,159,0.1022,0.5109,0.4740,https://www.ankaraakifnakliyat.com/islemler/ankara/mamak/asansorlu-tasima,false,false,true,5,36,Keçiören Asansörlü Taşımacılık | Akif Nakliyat,Keçiören . Asansörlü Taşımacılık,https://www.ankaraakifnakliyat.com/islemler/ankara/kecioren/asansorlu-tasima/,UNKNOWN,UNKNOWN,UNKNOWN,UNKNOWN,UNKNOWN,false
akif,https://www.ankaraakifnakliyat.com/islemler/ankara/kecioren/sehirler-arasi-nakliyat,ankara_district_service,IMPROVE,200,true,167,0.0927,0.6490,0.4693,https://www.ankaraakifnakliyat.com/islemler/ankara/mamak/sehirler-arasi-nakliyat,false,false,true,5,36,Keçiören Şehirler Arası Nakliyat | Akif Nakliyat,Keçiören . Şehirler Arası Nakliyat,https://www.ankaraakifnakliyat.com/islemler/ankara/kecioren/sehirler-arasi-nakliyat/,UNKNOWN,UNKNOWN,UNKNOWN,UNKNOWN,UNKNOWN,false
akif,https://www.ankaraakifnakliyat.com/islemler/ankara/kizilcahamam/evden-eve-nakliyat,ankara_district_service,IMPROVE,200,true,194,0.0787,0.8146,0.2827,https://www.ankaraakifnakliyat.com/islemler/ankara/mamak/evden-eve-nakliyat,false,false,true,5,36,Kızılcahamam Evden Eve Nakliyat | Akif Nakliyat,Kızılcahamam . Evden Eve Nakliyat,https://www.ankaraakifnakliyat.com/islemler/ankara/kizilcahamam/evden-eve-nakliyat/,UNKNOWN,UNKNOWN,UNKNOWN,UNKNOWN,UNKNOWN,false
akif,https://www.ankaraakifnakliyat.com/islemler/ankara/kizilcahamam/ofis-tasima,ankara_district_service,IMPROVE,200,true,180,0.0881,0.7547,0.2941,https://www.ankaraakifnakliyat.com/islemler/ankara/mamak/ofis-tasima,false,false,true,5,36,Kızılcahamam Ofis Taşıma | Akif Nakliyat,Kızılcahamam . Ofis Taşıma,https://www.ankaraakifnakliyat.com/islemler/ankara/kizilcahamam/ofis-tasima/,UNKNOWN,UNKNOWN,UNKNOWN,UNKNOWN,UNKNOWN,false
akif,https://www.ankaraakifnakliyat.com/islemler/ankara/kizilcahamam/nakliyat-fiyatlari,ankara_district_service,IMPROVE,200,true,200,0.0782,0.7542,0.3380,https://www.ankaraakifnakliyat.com/islemler/ankara/mamak/nakliyat-fiyatlari,false,false,true,4,36,Kızılcahamam Nakliyat Fiyatları | Akif Nakliyat,Kızılcahamam . Nakliyat Fiyatları,https://www.ankaraakifnakliyat.com/islemler/ankara/kizilcahamam/nakliyat-fiyatlari/,UNKNOWN,UNKNOWN,UNKNOWN,UNKNOWN,UNKNOWN,false
akif,https://www.ankaraakifnakliyat.com/islemler/ankara/kizilcahamam/asansorlu-tasima,ankara_district_service,IMPROVE,200,true,159,0.1022,0.5109,0.4740,https://www.ankaraakifnakliyat.com/islemler/ankara/mamak/asansorlu-tasima,false,false,true,5,36,Kızılcahamam Asansörlü Taşımacılık | Akif Nakliyat,Kızılcahamam . Asansörlü Taşımacılık,https://www.ankaraakifnakliyat.com/islemler/ankara/kizilcahamam/asansorlu-tasima/,UNKNOWN,UNKNOWN,UNKNOWN,UNKNOWN,UNKNOWN,false
akif,https://www.ankaraakifnakliyat.com/islemler/ankara/kizilcahamam/sehirler-arasi-nakliyat,ankara_district_service,IMPROVE,200,true,167,0.0927,0.6490,0.4693,https://www.ankaraakifnakliyat.com/islemler/ankara/mamak/sehirler-arasi-nakliyat,false,false,true,5,36,Kızılcahamam Şehirler Arası Nakliyat | Akif Nakliyat,Kızılcahamam . Şehirler Arası Nakliyat,https://www.ankaraakifnakliyat.com/islemler/ankara/kizilcahamam/sehirler-arasi-nakliyat/,UNKNOWN,UNKNOWN,UNKNOWN,UNKNOWN,UNKNOWN,false
akif,https://www.ankaraakifnakliyat.com/islemler/ankara/mamak/evden-eve-nakliyat,ankara_district_service,MERGE,200,true,194,0.0787,0.8146,1.0000,https://www.ankaraakifnakliyat.com/islemler/ankara/pursaklar/evden-eve-nakliyat,true,true,true,5,36,Mamak Evden Eve Nakliyat | Akif Nakliyat,Mamak . Evden Eve Nakliyat,https://www.ankaraakifnakliyat.com/islemler/ankara/mamak/evden-eve-nakliyat/,UNKNOWN,UNKNOWN,UNKNOWN,UNKNOWN,UNKNOWN,false
akif,https://www.ankaraakifnakliyat.com/islemler/ankara/mamak/ofis-tasima,ankara_district_service,MERGE,200,true,180,0.0881,0.7547,1.0000,https://www.ankaraakifnakliyat.com/islemler/ankara/pursaklar/ofis-tasima,true,true,true,5,36,Mamak Ofis Taşıma | Akif Nakliyat,Mamak . Ofis Taşıma,https://www.ankaraakifnakliyat.com/islemler/ankara/mamak/ofis-tasima/,UNKNOWN,UNKNOWN,UNKNOWN,UNKNOWN,UNKNOWN,false
akif,https://www.ankaraakifnakliyat.com/islemler/ankara/mamak/nakliyat-fiyatlari,ankara_district_service,MERGE,200,true,200,0.0782,0.7542,1.0000,https://www.ankaraakifnakliyat.com/islemler/ankara/pursaklar/nakliyat-fiyatlari,true,true,true,4,36,Mamak Nakliyat Fiyatları | Akif Nakliyat,Mamak . Nakliyat Fiyatları,https://www.ankaraakifnakliyat.com/islemler/ankara/mamak/nakliyat-fiyatlari/,UNKNOWN,UNKNOWN,UNKNOWN,UNKNOWN,UNKNOWN,false
akif,https://www.ankaraakifnakliyat.com/islemler/ankara/mamak/asansorlu-tasima,ankara_district_service,MERGE,200,true,159,0.1022,0.5109,1.0000,https://www.ankaraakifnakliyat.com/islemler/ankara/pursaklar/asansorlu-tasima,true,true,true,5,36,Mamak Asansörlü Taşımacılık | Akif Nakliyat,Mamak . Asansörlü Taşımacılık,https://www.ankaraakifnakliyat.com/islemler/ankara/mamak/asansorlu-tasima/,UNKNOWN,UNKNOWN,UNKNOWN,UNKNOWN,UNKNOWN,false
akif,https://www.ankaraakifnakliyat.com/islemler/ankara/mamak/sehirler-arasi-nakliyat,ankara_district_service,MERGE,200,true,167,0.0927,0.6490,1.0000,https://www.ankaraakifnakliyat.com/islemler/ankara/pursaklar/sehirler-arasi-nakliyat,true,true,true,5,36,Mamak Şehirler Arası Nakliyat | Akif Nakliyat,Mamak . Şehirler Arası Nakliyat,https://www.ankaraakifnakliyat.com/islemler/ankara/mamak/sehirler-arasi-nakliyat/,UNKNOWN,UNKNOWN,UNKNOWN,UNKNOWN,UNKNOWN,false
akif,https://www.ankaraakifnakliyat.com/islemler/ankara/nallihan/evden-eve-nakliyat,ankara_district_service,IMPROVE,200,true,194,0.0787,0.8146,0.2827,https://www.ankaraakifnakliyat.com/islemler/ankara/pursaklar/evden-eve-nakliyat,false,false,true,5,36,Nallıhan Evden Eve Nakliyat | Akif Nakliyat,Nallıhan . Evden Eve Nakliyat,https://www.ankaraakifnakliyat.com/islemler/ankara/nallihan/evden-eve-nakliyat/,UNKNOWN,UNKNOWN,UNKNOWN,UNKNOWN,UNKNOWN,false
akif,https://www.ankaraakifnakliyat.com/islemler/ankara/nallihan/ofis-tasima,ankara_district_service,IMPROVE,200,true,180,0.0881,0.7547,0.2941,https://www.ankaraakifnakliyat.com/islemler/ankara/pursaklar/ofis-tasima,false,false,true,5,36,Nallıhan Ofis Taşıma | Akif Nakliyat,Nallıhan . Ofis Taşıma,https://www.ankaraakifnakliyat.com/islemler/ankara/nallihan/ofis-tasima/,UNKNOWN,UNKNOWN,UNKNOWN,UNKNOWN,UNKNOWN,false
akif,https://www.ankaraakifnakliyat.com/islemler/ankara/nallihan/nakliyat-fiyatlari,ankara_district_service,IMPROVE,200,true,200,0.0782,0.7542,0.3380,https://www.ankaraakifnakliyat.com/islemler/ankara/pursaklar/nakliyat-fiyatlari,false,false,true,4,36,Nallıhan Nakliyat Fiyatları | Akif Nakliyat,Nallıhan . Nakliyat Fiyatları,https://www.ankaraakifnakliyat.com/islemler/ankara/nallihan/nakliyat-fiyatlari/,UNKNOWN,UNKNOWN,UNKNOWN,UNKNOWN,UNKNOWN,false
akif,https://www.ankaraakifnakliyat.com/islemler/ankara/nallihan/asansorlu-tasima,ankara_district_service,IMPROVE,200,true,159,0.1022,0.5109,0.4740,https://www.ankaraakifnakliyat.com/islemler/ankara/pursaklar/asansorlu-tasima,false,false,true,5,36,Nallıhan Asansörlü Taşımacılık | Akif Nakliyat,Nallıhan . Asansörlü Taşımacılık,https://www.ankaraakifnakliyat.com/islemler/ankara/nallihan/asansorlu-tasima/,UNKNOWN,UNKNOWN,UNKNOWN,UNKNOWN,UNKNOWN,false
akif,https://www.ankaraakifnakliyat.com/islemler/ankara/nallihan/sehirler-arasi-nakliyat,ankara_district_service,IMPROVE,200,true,167,0.0927,0.6490,0.4693,https://www.ankaraakifnakliyat.com/islemler/ankara/pursaklar/sehirler-arasi-nakliyat,false,false,true,5,36,Nallıhan Şehirler Arası Nakliyat | Akif Nakliyat,Nallıhan . Şehirler Arası Nakliyat,https://www.ankaraakifnakliyat.com/islemler/ankara/nallihan/sehirler-arasi-nakliyat/,UNKNOWN,UNKNOWN,UNKNOWN,UNKNOWN,UNKNOWN,false
akif,https://www.ankaraakifnakliyat.com/islemler/ankara/polatli/evden-eve-nakliyat,ankara_district_service,IMPROVE,200,true,194,0.0787,0.8146,0.2827,https://www.ankaraakifnakliyat.com/islemler/ankara/pursaklar/evden-eve-nakliyat,false,false,true,5,36,Polatlı Evden Eve Nakliyat | Akif Nakliyat,Polatlı . Evden Eve Nakliyat,https://www.ankaraakifnakliyat.com/islemler/ankara/polatli/evden-eve-nakliyat/,UNKNOWN,UNKNOWN,UNKNOWN,UNKNOWN,UNKNOWN,false
akif,https://www.ankaraakifnakliyat.com/islemler/ankara/polatli/ofis-tasima,ankara_district_service,IMPROVE,200,true,180,0.0881,0.7547,0.2941,https://www.ankaraakifnakliyat.com/islemler/ankara/pursaklar/ofis-tasima,false,false,true,5,36,Polatlı Ofis Taşıma | Akif Nakliyat,Polatlı . Ofis Taşıma,https://www.ankaraakifnakliyat.com/islemler/ankara/polatli/ofis-tasima/,UNKNOWN,UNKNOWN,UNKNOWN,UNKNOWN,UNKNOWN,false
akif,https://www.ankaraakifnakliyat.com/islemler/ankara/polatli/nakliyat-fiyatlari,ankara_district_service,IMPROVE,200,true,200,0.0782,0.7542,0.3380,https://www.ankaraakifnakliyat.com/islemler/ankara/pursaklar/nakliyat-fiyatlari,false,false,true,4,36,Polatlı Nakliyat Fiyatları | Akif Nakliyat,Polatlı . Nakliyat Fiyatları,https://www.ankaraakifnakliyat.com/islemler/ankara/polatli/nakliyat-fiyatlari/,UNKNOWN,UNKNOWN,UNKNOWN,UNKNOWN,UNKNOWN,false
akif,https://www.ankaraakifnakliyat.com/islemler/ankara/polatli/asansorlu-tasima,ankara_district_service,IMPROVE,200,true,159,0.1022,0.5109,0.4740,https://www.ankaraakifnakliyat.com/islemler/ankara/pursaklar/asansorlu-tasima,false,false,true,5,36,Polatlı Asansörlü Taşımacılık | Akif Nakliyat,Polatlı . Asansörlü Taşımacılık,https://www.ankaraakifnakliyat.com/islemler/ankara/polatli/asansorlu-tasima/,UNKNOWN,UNKNOWN,UNKNOWN,UNKNOWN,UNKNOWN,false
akif,https://www.ankaraakifnakliyat.com/islemler/ankara/polatli/sehirler-arasi-nakliyat,ankara_district_service,IMPROVE,200,true,167,0.0927,0.6490,0.4693,https://www.ankaraakifnakliyat.com/islemler/ankara/pursaklar/sehirler-arasi-nakliyat,false,false,true,5,36,Polatlı Şehirler Arası Nakliyat | Akif Nakliyat,Polatlı . Şehirler Arası Nakliyat,https://www.ankaraakifnakliyat.com/islemler/ankara/polatli/sehirler-arasi-nakliyat/,UNKNOWN,UNKNOWN,UNKNOWN,UNKNOWN,UNKNOWN,false
akif,https://www.ankaraakifnakliyat.com/islemler/ankara/pursaklar/evden-eve-nakliyat,ankara_district_service,MERGE,200,true,194,0.0787,0.8146,1.0000,https://www.ankaraakifnakliyat.com/islemler/ankara/sincan/evden-eve-nakliyat,true,true,true,5,36,Pursaklar Evden Eve Nakliyat | Akif Nakliyat,Pursaklar . Evden Eve Nakliyat,https://www.ankaraakifnakliyat.com/islemler/ankara/pursaklar/evden-eve-nakliyat/,UNKNOWN,UNKNOWN,UNKNOWN,UNKNOWN,UNKNOWN,false
akif,https://www.ankaraakifnakliyat.com/islemler/ankara/pursaklar/ofis-tasima,ankara_district_service,MERGE,200,true,180,0.0881,0.7547,1.0000,https://www.ankaraakifnakliyat.com/islemler/ankara/sincan/ofis-tasima,true,true,true,5,36,Pursaklar Ofis Taşıma | Akif Nakliyat,Pursaklar . Ofis Taşıma,https://www.ankaraakifnakliyat.com/islemler/ankara/pursaklar/ofis-tasima/,UNKNOWN,UNKNOWN,UNKNOWN,UNKNOWN,UNKNOWN,false
akif,https://www.ankaraakifnakliyat.com/islemler/ankara/pursaklar/nakliyat-fiyatlari,ankara_district_service,MERGE,200,true,200,0.0782,0.7542,1.0000,https://www.ankaraakifnakliyat.com/islemler/ankara/sincan/nakliyat-fiyatlari,true,true,true,4,36,Pursaklar Nakliyat Fiyatları | Akif Nakliyat,Pursaklar . Nakliyat Fiyatları,https://www.ankaraakifnakliyat.com/islemler/ankara/pursaklar/nakliyat-fiyatlari/,UNKNOWN,UNKNOWN,UNKNOWN,UNKNOWN,UNKNOWN,false
akif,https://www.ankaraakifnakliyat.com/islemler/ankara/pursaklar/asansorlu-tasima,ankara_district_service,MERGE,200,true,159,0.1022,0.5109,1.0000,https://www.ankaraakifnakliyat.com/islemler/ankara/sincan/asansorlu-tasima,true,true,true,5,36,Pursaklar Asansörlü Taşımacılık | Akif Nakliyat,Pursaklar . Asansörlü Taşımacılık,https://www.ankaraakifnakliyat.com/islemler/ankara/pursaklar/asansorlu-tasima/,UNKNOWN,UNKNOWN,UNKNOWN,UNKNOWN,UNKNOWN,false
akif,https://www.ankaraakifnakliyat.com/islemler/ankara/pursaklar/sehirler-arasi-nakliyat,ankara_district_service,MERGE,200,true,167,0.0927,0.6490,1.0000,https://www.ankaraakifnakliyat.com/islemler/ankara/sincan/sehirler-arasi-nakliyat,true,true,true,5,36,Pursaklar Şehirler Arası Nakliyat | Akif Nakliyat,Pursaklar . Şehirler Arası Nakliyat,https://www.ankaraakifnakliyat.com/islemler/ankara/pursaklar/sehirler-arasi-nakliyat/,UNKNOWN,UNKNOWN,UNKNOWN,UNKNOWN,UNKNOWN,false
akif,https://www.ankaraakifnakliyat.com/islemler/ankara/sincan/evden-eve-nakliyat,ankara_district_service,MERGE,200,true,194,0.0787,0.8146,1.0000,https://www.ankaraakifnakliyat.com/islemler/ankara/yenimahalle/evden-eve-nakliyat,true,true,true,5,36,Sincan Evden Eve Nakliyat | Akif Nakliyat,Sincan . Evden Eve Nakliyat,https://www.ankaraakifnakliyat.com/islemler/ankara/sincan/evden-eve-nakliyat/,UNKNOWN,UNKNOWN,UNKNOWN,UNKNOWN,UNKNOWN,false
akif,https://www.ankaraakifnakliyat.com/islemler/ankara/sincan/ofis-tasima,ankara_district_service,MERGE,200,true,180,0.0881,0.7547,1.0000,https://www.ankaraakifnakliyat.com/islemler/ankara/yenimahalle/ofis-tasima,true,true,true,5,36,Sincan Ofis Taşıma | Akif Nakliyat,Sincan . Ofis Taşıma,https://www.ankaraakifnakliyat.com/islemler/ankara/sincan/ofis-tasima/,UNKNOWN,UNKNOWN,UNKNOWN,UNKNOWN,UNKNOWN,false
akif,https://www.ankaraakifnakliyat.com/islemler/ankara/sincan/nakliyat-fiyatlari,ankara_district_service,MERGE,200,true,200,0.0782,0.7542,1.0000,https://www.ankaraakifnakliyat.com/islemler/ankara/yenimahalle/nakliyat-fiyatlari,true,true,true,4,36,Sincan Nakliyat Fiyatları | Akif Nakliyat,Sincan . Nakliyat Fiyatları,https://www.ankaraakifnakliyat.com/islemler/ankara/sincan/nakliyat-fiyatlari/,UNKNOWN,UNKNOWN,UNKNOWN,UNKNOWN,UNKNOWN,false
akif,https://www.ankaraakifnakliyat.com/islemler/ankara/sincan/asansorlu-tasima,ankara_district_service,MERGE,200,true,159,0.1022,0.5109,1.0000,https://www.ankaraakifnakliyat.com/islemler/ankara/yenimahalle/asansorlu-tasima,true,true,true,5,36,Sincan Asansörlü Taşımacılık | Akif Nakliyat,Sincan . Asansörlü Taşımacılık,https://www.ankaraakifnakliyat.com/islemler/ankara/sincan/asansorlu-tasima/,UNKNOWN,UNKNOWN,UNKNOWN,UNKNOWN,UNKNOWN,false
akif,https://www.ankaraakifnakliyat.com/islemler/ankara/sincan/sehirler-arasi-nakliyat,ankara_district_service,MERGE,200,true,167,0.0927,0.6490,1.0000,https://www.ankaraakifnakliyat.com/islemler/ankara/yenimahalle/sehirler-arasi-nakliyat,true,true,true,5,36,Sincan Şehirler Arası Nakliyat | Akif Nakliyat,Sincan . Şehirler Arası Nakliyat,https://www.ankaraakifnakliyat.com/islemler/ankara/sincan/sehirler-arasi-nakliyat/,UNKNOWN,UNKNOWN,UNKNOWN,UNKNOWN,UNKNOWN,false
akif,https://www.ankaraakifnakliyat.com/islemler/ankara/sereflikochisar/evden-eve-nakliyat,ankara_district_service,IMPROVE,200,true,194,0.0787,0.8146,0.2827,https://www.ankaraakifnakliyat.com/islemler/ankara/yenimahalle/evden-eve-nakliyat,false,false,true,5,36,Şereflikoçhisar Evden Eve Nakliyat | Akif Nakliyat,Şereflikoçhisar . Evden Eve Nakliyat,https://www.ankaraakifnakliyat.com/islemler/ankara/sereflikochisar/evden-eve-nakliyat/,UNKNOWN,UNKNOWN,UNKNOWN,UNKNOWN,UNKNOWN,false
akif,https://www.ankaraakifnakliyat.com/islemler/ankara/sereflikochisar/ofis-tasima,ankara_district_service,IMPROVE,200,true,180,0.0881,0.7547,0.2941,https://www.ankaraakifnakliyat.com/islemler/ankara/yenimahalle/ofis-tasima,false,false,true,5,36,Şereflikoçhisar Ofis Taşıma | Akif Nakliyat,Şereflikoçhisar . Ofis Taşıma,https://www.ankaraakifnakliyat.com/islemler/ankara/sereflikochisar/ofis-tasima/,UNKNOWN,UNKNOWN,UNKNOWN,UNKNOWN,UNKNOWN,false
akif,https://www.ankaraakifnakliyat.com/islemler/ankara/sereflikochisar/nakliyat-fiyatlari,ankara_district_service,IMPROVE,200,true,200,0.0782,0.7542,0.3380,https://www.ankaraakifnakliyat.com/islemler/ankara/yenimahalle/nakliyat-fiyatlari,false,false,true,4,36,Şereflikoçhisar Nakliyat Fiyatları | Akif Nakliyat,Şereflikoçhisar . Nakliyat Fiyatları,https://www.ankaraakifnakliyat.com/islemler/ankara/sereflikochisar/nakliyat-fiyatlari/,UNKNOWN,UNKNOWN,UNKNOWN,UNKNOWN,UNKNOWN,false
akif,https://www.ankaraakifnakliyat.com/islemler/ankara/sereflikochisar/asansorlu-tasima,ankara_district_service,IMPROVE,200,true,159,0.1022,0.5109,0.4740,https://www.ankaraakifnakliyat.com/islemler/ankara/yenimahalle/asansorlu-tasima,false,false,true,5,36,Şereflikoçhisar Asansörlü Taşımacılık | Akif Nakliyat,Şereflikoçhisar . Asansörlü Taşımacılık,https://www.ankaraakifnakliyat.com/islemler/ankara/sereflikochisar/asansorlu-tasima/,UNKNOWN,UNKNOWN,UNKNOWN,UNKNOWN,UNKNOWN,false
akif,https://www.ankaraakifnakliyat.com/islemler/ankara/sereflikochisar/sehirler-arasi-nakliyat,ankara_district_service,IMPROVE,200,true,167,0.0927,0.6490,0.4693,https://www.ankaraakifnakliyat.com/islemler/ankara/yenimahalle/sehirler-arasi-nakliyat,false,false,true,5,36,Şereflikoçhisar Şehirler Arası Nakliyat | Akif Nakliyat,Şereflikoçhisar . Şehirler Arası Nakliyat,https://www.ankaraakifnakliyat.com/islemler/ankara/sereflikochisar/sehirler-arasi-nakliyat/,UNKNOWN,UNKNOWN,UNKNOWN,UNKNOWN,UNKNOWN,false
akif,https://www.ankaraakifnakliyat.com/islemler/ankara/yenimahalle/evden-eve-nakliyat,ankara_district_service,IMPROVE,200,true,194,0.0787,0.8146,0.1554,https://www.ankaraakifnakliyat.com/islemler/ankara/yenimahalle/ofis-tasima,false,false,true,5,36,Yenimahalle Evden Eve Nakliyat | Akif Nakliyat,Yenimahalle . Evden Eve Nakliyat,https://www.ankaraakifnakliyat.com/islemler/ankara/yenimahalle/evden-eve-nakliyat/,UNKNOWN,UNKNOWN,UNKNOWN,UNKNOWN,UNKNOWN,false
akif,https://www.ankaraakifnakliyat.com/islemler/ankara/yenimahalle/ofis-tasima,ankara_district_service,IMPROVE,200,true,180,0.0881,0.7547,0.1408,https://www.ankaraakifnakliyat.com/islemler/ankara/yenimahalle/nakliyat-fiyatlari,false,false,true,5,36,Yenimahalle Ofis Taşıma | Akif Nakliyat,Yenimahalle . Ofis Taşıma,https://www.ankaraakifnakliyat.com/islemler/ankara/yenimahalle/ofis-tasima/,UNKNOWN,UNKNOWN,UNKNOWN,UNKNOWN,UNKNOWN,false
akif,https://www.ankaraakifnakliyat.com/islemler/ankara/yenimahalle/nakliyat-fiyatlari,ankara_district_service,IMPROVE,200,true,200,0.0782,0.7542,0.1244,https://www.ankaraakifnakliyat.com/islemler/ankara/yenimahalle/asansorlu-tasima,false,false,true,4,36,Yenimahalle Nakliyat Fiyatları | Akif Nakliyat,Yenimahalle . Nakliyat Fiyatları,https://www.ankaraakifnakliyat.com/islemler/ankara/yenimahalle/nakliyat-fiyatlari/,UNKNOWN,UNKNOWN,UNKNOWN,UNKNOWN,UNKNOWN,false
akif,https://www.ankaraakifnakliyat.com/islemler/ankara/yenimahalle/asansorlu-tasima,ankara_district_service,IMPROVE,200,true,159,0.1022,0.5109,0.1233,https://www.ankaraakifnakliyat.com/islemler/ankara/yenimahalle/sehirler-arasi-nakliyat,false,false,true,5,36,Yenimahalle Asansörlü Taşımacılık | Akif Nakliyat,Yenimahalle . Asansörlü Taşımacılık,https://www.ankaraakifnakliyat.com/islemler/ankara/yenimahalle/asansorlu-tasima/,UNKNOWN,UNKNOWN,UNKNOWN,UNKNOWN,UNKNOWN,false
akif,https://www.ankaraakifnakliyat.com/islemler/ankara/yenimahalle/sehirler-arasi-nakliyat,ankara_district_service,IMPROVE,200,true,167,0.0927,0.6490,0.0000,,false,false,true,5,36,Yenimahalle Şehirler Arası Nakliyat | Akif Nakliyat,Yenimahalle . Şehirler Arası Nakliyat,https://www.ankaraakifnakliyat.com/islemler/ankara/yenimahalle/sehirler-arasi-nakliyat/,UNKNOWN,UNKNOWN,UNKNOWN,UNKNOWN,UNKNOWN,false
akif,https://www.ankaraakifnakliyat.com/islemler/istanbul/adalar,istanbul_district,MERGE,200,true,527,0.1515,0.8485,0.9472,https://www.ankaraakifnakliyat.com/islemler/istanbul/beykoz,true,true,false,43,43,Adalar Nakliyat | Adalar Evden Eve | Akif Nakliyat,İstanbul Adalar NAKLİYAT,https://www.ankaraakifnakliyat.com/islemler/istanbul/adalar/,UNKNOWN,UNKNOWN,UNKNOWN,UNKNOWN,UNKNOWN,false
akif,https://www.ankaraakifnakliyat.com/islemler/istanbul/arnavutkoy,istanbul_district,KEEP,200,true,527,0.1515,0.8485,0.2215,https://www.ankaraakifnakliyat.com/islemler/istanbul/kartal,false,false,false,43,43,Arnavutköy Nakliyat | Arnavutköy Evden Eve | Akif Nakliyat,İstanbul Arnavutköy NAKLİYAT,https://www.ankaraakifnakliyat.com/islemler/istanbul/arnavutkoy/,UNKNOWN,UNKNOWN,UNKNOWN,UNKNOWN,UNKNOWN,false
akif,https://www.ankaraakifnakliyat.com/islemler/istanbul/atasehir,istanbul_district,KEEP,200,true,527,0.1515,0.8485,0.2215,https://www.ankaraakifnakliyat.com/islemler/istanbul/kartal,false,false,false,43,43,Ataşehir Nakliyat | Ataşehir Evden Eve | Akif Nakliyat,İstanbul Ataşehir NAKLİYAT,https://www.ankaraakifnakliyat.com/islemler/istanbul/atasehir/,UNKNOWN,UNKNOWN,UNKNOWN,UNKNOWN,UNKNOWN,false
akif,https://www.ankaraakifnakliyat.com/islemler/istanbul/avcilar,istanbul_district,KEEP,200,true,527,0.1515,0.8485,0.2215,https://www.ankaraakifnakliyat.com/islemler/istanbul/kartal,false,false,false,43,43,Avcılar Nakliyat | Avcılar Evden Eve | Akif Nakliyat,İstanbul Avcılar NAKLİYAT,https://www.ankaraakifnakliyat.com/islemler/istanbul/avcilar/,UNKNOWN,UNKNOWN,UNKNOWN,UNKNOWN,UNKNOWN,false
akif,https://www.ankaraakifnakliyat.com/islemler/istanbul/bagcilar,istanbul_district,KEEP,200,true,527,0.1515,0.8485,0.2215,https://www.ankaraakifnakliyat.com/islemler/istanbul/kartal,false,false,false,43,43,Bağcılar Nakliyat | Bağcılar Evden Eve | Akif Nakliyat,İstanbul Bağcılar NAKLİYAT,https://www.ankaraakifnakliyat.com/islemler/istanbul/bagcilar/,UNKNOWN,UNKNOWN,UNKNOWN,UNKNOWN,UNKNOWN,false
akif,https://www.ankaraakifnakliyat.com/islemler/istanbul/bahcelievler,istanbul_district,KEEP,200,true,527,0.1515,0.8485,0.2215,https://www.ankaraakifnakliyat.com/islemler/istanbul/kartal,false,false,false,43,43,Bahçelievler Nakliyat | Bahçelievler Evden Eve | Akif Nakliyat,İstanbul Bahçelievler NAKLİYAT,https://www.ankaraakifnakliyat.com/islemler/istanbul/bahcelievler/,UNKNOWN,UNKNOWN,UNKNOWN,UNKNOWN,UNKNOWN,false
akif,https://www.ankaraakifnakliyat.com/islemler/istanbul/bakirkoy,istanbul_district,KEEP,200,true,527,0.1515,0.8485,0.2215,https://www.ankaraakifnakliyat.com/islemler/istanbul/beykoz,false,false,false,43,43,Bakırköy Nakliyat | Bakırköy Evden Eve | Akif Nakliyat,İstanbul Bakırköy NAKLİYAT,https://www.ankaraakifnakliyat.com/islemler/istanbul/bakirkoy/,UNKNOWN,UNKNOWN,UNKNOWN,UNKNOWN,UNKNOWN,false
akif,https://www.ankaraakifnakliyat.com/islemler/istanbul/basaksehir,istanbul_district,KEEP,200,true,527,0.1515,0.8485,0.2235,https://www.ankaraakifnakliyat.com/islemler/istanbul/beykoz,false,false,false,43,43,Başakşehir Nakliyat | Başakşehir Evden Eve | Akif Nakliyat,İstanbul Başakşehir NAKLİYAT,https://www.ankaraakifnakliyat.com/islemler/istanbul/basaksehir/,UNKNOWN,UNKNOWN,UNKNOWN,UNKNOWN,UNKNOWN,false
akif,https://www.ankaraakifnakliyat.com/islemler/istanbul/bayrampasa,istanbul_district,KEEP,200,true,527,0.1515,0.8485,0.2254,https://www.ankaraakifnakliyat.com/islemler/istanbul/beykoz,false,false,false,43,43,Bayrampaşa Nakliyat | Bayrampaşa Evden Eve | Akif Nakliyat,İstanbul Bayrampaşa NAKLİYAT,https://www.ankaraakifnakliyat.com/islemler/istanbul/bayrampasa/,UNKNOWN,UNKNOWN,UNKNOWN,UNKNOWN,UNKNOWN,false
akif,https://www.ankaraakifnakliyat.com/islemler/istanbul/besiktas,istanbul_district,KEEP,200,true,527,0.1515,0.8485,0.2273,https://www.ankaraakifnakliyat.com/islemler/istanbul/beykoz,false,false,false,43,43,Beşiktaş Nakliyat | Beşiktaş Evden Eve | Akif Nakliyat,İstanbul Beşiktaş NAKLİYAT,https://www.ankaraakifnakliyat.com/islemler/istanbul/besiktas/,UNKNOWN,UNKNOWN,UNKNOWN,UNKNOWN,UNKNOWN,false
akif,https://www.ankaraakifnakliyat.com/islemler/istanbul/beykoz,istanbul_district,MERGE,200,true,527,0.1515,0.8485,0.9472,https://www.ankaraakifnakliyat.com/islemler/istanbul/esenler,true,true,false,43,43,Beykoz Nakliyat | Beykoz Evden Eve | Akif Nakliyat,İstanbul Beykoz NAKLİYAT,https://www.ankaraakifnakliyat.com/islemler/istanbul/beykoz/,UNKNOWN,UNKNOWN,UNKNOWN,UNKNOWN,UNKNOWN,false
akif,https://www.ankaraakifnakliyat.com/islemler/istanbul/beylikduzu,istanbul_district,KEEP,200,true,527,0.1515,0.8485,0.2215,https://www.ankaraakifnakliyat.com/islemler/istanbul/kartal,false,false,false,43,43,Beylikdüzü Nakliyat | Beylikdüzü Evden Eve | Akif Nakliyat,İstanbul Beylikdüzü NAKLİYAT,https://www.ankaraakifnakliyat.com/islemler/istanbul/beylikduzu/,UNKNOWN,UNKNOWN,UNKNOWN,UNKNOWN,UNKNOWN,false
akif,https://www.ankaraakifnakliyat.com/islemler/istanbul/beyoglu,istanbul_district,KEEP,200,true,527,0.1515,0.8485,0.2215,https://www.ankaraakifnakliyat.com/islemler/istanbul/esenler,false,false,false,43,43,Beyoğlu Nakliyat | Beyoğlu Evden Eve | Akif Nakliyat,İstanbul Beyoğlu NAKLİYAT,https://www.ankaraakifnakliyat.com/islemler/istanbul/beyoglu/,UNKNOWN,UNKNOWN,UNKNOWN,UNKNOWN,UNKNOWN,false
akif,https://www.ankaraakifnakliyat.com/islemler/istanbul/buyukcekmece,istanbul_district,KEEP,200,true,527,0.1515,0.8485,0.2235,https://www.ankaraakifnakliyat.com/islemler/istanbul/esenler,false,false,false,43,43,Büyükçekmece Nakliyat | Büyükçekmece Evden Eve | Akif Nakliyat,İstanbul Büyükçekmece NAKLİYAT,https://www.ankaraakifnakliyat.com/islemler/istanbul/buyukcekmece/,UNKNOWN,UNKNOWN,UNKNOWN,UNKNOWN,UNKNOWN,false
akif,https://www.ankaraakifnakliyat.com/islemler/istanbul/catalca,istanbul_district,KEEP,200,true,527,0.1515,0.8485,0.2254,https://www.ankaraakifnakliyat.com/islemler/istanbul/esenler,false,false,false,43,43,Çatalca Nakliyat | Çatalca Evden Eve | Akif Nakliyat,İstanbul Çatalca NAKLİYAT,https://www.ankaraakifnakliyat.com/islemler/istanbul/catalca/,UNKNOWN,UNKNOWN,UNKNOWN,UNKNOWN,UNKNOWN,false
akif,https://www.ankaraakifnakliyat.com/islemler/istanbul/cekmekoy,istanbul_district,KEEP,200,true,527,0.1515,0.8485,0.2273,https://www.ankaraakifnakliyat.com/islemler/istanbul/esenler,false,false,false,43,43,Çekmeköy Nakliyat | Çekmeköy Evden Eve | Akif Nakliyat,İstanbul Çekmeköy NAKLİYAT,https://www.ankaraakifnakliyat.com/islemler/istanbul/cekmekoy/,UNKNOWN,UNKNOWN,UNKNOWN,UNKNOWN,UNKNOWN,false
akif,https://www.ankaraakifnakliyat.com/islemler/istanbul/esenler,istanbul_district,MERGE,200,true,527,0.1515,0.8485,0.9703,https://www.ankaraakifnakliyat.com/islemler/istanbul/esenyurt,true,true,false,43,43,Esenler Nakliyat | Esenler Evden Eve | Akif Nakliyat,İstanbul Esenler NAKLİYAT,https://www.ankaraakifnakliyat.com/islemler/istanbul/esenler/,UNKNOWN,UNKNOWN,UNKNOWN,UNKNOWN,UNKNOWN,false
akif,https://www.ankaraakifnakliyat.com/islemler/istanbul/esenyurt,istanbul_district,MERGE,200,true,527,0.1515,0.8485,0.9645,https://www.ankaraakifnakliyat.com/islemler/istanbul/fatih,true,true,false,43,43,Esenyurt Nakliyat | Esenyurt Evden Eve | Akif Nakliyat,İstanbul Esenyurt NAKLİYAT,https://www.ankaraakifnakliyat.com/islemler/istanbul/esenyurt/,UNKNOWN,UNKNOWN,UNKNOWN,UNKNOWN,UNKNOWN,false
akif,https://www.ankaraakifnakliyat.com/islemler/istanbul/eyupsultan,istanbul_district,KEEP,200,true,527,0.1515,0.8485,0.2273,https://www.ankaraakifnakliyat.com/islemler/istanbul/fatih,false,false,false,43,43,Eyüpsultan Nakliyat | Eyüpsultan Evden Eve | Akif Nakliyat,İstanbul Eyüpsultan NAKLİYAT,https://www.ankaraakifnakliyat.com/islemler/istanbul/eyupsultan/,UNKNOWN,UNKNOWN,UNKNOWN,UNKNOWN,UNKNOWN,false
akif,https://www.ankaraakifnakliyat.com/islemler/istanbul/fatih,istanbul_district,MERGE,200,true,527,0.1515,0.8485,0.9703,https://www.ankaraakifnakliyat.com/islemler/istanbul/kartal,true,true,false,43,43,Fatih Nakliyat | Fatih Evden Eve | Akif Nakliyat,İstanbul Fatih NAKLİYAT,https://www.ankaraakifnakliyat.com/islemler/istanbul/fatih/,UNKNOWN,UNKNOWN,UNKNOWN,UNKNOWN,UNKNOWN,false
akif,https://www.ankaraakifnakliyat.com/islemler/istanbul/gaziosmanpasa,istanbul_district,KEEP,200,true,527,0.1515,0.8071,0.2372,https://www.ankaraakifnakliyat.com/islemler/istanbul/kartal,false,false,false,25,43,Gaziosmanpaşa Nakliyat | Gaziosmanpaşa Evden Eve | Akif Nakliyat,İstanbul Gaziosmanpaşa NAKLİYAT,https://www.ankaraakifnakliyat.com/islemler/istanbul/gaziosmanpasa/,UNKNOWN,UNKNOWN,UNKNOWN,UNKNOWN,UNKNOWN,false
akif,https://www.ankaraakifnakliyat.com/islemler/istanbul/gungoren,istanbul_district,KEEP,200,true,527,0.1515,0.8071,0.2372,https://www.ankaraakifnakliyat.com/islemler/istanbul/kartal,false,false,false,5,43,Güngören Nakliyat | Güngören Evden Eve | Akif Nakliyat,İstanbul Güngören NAKLİYAT,https://www.ankaraakifnakliyat.com/islemler/istanbul/gungoren/,UNKNOWN,UNKNOWN,UNKNOWN,UNKNOWN,UNKNOWN,false
akif,https://www.ankaraakifnakliyat.com/islemler/istanbul/kadikoy,istanbul_district,KEEP,200,true,527,0.1515,0.8071,0.2372,https://www.ankaraakifnakliyat.com/islemler/istanbul/kartal,false,false,false,5,43,Kadıköy Nakliyat | Kadıköy Evden Eve | Akif Nakliyat,İstanbul Kadıköy NAKLİYAT,https://www.ankaraakifnakliyat.com/islemler/istanbul/kadikoy/,UNKNOWN,UNKNOWN,UNKNOWN,UNKNOWN,UNKNOWN,false
akif,https://www.ankaraakifnakliyat.com/islemler/istanbul/kagithane,istanbul_district,KEEP,200,true,527,0.1515,0.8071,0.2372,https://www.ankaraakifnakliyat.com/islemler/istanbul/kartal,false,false,false,5,43,Kağıthane Nakliyat | Kağıthane Evden Eve | Akif Nakliyat,İstanbul Kağıthane NAKLİYAT,https://www.ankaraakifnakliyat.com/islemler/istanbul/kagithane/,UNKNOWN,UNKNOWN,UNKNOWN,UNKNOWN,UNKNOWN,false
akif,https://www.ankaraakifnakliyat.com/islemler/istanbul/kartal,istanbul_district,MERGE,200,true,527,0.1515,0.8071,1.0000,https://www.ankaraakifnakliyat.com/islemler/istanbul/maltepe,true,true,false,5,43,Kartal Nakliyat | Kartal Evden Eve | Akif Nakliyat,İstanbul Kartal NAKLİYAT,https://www.ankaraakifnakliyat.com/islemler/istanbul/kartal/,UNKNOWN,UNKNOWN,UNKNOWN,UNKNOWN,UNKNOWN,false
akif,https://www.ankaraakifnakliyat.com/islemler/istanbul/kucukcekmece,istanbul_district,KEEP,200,true,527,0.1515,0.8071,0.2372,https://www.ankaraakifnakliyat.com/islemler/istanbul/maltepe,false,false,false,5,43,Küçükçekmece Nakliyat | Küçükçekmece Evden Eve | Akif Nakliyat,İstanbul Küçükçekmece NAKLİYAT,https://www.ankaraakifnakliyat.com/islemler/istanbul/kucukcekmece/,UNKNOWN,UNKNOWN,UNKNOWN,UNKNOWN,UNKNOWN,false
akif,https://www.ankaraakifnakliyat.com/islemler/istanbul/maltepe,istanbul_district,MERGE,200,true,527,0.1515,0.8071,1.0000,https://www.ankaraakifnakliyat.com/islemler/istanbul/pendik,true,true,false,5,43,Maltepe Nakliyat | Maltepe Evden Eve | Akif Nakliyat,İstanbul Maltepe NAKLİYAT,https://www.ankaraakifnakliyat.com/islemler/istanbul/maltepe/,UNKNOWN,UNKNOWN,UNKNOWN,UNKNOWN,UNKNOWN,false
akif,https://www.ankaraakifnakliyat.com/islemler/istanbul/pendik,istanbul_district,MERGE,200,true,527,0.1515,0.8071,1.0000,https://www.ankaraakifnakliyat.com/islemler/istanbul/sancaktepe,true,true,false,5,43,Pendik Nakliyat | Pendik Evden Eve | Akif Nakliyat,İstanbul Pendik NAKLİYAT,https://www.ankaraakifnakliyat.com/islemler/istanbul/pendik/,UNKNOWN,UNKNOWN,UNKNOWN,UNKNOWN,UNKNOWN,false
akif,https://www.ankaraakifnakliyat.com/islemler/istanbul/sancaktepe,istanbul_district,MERGE,200,true,527,0.1515,0.8071,1.0000,https://www.ankaraakifnakliyat.com/islemler/istanbul/silivri,true,true,false,5,43,Sancaktepe Nakliyat | Sancaktepe Evden Eve | Akif Nakliyat,İstanbul Sancaktepe NAKLİYAT,https://www.ankaraakifnakliyat.com/islemler/istanbul/sancaktepe/,UNKNOWN,UNKNOWN,UNKNOWN,UNKNOWN,UNKNOWN,false
akif,https://www.ankaraakifnakliyat.com/islemler/istanbul/sariyer,istanbul_district,KEEP,200,true,527,0.1515,0.8071,0.2372,https://www.ankaraakifnakliyat.com/islemler/istanbul/silivri,false,false,false,5,43,Sarıyer Nakliyat | Sarıyer Evden Eve | Akif Nakliyat,İstanbul Sarıyer NAKLİYAT,https://www.ankaraakifnakliyat.com/islemler/istanbul/sariyer/,UNKNOWN,UNKNOWN,UNKNOWN,UNKNOWN,UNKNOWN,false
akif,https://www.ankaraakifnakliyat.com/islemler/istanbul/silivri,istanbul_district,MERGE,200,true,527,0.1515,0.8071,1.0000,https://www.ankaraakifnakliyat.com/islemler/istanbul/sultanbeyli,true,true,false,5,43,Silivri Nakliyat | Silivri Evden Eve | Akif Nakliyat,İstanbul Silivri NAKLİYAT,https://www.ankaraakifnakliyat.com/islemler/istanbul/silivri/,UNKNOWN,UNKNOWN,UNKNOWN,UNKNOWN,UNKNOWN,false
akif,https://www.ankaraakifnakliyat.com/islemler/istanbul/sultanbeyli,istanbul_district,MERGE,200,true,527,0.1515,0.8071,1.0000,https://www.ankaraakifnakliyat.com/islemler/istanbul/sultangazi,true,true,false,5,43,Sultanbeyli Nakliyat | Sultanbeyli Evden Eve | Akif Nakliyat,İstanbul Sultanbeyli NAKLİYAT,https://www.ankaraakifnakliyat.com/islemler/istanbul/sultanbeyli/,UNKNOWN,UNKNOWN,UNKNOWN,UNKNOWN,UNKNOWN,false
akif,https://www.ankaraakifnakliyat.com/islemler/istanbul/sultangazi,istanbul_district,MERGE,200,true,527,0.1515,0.8071,1.0000,https://www.ankaraakifnakliyat.com/islemler/istanbul/tuzla,true,true,false,5,43,Sultangazi Nakliyat | Sultangazi Evden Eve | Akif Nakliyat,İstanbul Sultangazi NAKLİYAT,https://www.ankaraakifnakliyat.com/islemler/istanbul/sultangazi/,UNKNOWN,UNKNOWN,UNKNOWN,UNKNOWN,UNKNOWN,false
akif,https://www.ankaraakifnakliyat.com/islemler/istanbul/sile,istanbul_district,KEEP,200,true,527,0.1515,0.8071,0.2372,https://www.ankaraakifnakliyat.com/islemler/istanbul/tuzla,false,false,false,5,43,Şile Nakliyat | Şile Evden Eve | Akif Nakliyat,İstanbul Şile NAKLİYAT,https://www.ankaraakifnakliyat.com/islemler/istanbul/sile/,UNKNOWN,UNKNOWN,UNKNOWN,UNKNOWN,UNKNOWN,false
akif,https://www.ankaraakifnakliyat.com/islemler/istanbul/sisli,istanbul_district,KEEP,200,true,527,0.1515,0.8071,0.2372,https://www.ankaraakifnakliyat.com/islemler/istanbul/tuzla,false,false,false,5,43,Şişli Nakliyat | Şişli Evden Eve | Akif Nakliyat,İstanbul Şişli NAKLİYAT,https://www.ankaraakifnakliyat.com/islemler/istanbul/sisli/,UNKNOWN,UNKNOWN,UNKNOWN,UNKNOWN,UNKNOWN,false
akif,https://www.ankaraakifnakliyat.com/islemler/istanbul/tuzla,istanbul_district,MERGE,200,true,527,0.1515,0.8071,1.0000,https://www.ankaraakifnakliyat.com/islemler/istanbul/zeytinburnu,true,true,false,5,43,Tuzla Nakliyat | Tuzla Evden Eve | Akif Nakliyat,İstanbul Tuzla NAKLİYAT,https://www.ankaraakifnakliyat.com/islemler/istanbul/tuzla/,UNKNOWN,UNKNOWN,UNKNOWN,UNKNOWN,UNKNOWN,false
akif,https://www.ankaraakifnakliyat.com/islemler/istanbul/umraniye,istanbul_district,KEEP,200,true,527,0.1515,0.8071,0.2372,https://www.ankaraakifnakliyat.com/islemler/istanbul/zeytinburnu,false,false,false,5,43,Ümraniye Nakliyat | Ümraniye Evden Eve | Akif Nakliyat,İstanbul Ümraniye NAKLİYAT,https://www.ankaraakifnakliyat.com/islemler/istanbul/umraniye/,UNKNOWN,UNKNOWN,UNKNOWN,UNKNOWN,UNKNOWN,false
akif,https://www.ankaraakifnakliyat.com/islemler/istanbul/uskudar,istanbul_district,KEEP,200,true,527,0.1515,0.8071,0.2372,https://www.ankaraakifnakliyat.com/islemler/istanbul/zeytinburnu,false,false,false,5,43,Üsküdar Nakliyat | Üsküdar Evden Eve | Akif Nakliyat,İstanbul Üsküdar NAKLİYAT,https://www.ankaraakifnakliyat.com/islemler/istanbul/uskudar/,UNKNOWN,UNKNOWN,UNKNOWN,UNKNOWN,UNKNOWN,false
akif,https://www.ankaraakifnakliyat.com/islemler/istanbul/zeytinburnu,istanbul_district,KEEP,200,true,527,0.1515,0.8071,0.0000,,false,false,false,5,43,Zeytinburnu Nakliyat | Zeytinburnu Evden Eve | Akif Nakliyat,İstanbul Zeytinburnu NAKLİYAT,https://www.ankaraakifnakliyat.com/islemler/istanbul/zeytinburnu/,UNKNOWN,UNKNOWN,UNKNOWN,UNKNOWN,UNKNOWN,false
akif,https://www.ankaraakifnakliyat.com/islemler/istanbul/adalar/evden-eve-nakliyat,istanbul_district_service,MANUAL_REVIEW,200,true,194,0.0787,0.8146,0.9145,https://www.ankaraakifnakliyat.com/islemler/istanbul/esenler/evden-eve-nakliyat,true,false,true,43,36,Adalar Evden Eve Nakliyat | Akif Nakliyat,Adalar . Evden Eve Nakliyat,https://www.ankaraakifnakliyat.com/islemler/istanbul/adalar/evden-eve-nakliyat/,UNKNOWN,UNKNOWN,UNKNOWN,UNKNOWN,UNKNOWN,false
akif,https://www.ankaraakifnakliyat.com/islemler/istanbul/adalar/ofis-tasima,istanbul_district_service,MANUAL_REVIEW,200,true,180,0.0881,0.7547,0.9138,https://www.ankaraakifnakliyat.com/islemler/istanbul/esenler/ofis-tasima,true,false,true,43,36,Adalar Ofis Taşıma | Akif Nakliyat,Adalar . Ofis Taşıma,https://www.ankaraakifnakliyat.com/islemler/istanbul/adalar/ofis-tasima/,UNKNOWN,UNKNOWN,UNKNOWN,UNKNOWN,UNKNOWN,false
akif,https://www.ankaraakifnakliyat.com/islemler/istanbul/adalar/nakliyat-fiyatlari,istanbul_district_service,MANUAL_REVIEW,200,true,200,0.0782,0.7542,0.9270,https://www.ankaraakifnakliyat.com/islemler/istanbul/esenler/nakliyat-fiyatlari,true,false,true,42,36,Adalar Nakliyat Fiyatları | Akif Nakliyat,Adalar . Nakliyat Fiyatları,https://www.ankaraakifnakliyat.com/islemler/istanbul/adalar/nakliyat-fiyatlari/,UNKNOWN,UNKNOWN,UNKNOWN,UNKNOWN,UNKNOWN,false
akif,https://www.ankaraakifnakliyat.com/islemler/istanbul/adalar/asansorlu-tasima,istanbul_district_service,MANUAL_REVIEW,200,true,159,0.1022,0.5109,0.9206,https://www.ankaraakifnakliyat.com/islemler/istanbul/esenler/asansorlu-tasima,true,false,true,43,36,Adalar Asansörlü Taşımacılık | Akif Nakliyat,Adalar . Asansörlü Taşımacılık,https://www.ankaraakifnakliyat.com/islemler/istanbul/adalar/asansorlu-tasima/,UNKNOWN,UNKNOWN,UNKNOWN,UNKNOWN,UNKNOWN,false
akif,https://www.ankaraakifnakliyat.com/islemler/istanbul/adalar/sehirler-arasi-nakliyat,istanbul_district_service,MANUAL_REVIEW,200,true,167,0.0927,0.6490,0.9231,https://www.ankaraakifnakliyat.com/islemler/istanbul/esenler/sehirler-arasi-nakliyat,true,false,true,43,36,Adalar Şehirler Arası Nakliyat | Akif Nakliyat,Adalar . Şehirler Arası Nakliyat,https://www.ankaraakifnakliyat.com/islemler/istanbul/adalar/sehirler-arasi-nakliyat/,UNKNOWN,UNKNOWN,UNKNOWN,UNKNOWN,UNKNOWN,false
akif,https://www.ankaraakifnakliyat.com/islemler/istanbul/arnavutkoy/evden-eve-nakliyat,istanbul_district_service,IMPROVE,200,true,194,0.0787,0.8146,0.2500,https://www.ankaraakifnakliyat.com/islemler/istanbul/esenler/evden-eve-nakliyat,false,false,true,43,36,Arnavutköy Evden Eve Nakliyat | Akif Nakliyat,Arnavutköy . Evden Eve Nakliyat,https://www.ankaraakifnakliyat.com/islemler/istanbul/arnavutkoy/evden-eve-nakliyat/,UNKNOWN,UNKNOWN,UNKNOWN,UNKNOWN,UNKNOWN,false
akif,https://www.ankaraakifnakliyat.com/islemler/istanbul/arnavutkoy/ofis-tasima,istanbul_district_service,IMPROVE,200,true,180,0.0881,0.7547,0.2604,https://www.ankaraakifnakliyat.com/islemler/istanbul/esenler/ofis-tasima,false,false,true,43,36,Arnavutköy Ofis Taşıma | Akif Nakliyat,Arnavutköy . Ofis Taşıma,https://www.ankaraakifnakliyat.com/islemler/istanbul/arnavutkoy/ofis-tasima/,UNKNOWN,UNKNOWN,UNKNOWN,UNKNOWN,UNKNOWN,false
akif,https://www.ankaraakifnakliyat.com/islemler/istanbul/arnavutkoy/nakliyat-fiyatlari,istanbul_district_service,IMPROVE,200,true,200,0.0782,0.7542,0.3073,https://www.ankaraakifnakliyat.com/islemler/istanbul/esenler/nakliyat-fiyatlari,false,false,true,42,36,Arnavutköy Nakliyat Fiyatları | Akif Nakliyat,Arnavutköy . Nakliyat Fiyatları,https://www.ankaraakifnakliyat.com/islemler/istanbul/arnavutkoy/nakliyat-fiyatlari/,UNKNOWN,UNKNOWN,UNKNOWN,UNKNOWN,UNKNOWN,false
akif,https://www.ankaraakifnakliyat.com/islemler/istanbul/arnavutkoy/asansorlu-tasima,istanbul_district_service,IMPROVE,200,true,159,0.1022,0.5109,0.4326,https://www.ankaraakifnakliyat.com/islemler/istanbul/esenler/asansorlu-tasima,false,false,true,43,36,Arnavutköy Asansörlü Taşımacılık | Akif Nakliyat,Arnavutköy . Asansörlü Taşımacılık,https://www.ankaraakifnakliyat.com/islemler/istanbul/arnavutkoy/asansorlu-tasima/,UNKNOWN,UNKNOWN,UNKNOWN,UNKNOWN,UNKNOWN,false
akif,https://www.ankaraakifnakliyat.com/islemler/istanbul/arnavutkoy/sehirler-arasi-nakliyat,istanbul_district_service,IMPROVE,200,true,167,0.0927,0.6490,0.4293,https://www.ankaraakifnakliyat.com/islemler/istanbul/esenler/sehirler-arasi-nakliyat,false,false,true,43,36,Arnavutköy Şehirler Arası Nakliyat | Akif Nakliyat,Arnavutköy . Şehirler Arası Nakliyat,https://www.ankaraakifnakliyat.com/islemler/istanbul/arnavutkoy/sehirler-arasi-nakliyat/,UNKNOWN,UNKNOWN,UNKNOWN,UNKNOWN,UNKNOWN,false
akif,https://www.ankaraakifnakliyat.com/islemler/istanbul/atasehir/evden-eve-nakliyat,istanbul_district_service,IMPROVE,200,true,194,0.0787,0.8146,0.2500,https://www.ankaraakifnakliyat.com/islemler/istanbul/esenler/evden-eve-nakliyat,false,false,true,43,36,Ataşehir Evden Eve Nakliyat | Akif Nakliyat,Ataşehir . Evden Eve Nakliyat,https://www.ankaraakifnakliyat.com/islemler/istanbul/atasehir/evden-eve-nakliyat/,UNKNOWN,UNKNOWN,UNKNOWN,UNKNOWN,UNKNOWN,false
akif,https://www.ankaraakifnakliyat.com/islemler/istanbul/atasehir/ofis-tasima,istanbul_district_service,IMPROVE,200,true,180,0.0881,0.7547,0.2604,https://www.ankaraakifnakliyat.com/islemler/istanbul/esenler/ofis-tasima,false,false,true,43,36,Ataşehir Ofis Taşıma | Akif Nakliyat,Ataşehir . Ofis Taşıma,https://www.ankaraakifnakliyat.com/islemler/istanbul/atasehir/ofis-tasima/,UNKNOWN,UNKNOWN,UNKNOWN,UNKNOWN,UNKNOWN,false
akif,https://www.ankaraakifnakliyat.com/islemler/istanbul/atasehir/nakliyat-fiyatlari,istanbul_district_service,IMPROVE,200,true,200,0.0782,0.7542,0.3073,https://www.ankaraakifnakliyat.com/islemler/istanbul/esenler/nakliyat-fiyatlari,false,false,true,42,36,Ataşehir Nakliyat Fiyatları | Akif Nakliyat,Ataşehir . Nakliyat Fiyatları,https://www.ankaraakifnakliyat.com/islemler/istanbul/atasehir/nakliyat-fiyatlari/,UNKNOWN,UNKNOWN,UNKNOWN,UNKNOWN,UNKNOWN,false
akif,https://www.ankaraakifnakliyat.com/islemler/istanbul/atasehir/asansorlu-tasima,istanbul_district_service,IMPROVE,200,true,159,0.1022,0.5109,0.4326,https://www.ankaraakifnakliyat.com/islemler/istanbul/esenler/asansorlu-tasima,false,false,true,43,36,Ataşehir Asansörlü Taşımacılık | Akif Nakliyat,Ataşehir . Asansörlü Taşımacılık,https://www.ankaraakifnakliyat.com/islemler/istanbul/atasehir/asansorlu-tasima/,UNKNOWN,UNKNOWN,UNKNOWN,UNKNOWN,UNKNOWN,false
akif,https://www.ankaraakifnakliyat.com/islemler/istanbul/atasehir/sehirler-arasi-nakliyat,istanbul_district_service,IMPROVE,200,true,167,0.0927,0.6490,0.4293,https://www.ankaraakifnakliyat.com/islemler/istanbul/esenler/sehirler-arasi-nakliyat,false,false,true,43,36,Ataşehir Şehirler Arası Nakliyat | Akif Nakliyat,Ataşehir . Şehirler Arası Nakliyat,https://www.ankaraakifnakliyat.com/islemler/istanbul/atasehir/sehirler-arasi-nakliyat/,UNKNOWN,UNKNOWN,UNKNOWN,UNKNOWN,UNKNOWN,false
akif,https://www.ankaraakifnakliyat.com/islemler/istanbul/avcilar/evden-eve-nakliyat,istanbul_district_service,IMPROVE,200,true,194,0.0787,0.8146,0.2500,https://www.ankaraakifnakliyat.com/islemler/istanbul/esenler/evden-eve-nakliyat,false,false,true,43,36,Avcılar Evden Eve Nakliyat | Akif Nakliyat,Avcılar . Evden Eve Nakliyat,https://www.ankaraakifnakliyat.com/islemler/istanbul/avcilar/evden-eve-nakliyat/,UNKNOWN,UNKNOWN,UNKNOWN,UNKNOWN,UNKNOWN,false
akif,https://www.ankaraakifnakliyat.com/islemler/istanbul/avcilar/ofis-tasima,istanbul_district_service,IMPROVE,200,true,180,0.0881,0.7547,0.2604,https://www.ankaraakifnakliyat.com/islemler/istanbul/esenler/ofis-tasima,false,false,true,43,36,Avcılar Ofis Taşıma | Akif Nakliyat,Avcılar . Ofis Taşıma,https://www.ankaraakifnakliyat.com/islemler/istanbul/avcilar/ofis-tasima/,UNKNOWN,UNKNOWN,UNKNOWN,UNKNOWN,UNKNOWN,false
akif,https://www.ankaraakifnakliyat.com/islemler/istanbul/avcilar/nakliyat-fiyatlari,istanbul_district_service,IMPROVE,200,true,200,0.0782,0.7542,0.3073,https://www.ankaraakifnakliyat.com/islemler/istanbul/esenler/nakliyat-fiyatlari,false,false,true,42,36,Avcılar Nakliyat Fiyatları | Akif Nakliyat,Avcılar . Nakliyat Fiyatları,https://www.ankaraakifnakliyat.com/islemler/istanbul/avcilar/nakliyat-fiyatlari/,UNKNOWN,UNKNOWN,UNKNOWN,UNKNOWN,UNKNOWN,false
akif,https://www.ankaraakifnakliyat.com/islemler/istanbul/avcilar/asansorlu-tasima,istanbul_district_service,IMPROVE,200,true,159,0.1022,0.5109,0.4326,https://www.ankaraakifnakliyat.com/islemler/istanbul/esenler/asansorlu-tasima,false,false,true,43,36,Avcılar Asansörlü Taşımacılık | Akif Nakliyat,Avcılar . Asansörlü Taşımacılık,https://www.ankaraakifnakliyat.com/islemler/istanbul/avcilar/asansorlu-tasima/,UNKNOWN,UNKNOWN,UNKNOWN,UNKNOWN,UNKNOWN,false
akif,https://www.ankaraakifnakliyat.com/islemler/istanbul/avcilar/sehirler-arasi-nakliyat,istanbul_district_service,IMPROVE,200,true,167,0.0927,0.6490,0.4293,https://www.ankaraakifnakliyat.com/islemler/istanbul/esenler/sehirler-arasi-nakliyat,false,false,true,43,36,Avcılar Şehirler Arası Nakliyat | Akif Nakliyat,Avcılar . Şehirler Arası Nakliyat,https://www.ankaraakifnakliyat.com/islemler/istanbul/avcilar/sehirler-arasi-nakliyat/,UNKNOWN,UNKNOWN,UNKNOWN,UNKNOWN,UNKNOWN,false
akif,https://www.ankaraakifnakliyat.com/islemler/istanbul/bagcilar/evden-eve-nakliyat,istanbul_district_service,IMPROVE,200,true,194,0.0787,0.8146,0.2500,https://www.ankaraakifnakliyat.com/islemler/istanbul/esenler/evden-eve-nakliyat,false,false,true,43,36,Bağcılar Evden Eve Nakliyat | Akif Nakliyat,Bağcılar . Evden Eve Nakliyat,https://www.ankaraakifnakliyat.com/islemler/istanbul/bagcilar/evden-eve-nakliyat/,UNKNOWN,UNKNOWN,UNKNOWN,UNKNOWN,UNKNOWN,false
akif,https://www.ankaraakifnakliyat.com/islemler/istanbul/bagcilar/ofis-tasima,istanbul_district_service,IMPROVE,200,true,180,0.0881,0.7547,0.2604,https://www.ankaraakifnakliyat.com/islemler/istanbul/esenler/ofis-tasima,false,false,true,43,36,Bağcılar Ofis Taşıma | Akif Nakliyat,Bağcılar . Ofis Taşıma,https://www.ankaraakifnakliyat.com/islemler/istanbul/bagcilar/ofis-tasima/,UNKNOWN,UNKNOWN,UNKNOWN,UNKNOWN,UNKNOWN,false
akif,https://www.ankaraakifnakliyat.com/islemler/istanbul/bagcilar/nakliyat-fiyatlari,istanbul_district_service,IMPROVE,200,true,200,0.0782,0.7542,0.3073,https://www.ankaraakifnakliyat.com/islemler/istanbul/esenler/nakliyat-fiyatlari,false,false,true,42,36,Bağcılar Nakliyat Fiyatları | Akif Nakliyat,Bağcılar . Nakliyat Fiyatları,https://www.ankaraakifnakliyat.com/islemler/istanbul/bagcilar/nakliyat-fiyatlari/,UNKNOWN,UNKNOWN,UNKNOWN,UNKNOWN,UNKNOWN,false
akif,https://www.ankaraakifnakliyat.com/islemler/istanbul/bagcilar/asansorlu-tasima,istanbul_district_service,IMPROVE,200,true,159,0.1022,0.5109,0.4326,https://www.ankaraakifnakliyat.com/islemler/istanbul/esenler/asansorlu-tasima,false,false,true,43,36,Bağcılar Asansörlü Taşımacılık | Akif Nakliyat,Bağcılar . Asansörlü Taşımacılık,https://www.ankaraakifnakliyat.com/islemler/istanbul/bagcilar/asansorlu-tasima/,UNKNOWN,UNKNOWN,UNKNOWN,UNKNOWN,UNKNOWN,false
akif,https://www.ankaraakifnakliyat.com/islemler/istanbul/bagcilar/sehirler-arasi-nakliyat,istanbul_district_service,IMPROVE,200,true,167,0.0927,0.6490,0.4293,https://www.ankaraakifnakliyat.com/islemler/istanbul/esenler/sehirler-arasi-nakliyat,false,false,true,43,36,Bağcılar Şehirler Arası Nakliyat | Akif Nakliyat,Bağcılar . Şehirler Arası Nakliyat,https://www.ankaraakifnakliyat.com/islemler/istanbul/bagcilar/sehirler-arasi-nakliyat/,UNKNOWN,UNKNOWN,UNKNOWN,UNKNOWN,UNKNOWN,false
akif,https://www.ankaraakifnakliyat.com/islemler/istanbul/bahcelievler/evden-eve-nakliyat,istanbul_district_service,IMPROVE,200,true,194,0.0787,0.8146,0.2500,https://www.ankaraakifnakliyat.com/islemler/istanbul/esenler/evden-eve-nakliyat,false,false,true,43,36,Bahçelievler Evden Eve Nakliyat | Akif Nakliyat,Bahçelievler . Evden Eve Nakliyat,https://www.ankaraakifnakliyat.com/islemler/istanbul/bahcelievler/evden-eve-nakliyat/,UNKNOWN,UNKNOWN,UNKNOWN,UNKNOWN,UNKNOWN,false
akif,https://www.ankaraakifnakliyat.com/islemler/istanbul/bahcelievler/ofis-tasima,istanbul_district_service,IMPROVE,200,true,180,0.0881,0.7547,0.2604,https://www.ankaraakifnakliyat.com/islemler/istanbul/esenler/ofis-tasima,false,false,true,43,36,Bahçelievler Ofis Taşıma | Akif Nakliyat,Bahçelievler . Ofis Taşıma,https://www.ankaraakifnakliyat.com/islemler/istanbul/bahcelievler/ofis-tasima/,UNKNOWN,UNKNOWN,UNKNOWN,UNKNOWN,UNKNOWN,false
akif,https://www.ankaraakifnakliyat.com/islemler/istanbul/bahcelievler/nakliyat-fiyatlari,istanbul_district_service,IMPROVE,200,true,200,0.0782,0.7542,0.3073,https://www.ankaraakifnakliyat.com/islemler/istanbul/esenler/nakliyat-fiyatlari,false,false,true,42,36,Bahçelievler Nakliyat Fiyatları | Akif Nakliyat,Bahçelievler . Nakliyat Fiyatları,https://www.ankaraakifnakliyat.com/islemler/istanbul/bahcelievler/nakliyat-fiyatlari/,UNKNOWN,UNKNOWN,UNKNOWN,UNKNOWN,UNKNOWN,false
akif,https://www.ankaraakifnakliyat.com/islemler/istanbul/bahcelievler/asansorlu-tasima,istanbul_district_service,IMPROVE,200,true,159,0.1022,0.5109,0.4326,https://www.ankaraakifnakliyat.com/islemler/istanbul/esenler/asansorlu-tasima,false,false,true,43,36,Bahçelievler Asansörlü Taşımacılık | Akif Nakliyat,Bahçelievler . Asansörlü Taşımacılık,https://www.ankaraakifnakliyat.com/islemler/istanbul/bahcelievler/asansorlu-tasima/,UNKNOWN,UNKNOWN,UNKNOWN,UNKNOWN,UNKNOWN,false
akif,https://www.ankaraakifnakliyat.com/islemler/istanbul/bahcelievler/sehirler-arasi-nakliyat,istanbul_district_service,IMPROVE,200,true,167,0.0927,0.6490,0.4293,https://www.ankaraakifnakliyat.com/islemler/istanbul/esenler/sehirler-arasi-nakliyat,false,false,true,43,36,Bahçelievler Şehirler Arası Nakliyat | Akif Nakliyat,Bahçelievler . Şehirler Arası Nakliyat,https://www.ankaraakifnakliyat.com/islemler/istanbul/bahcelievler/sehirler-arasi-nakliyat/,UNKNOWN,UNKNOWN,UNKNOWN,UNKNOWN,UNKNOWN,false
akif,https://www.ankaraakifnakliyat.com/islemler/istanbul/bakirkoy/evden-eve-nakliyat,istanbul_district_service,IMPROVE,200,true,194,0.0787,0.8146,0.2500,https://www.ankaraakifnakliyat.com/islemler/istanbul/esenler/evden-eve-nakliyat,false,false,true,43,36,Bakırköy Evden Eve Nakliyat | Akif Nakliyat,Bakırköy . Evden Eve Nakliyat,https://www.ankaraakifnakliyat.com/islemler/istanbul/bakirkoy/evden-eve-nakliyat/,UNKNOWN,UNKNOWN,UNKNOWN,UNKNOWN,UNKNOWN,false
akif,https://www.ankaraakifnakliyat.com/islemler/istanbul/bakirkoy/ofis-tasima,istanbul_district_service,IMPROVE,200,true,180,0.0881,0.7547,0.2604,https://www.ankaraakifnakliyat.com/islemler/istanbul/esenler/ofis-tasima,false,false,true,43,36,Bakırköy Ofis Taşıma | Akif Nakliyat,Bakırköy . Ofis Taşıma,https://www.ankaraakifnakliyat.com/islemler/istanbul/bakirkoy/ofis-tasima/,UNKNOWN,UNKNOWN,UNKNOWN,UNKNOWN,UNKNOWN,false
akif,https://www.ankaraakifnakliyat.com/islemler/istanbul/bakirkoy/nakliyat-fiyatlari,istanbul_district_service,IMPROVE,200,true,200,0.0782,0.7542,0.3073,https://www.ankaraakifnakliyat.com/islemler/istanbul/esenler/nakliyat-fiyatlari,false,false,true,42,36,Bakırköy Nakliyat Fiyatları | Akif Nakliyat,Bakırköy . Nakliyat Fiyatları,https://www.ankaraakifnakliyat.com/islemler/istanbul/bakirkoy/nakliyat-fiyatlari/,UNKNOWN,UNKNOWN,UNKNOWN,UNKNOWN,UNKNOWN,false
akif,https://www.ankaraakifnakliyat.com/islemler/istanbul/bakirkoy/asansorlu-tasima,istanbul_district_service,IMPROVE,200,true,159,0.1022,0.5109,0.4326,https://www.ankaraakifnakliyat.com/islemler/istanbul/esenler/asansorlu-tasima,false,false,true,43,36,Bakırköy Asansörlü Taşımacılık | Akif Nakliyat,Bakırköy . Asansörlü Taşımacılık,https://www.ankaraakifnakliyat.com/islemler/istanbul/bakirkoy/asansorlu-tasima/,UNKNOWN,UNKNOWN,UNKNOWN,UNKNOWN,UNKNOWN,false
akif,https://www.ankaraakifnakliyat.com/islemler/istanbul/bakirkoy/sehirler-arasi-nakliyat,istanbul_district_service,IMPROVE,200,true,167,0.0927,0.6490,0.4293,https://www.ankaraakifnakliyat.com/islemler/istanbul/esenler/sehirler-arasi-nakliyat,false,false,true,43,36,Bakırköy Şehirler Arası Nakliyat | Akif Nakliyat,Bakırköy . Şehirler Arası Nakliyat,https://www.ankaraakifnakliyat.com/islemler/istanbul/bakirkoy/sehirler-arasi-nakliyat/,UNKNOWN,UNKNOWN,UNKNOWN,UNKNOWN,UNKNOWN,false
akif,https://www.ankaraakifnakliyat.com/islemler/istanbul/basaksehir/evden-eve-nakliyat,istanbul_district_service,IMPROVE,200,true,194,0.0787,0.8146,0.2500,https://www.ankaraakifnakliyat.com/islemler/istanbul/beykoz/evden-eve-nakliyat,false,false,true,43,36,Başakşehir Evden Eve Nakliyat | Akif Nakliyat,Başakşehir . Evden Eve Nakliyat,https://www.ankaraakifnakliyat.com/islemler/istanbul/basaksehir/evden-eve-nakliyat/,UNKNOWN,UNKNOWN,UNKNOWN,UNKNOWN,UNKNOWN,false
akif,https://www.ankaraakifnakliyat.com/islemler/istanbul/basaksehir/ofis-tasima,istanbul_district_service,IMPROVE,200,true,180,0.0881,0.7547,0.2604,https://www.ankaraakifnakliyat.com/islemler/istanbul/beykoz/ofis-tasima,false,false,true,43,36,Başakşehir Ofis Taşıma | Akif Nakliyat,Başakşehir . Ofis Taşıma,https://www.ankaraakifnakliyat.com/islemler/istanbul/basaksehir/ofis-tasima/,UNKNOWN,UNKNOWN,UNKNOWN,UNKNOWN,UNKNOWN,false
akif,https://www.ankaraakifnakliyat.com/islemler/istanbul/basaksehir/nakliyat-fiyatlari,istanbul_district_service,IMPROVE,200,true,200,0.0782,0.7542,0.3073,https://www.ankaraakifnakliyat.com/islemler/istanbul/beykoz/nakliyat-fiyatlari,false,false,true,42,36,Başakşehir Nakliyat Fiyatları | Akif Nakliyat,Başakşehir . Nakliyat Fiyatları,https://www.ankaraakifnakliyat.com/islemler/istanbul/basaksehir/nakliyat-fiyatlari/,UNKNOWN,UNKNOWN,UNKNOWN,UNKNOWN,UNKNOWN,false
akif,https://www.ankaraakifnakliyat.com/islemler/istanbul/basaksehir/asansorlu-tasima,istanbul_district_service,IMPROVE,200,true,159,0.1022,0.5109,0.4326,https://www.ankaraakifnakliyat.com/islemler/istanbul/beykoz/asansorlu-tasima,false,false,true,43,36,Başakşehir Asansörlü Taşımacılık | Akif Nakliyat,Başakşehir . Asansörlü Taşımacılık,https://www.ankaraakifnakliyat.com/islemler/istanbul/basaksehir/asansorlu-tasima/,UNKNOWN,UNKNOWN,UNKNOWN,UNKNOWN,UNKNOWN,false
akif,https://www.ankaraakifnakliyat.com/islemler/istanbul/basaksehir/sehirler-arasi-nakliyat,istanbul_district_service,IMPROVE,200,true,167,0.0927,0.6490,0.4293,https://www.ankaraakifnakliyat.com/islemler/istanbul/beykoz/sehirler-arasi-nakliyat,false,false,true,43,36,Başakşehir Şehirler Arası Nakliyat | Akif Nakliyat,Başakşehir . Şehirler Arası Nakliyat,https://www.ankaraakifnakliyat.com/islemler/istanbul/basaksehir/sehirler-arasi-nakliyat/,UNKNOWN,UNKNOWN,UNKNOWN,UNKNOWN,UNKNOWN,false
akif,https://www.ankaraakifnakliyat.com/islemler/istanbul/bayrampasa/evden-eve-nakliyat,istanbul_district_service,IMPROVE,200,true,194,0.0787,0.8146,0.2564,https://www.ankaraakifnakliyat.com/islemler/istanbul/beykoz/evden-eve-nakliyat,false,false,true,43,36,Bayrampaşa Evden Eve Nakliyat | Akif Nakliyat,Bayrampaşa . Evden Eve Nakliyat,https://www.ankaraakifnakliyat.com/islemler/istanbul/bayrampasa/evden-eve-nakliyat/,UNKNOWN,UNKNOWN,UNKNOWN,UNKNOWN,UNKNOWN,false
akif,https://www.ankaraakifnakliyat.com/islemler/istanbul/bayrampasa/ofis-tasima,istanbul_district_service,IMPROVE,200,true,180,0.0881,0.7547,0.2670,https://www.ankaraakifnakliyat.com/islemler/istanbul/beykoz/ofis-tasima,false,false,true,43,36,Bayrampaşa Ofis Taşıma | Akif Nakliyat,Bayrampaşa . Ofis Taşıma,https://www.ankaraakifnakliyat.com/islemler/istanbul/bayrampasa/ofis-tasima/,UNKNOWN,UNKNOWN,UNKNOWN,UNKNOWN,UNKNOWN,false
akif,https://www.ankaraakifnakliyat.com/islemler/istanbul/bayrampasa/nakliyat-fiyatlari,istanbul_district_service,IMPROVE,200,true,200,0.0782,0.7542,0.3134,https://www.ankaraakifnakliyat.com/islemler/istanbul/beykoz/nakliyat-fiyatlari,false,false,true,42,36,Bayrampaşa Nakliyat Fiyatları | Akif Nakliyat,Bayrampaşa . Nakliyat Fiyatları,https://www.ankaraakifnakliyat.com/islemler/istanbul/bayrampasa/nakliyat-fiyatlari/,UNKNOWN,UNKNOWN,UNKNOWN,UNKNOWN,UNKNOWN,false
akif,https://www.ankaraakifnakliyat.com/islemler/istanbul/bayrampasa/asansorlu-tasima,istanbul_district_service,IMPROVE,200,true,159,0.1022,0.5109,0.4407,https://www.ankaraakifnakliyat.com/islemler/istanbul/beykoz/asansorlu-tasima,false,false,true,43,36,Bayrampaşa Asansörlü Taşımacılık | Akif Nakliyat,Bayrampaşa . Asansörlü Taşımacılık,https://www.ankaraakifnakliyat.com/islemler/istanbul/bayrampasa/asansorlu-tasima/,UNKNOWN,UNKNOWN,UNKNOWN,UNKNOWN,UNKNOWN,false
akif,https://www.ankaraakifnakliyat.com/islemler/istanbul/bayrampasa/sehirler-arasi-nakliyat,istanbul_district_service,IMPROVE,200,true,167,0.0927,0.6490,0.4372,https://www.ankaraakifnakliyat.com/islemler/istanbul/beykoz/sehirler-arasi-nakliyat,false,false,true,43,36,Bayrampaşa Şehirler Arası Nakliyat | Akif Nakliyat,Bayrampaşa . Şehirler Arası Nakliyat,https://www.ankaraakifnakliyat.com/islemler/istanbul/bayrampasa/sehirler-arasi-nakliyat/,UNKNOWN,UNKNOWN,UNKNOWN,UNKNOWN,UNKNOWN,false
akif,https://www.ankaraakifnakliyat.com/islemler/istanbul/besiktas/evden-eve-nakliyat,istanbul_district_service,IMPROVE,200,true,194,0.0787,0.8146,0.2629,https://www.ankaraakifnakliyat.com/islemler/istanbul/beykoz/evden-eve-nakliyat,false,false,true,43,36,Beşiktaş Evden Eve Nakliyat | Akif Nakliyat,Beşiktaş . Evden Eve Nakliyat,https://www.ankaraakifnakliyat.com/islemler/istanbul/besiktas/evden-eve-nakliyat/,UNKNOWN,UNKNOWN,UNKNOWN,UNKNOWN,UNKNOWN,false
akif,https://www.ankaraakifnakliyat.com/islemler/istanbul/besiktas/ofis-tasima,istanbul_district_service,IMPROVE,200,true,180,0.0881,0.7547,0.2737,https://www.ankaraakifnakliyat.com/islemler/istanbul/beykoz/ofis-tasima,false,false,true,43,36,Beşiktaş Ofis Taşıma | Akif Nakliyat,Beşiktaş . Ofis Taşıma,https://www.ankaraakifnakliyat.com/islemler/istanbul/besiktas/ofis-tasima/,UNKNOWN,UNKNOWN,UNKNOWN,UNKNOWN,UNKNOWN,false
akif,https://www.ankaraakifnakliyat.com/islemler/istanbul/besiktas/nakliyat-fiyatlari,istanbul_district_service,IMPROVE,200,true,200,0.0782,0.7542,0.3194,https://www.ankaraakifnakliyat.com/islemler/istanbul/beykoz/nakliyat-fiyatlari,false,false,true,42,36,Beşiktaş Nakliyat Fiyatları | Akif Nakliyat,Beşiktaş . Nakliyat Fiyatları,https://www.ankaraakifnakliyat.com/islemler/istanbul/besiktas/nakliyat-fiyatlari/,UNKNOWN,UNKNOWN,UNKNOWN,UNKNOWN,UNKNOWN,false
akif,https://www.ankaraakifnakliyat.com/islemler/istanbul/besiktas/asansorlu-tasima,istanbul_district_service,IMPROVE,200,true,159,0.1022,0.5109,0.4489,https://www.ankaraakifnakliyat.com/islemler/istanbul/beykoz/asansorlu-tasima,false,false,true,43,36,Beşiktaş Asansörlü Taşımacılık | Akif Nakliyat,Beşiktaş . Asansörlü Taşımacılık,https://www.ankaraakifnakliyat.com/islemler/istanbul/besiktas/asansorlu-tasima/,UNKNOWN,UNKNOWN,UNKNOWN,UNKNOWN,UNKNOWN,false
akif,https://www.ankaraakifnakliyat.com/islemler/istanbul/besiktas/sehirler-arasi-nakliyat,istanbul_district_service,IMPROVE,200,true,167,0.0927,0.6490,0.4451,https://www.ankaraakifnakliyat.com/islemler/istanbul/beykoz/sehirler-arasi-nakliyat,false,false,true,43,36,Beşiktaş Şehirler Arası Nakliyat | Akif Nakliyat,Beşiktaş . Şehirler Arası Nakliyat,https://www.ankaraakifnakliyat.com/islemler/istanbul/besiktas/sehirler-arasi-nakliyat/,UNKNOWN,UNKNOWN,UNKNOWN,UNKNOWN,UNKNOWN,false
akif,https://www.ankaraakifnakliyat.com/islemler/istanbul/beykoz/evden-eve-nakliyat,istanbul_district_service,MERGE,200,true,194,0.0787,0.8146,0.9649,https://www.ankaraakifnakliyat.com/islemler/istanbul/esenler/evden-eve-nakliyat,true,true,true,43,36,Beykoz Evden Eve Nakliyat | Akif Nakliyat,Beykoz . Evden Eve Nakliyat,https://www.ankaraakifnakliyat.com/islemler/istanbul/beykoz/evden-eve-nakliyat/,UNKNOWN,UNKNOWN,UNKNOWN,UNKNOWN,UNKNOWN,false
akif,https://www.ankaraakifnakliyat.com/islemler/istanbul/beykoz/ofis-tasima,istanbul_district_service,MERGE,200,true,180,0.0881,0.7547,0.9646,https://www.ankaraakifnakliyat.com/islemler/istanbul/esenler/ofis-tasima,true,true,true,43,36,Beykoz Ofis Taşıma | Akif Nakliyat,Beykoz . Ofis Taşıma,https://www.ankaraakifnakliyat.com/islemler/istanbul/beykoz/ofis-tasima/,UNKNOWN,UNKNOWN,UNKNOWN,UNKNOWN,UNKNOWN,false
akif,https://www.ankaraakifnakliyat.com/islemler/istanbul/beykoz/nakliyat-fiyatlari,istanbul_district_service,MERGE,200,true,200,0.0782,0.7542,0.9701,https://www.ankaraakifnakliyat.com/islemler/istanbul/esenler/nakliyat-fiyatlari,true,true,true,42,36,Beykoz Nakliyat Fiyatları | Akif Nakliyat,Beykoz . Nakliyat Fiyatları,https://www.ankaraakifnakliyat.com/islemler/istanbul/beykoz/nakliyat-fiyatlari/,UNKNOWN,UNKNOWN,UNKNOWN,UNKNOWN,UNKNOWN,false
akif,https://www.ankaraakifnakliyat.com/islemler/istanbul/beykoz/asansorlu-tasima,istanbul_district_service,MERGE,200,true,159,0.1022,0.5109,0.9675,https://www.ankaraakifnakliyat.com/islemler/istanbul/esenler/asansorlu-tasima,true,true,true,43,36,Beykoz Asansörlü Taşımacılık | Akif Nakliyat,Beykoz . Asansörlü Taşımacılık,https://www.ankaraakifnakliyat.com/islemler/istanbul/beykoz/asansorlu-tasima/,UNKNOWN,UNKNOWN,UNKNOWN,UNKNOWN,UNKNOWN,false
akif,https://www.ankaraakifnakliyat.com/islemler/istanbul/beykoz/sehirler-arasi-nakliyat,istanbul_district_service,MERGE,200,true,167,0.0927,0.6490,0.9685,https://www.ankaraakifnakliyat.com/islemler/istanbul/esenler/sehirler-arasi-nakliyat,true,true,true,43,36,Beykoz Şehirler Arası Nakliyat | Akif Nakliyat,Beykoz . Şehirler Arası Nakliyat,https://www.ankaraakifnakliyat.com/islemler/istanbul/beykoz/sehirler-arasi-nakliyat/,UNKNOWN,UNKNOWN,UNKNOWN,UNKNOWN,UNKNOWN,false
akif,https://www.ankaraakifnakliyat.com/islemler/istanbul/beylikduzu/evden-eve-nakliyat,istanbul_district_service,IMPROVE,200,true,194,0.0787,0.8146,0.2760,https://www.ankaraakifnakliyat.com/islemler/istanbul/esenler/evden-eve-nakliyat,false,false,true,43,36,Beylikdüzü Evden Eve Nakliyat | Akif Nakliyat,Beylikdüzü . Evden Eve Nakliyat,https://www.ankaraakifnakliyat.com/islemler/istanbul/beylikduzu/evden-eve-nakliyat/,UNKNOWN,UNKNOWN,UNKNOWN,UNKNOWN,UNKNOWN,false
akif,https://www.ankaraakifnakliyat.com/islemler/istanbul/beylikduzu/ofis-tasima,istanbul_district_service,IMPROVE,200,true,180,0.0881,0.7547,0.2872,https://www.ankaraakifnakliyat.com/islemler/istanbul/esenler/ofis-tasima,false,false,true,43,36,Beylikdüzü Ofis Taşıma | Akif Nakliyat,Beylikdüzü . Ofis Taşıma,https://www.ankaraakifnakliyat.com/islemler/istanbul/beylikduzu/ofis-tasima/,UNKNOWN,UNKNOWN,UNKNOWN,UNKNOWN,UNKNOWN,false
akif,https://www.ankaraakifnakliyat.com/islemler/istanbul/beylikduzu/nakliyat-fiyatlari,istanbul_district_service,IMPROVE,200,true,200,0.0782,0.7542,0.3318,https://www.ankaraakifnakliyat.com/islemler/istanbul/esenler/nakliyat-fiyatlari,false,false,true,42,36,Beylikdüzü Nakliyat Fiyatları | Akif Nakliyat,Beylikdüzü . Nakliyat Fiyatları,https://www.ankaraakifnakliyat.com/islemler/istanbul/beylikduzu/nakliyat-fiyatlari/,UNKNOWN,UNKNOWN,UNKNOWN,UNKNOWN,UNKNOWN,false
akif,https://www.ankaraakifnakliyat.com/islemler/istanbul/beylikduzu/asansorlu-tasima,istanbul_district_service,IMPROVE,200,true,159,0.1022,0.5109,0.4655,https://www.ankaraakifnakliyat.com/islemler/istanbul/esenler/asansorlu-tasima,false,false,true,43,36,Beylikdüzü Asansörlü Taşımacılık | Akif Nakliyat,Beylikdüzü . Asansörlü Taşımacılık,https://www.ankaraakifnakliyat.com/islemler/istanbul/beylikduzu/asansorlu-tasima/,UNKNOWN,UNKNOWN,UNKNOWN,UNKNOWN,UNKNOWN,false
akif,https://www.ankaraakifnakliyat.com/islemler/istanbul/beylikduzu/sehirler-arasi-nakliyat,istanbul_district_service,IMPROVE,200,true,167,0.0927,0.6490,0.4611,https://www.ankaraakifnakliyat.com/islemler/istanbul/esenler/sehirler-arasi-nakliyat,false,false,true,43,36,Beylikdüzü Şehirler Arası Nakliyat | Akif Nakliyat,Beylikdüzü . Şehirler Arası Nakliyat,https://www.ankaraakifnakliyat.com/islemler/istanbul/beylikduzu/sehirler-arasi-nakliyat/,UNKNOWN,UNKNOWN,UNKNOWN,UNKNOWN,UNKNOWN,false
akif,https://www.ankaraakifnakliyat.com/islemler/istanbul/beyoglu/evden-eve-nakliyat,istanbul_district_service,IMPROVE,200,true,194,0.1461,0.8146,0.2827,https://www.ankaraakifnakliyat.com/islemler/istanbul/esenler/evden-eve-nakliyat,false,false,true,17,36,Beyoğlu Evden Eve Nakliyat | Akif Nakliyat,Beyoğlu . Evden Eve Nakliyat,https://www.ankaraakifnakliyat.com/islemler/istanbul/beyoglu/evden-eve-nakliyat/,UNKNOWN,UNKNOWN,UNKNOWN,UNKNOWN,UNKNOWN,false
akif,https://www.ankaraakifnakliyat.com/islemler/istanbul/beyoglu/ofis-tasima,istanbul_district_service,IMPROVE,200,true,180,0.1635,0.7547,0.2941,https://www.ankaraakifnakliyat.com/islemler/istanbul/esenler/ofis-tasima,false,false,true,17,36,Beyoğlu Ofis Taşıma | Akif Nakliyat,Beyoğlu . Ofis Taşıma,https://www.ankaraakifnakliyat.com/islemler/istanbul/beyoglu/ofis-tasima/,UNKNOWN,UNKNOWN,UNKNOWN,UNKNOWN,UNKNOWN,false
akif,https://www.ankaraakifnakliyat.com/islemler/istanbul/beyoglu/nakliyat-fiyatlari,istanbul_district_service,IMPROVE,200,true,200,0.1453,0.7542,0.3380,https://www.ankaraakifnakliyat.com/islemler/istanbul/esenler/nakliyat-fiyatlari,false,false,true,16,36,Beyoğlu Nakliyat Fiyatları | Akif Nakliyat,Beyoğlu . Nakliyat Fiyatları,https://www.ankaraakifnakliyat.com/islemler/istanbul/beyoglu/nakliyat-fiyatlari/,UNKNOWN,UNKNOWN,UNKNOWN,UNKNOWN,UNKNOWN,false
akif,https://www.ankaraakifnakliyat.com/islemler/istanbul/beyoglu/asansorlu-tasima,istanbul_district_service,IMPROVE,200,true,159,0.1898,0.5109,0.4740,https://www.ankaraakifnakliyat.com/islemler/istanbul/esenler/asansorlu-tasima,false,false,true,17,36,Beyoğlu Asansörlü Taşımacılık | Akif Nakliyat,Beyoğlu . Asansörlü Taşımacılık,https://www.ankaraakifnakliyat.com/islemler/istanbul/beyoglu/asansorlu-tasima/,UNKNOWN,UNKNOWN,UNKNOWN,UNKNOWN,UNKNOWN,false
akif,https://www.ankaraakifnakliyat.com/islemler/istanbul/beyoglu/sehirler-arasi-nakliyat,istanbul_district_service,IMPROVE,200,true,167,0.1722,0.6490,0.4693,https://www.ankaraakifnakliyat.com/islemler/istanbul/esenler/sehirler-arasi-nakliyat,false,false,true,17,36,Beyoğlu Şehirler Arası Nakliyat | Akif Nakliyat,Beyoğlu . Şehirler Arası Nakliyat,https://www.ankaraakifnakliyat.com/islemler/istanbul/beyoglu/sehirler-arasi-nakliyat/,UNKNOWN,UNKNOWN,UNKNOWN,UNKNOWN,UNKNOWN,false
akif,https://www.ankaraakifnakliyat.com/islemler/istanbul/buyukcekmece/evden-eve-nakliyat,istanbul_district_service,IMPROVE,200,true,194,0.1461,0.8146,0.2827,https://www.ankaraakifnakliyat.com/islemler/istanbul/esenler/evden-eve-nakliyat,false,false,true,5,36,Büyükçekmece Evden Eve Nakliyat | Akif Nakliyat,Büyükçekmece . Evden Eve Nakliyat,https://www.ankaraakifnakliyat.com/islemler/istanbul/buyukcekmece/evden-eve-nakliyat/,UNKNOWN,UNKNOWN,UNKNOWN,UNKNOWN,UNKNOWN,false
akif,https://www.ankaraakifnakliyat.com/islemler/istanbul/buyukcekmece/ofis-tasima,istanbul_district_service,IMPROVE,200,true,180,0.1635,0.7547,0.2941,https://www.ankaraakifnakliyat.com/islemler/istanbul/esenler/ofis-tasima,false,false,true,5,36,Büyükçekmece Ofis Taşıma | Akif Nakliyat,Büyükçekmece . Ofis Taşıma,https://www.ankaraakifnakliyat.com/islemler/istanbul/buyukcekmece/ofis-tasima/,UNKNOWN,UNKNOWN,UNKNOWN,UNKNOWN,UNKNOWN,false
akif,https://www.ankaraakifnakliyat.com/islemler/istanbul/buyukcekmece/nakliyat-fiyatlari,istanbul_district_service,IMPROVE,200,true,200,0.1453,0.7542,0.3380,https://www.ankaraakifnakliyat.com/islemler/istanbul/esenler/nakliyat-fiyatlari,false,false,true,4,36,Büyükçekmece Nakliyat Fiyatları | Akif Nakliyat,Büyükçekmece . Nakliyat Fiyatları,https://www.ankaraakifnakliyat.com/islemler/istanbul/buyukcekmece/nakliyat-fiyatlari/,UNKNOWN,UNKNOWN,UNKNOWN,UNKNOWN,UNKNOWN,false
akif,https://www.ankaraakifnakliyat.com/islemler/istanbul/buyukcekmece/asansorlu-tasima,istanbul_district_service,IMPROVE,200,true,159,0.1898,0.5109,0.4740,https://www.ankaraakifnakliyat.com/islemler/istanbul/esenler/asansorlu-tasima,false,false,true,5,36,Büyükçekmece Asansörlü Taşımacılık | Akif Nakliyat,Büyükçekmece . Asansörlü Taşımacılık,https://www.ankaraakifnakliyat.com/islemler/istanbul/buyukcekmece/asansorlu-tasima/,UNKNOWN,UNKNOWN,UNKNOWN,UNKNOWN,UNKNOWN,false
akif,https://www.ankaraakifnakliyat.com/islemler/istanbul/buyukcekmece/sehirler-arasi-nakliyat,istanbul_district_service,IMPROVE,200,true,167,0.1722,0.6490,0.4693,https://www.ankaraakifnakliyat.com/islemler/istanbul/esenler/sehirler-arasi-nakliyat,false,false,true,5,36,Büyükçekmece Şehirler Arası Nakliyat | Akif Nakliyat,Büyükçekmece . Şehirler Arası Nakliyat,https://www.ankaraakifnakliyat.com/islemler/istanbul/buyukcekmece/sehirler-arasi-nakliyat/,UNKNOWN,UNKNOWN,UNKNOWN,UNKNOWN,UNKNOWN,false
akif,https://www.ankaraakifnakliyat.com/islemler/istanbul/catalca/evden-eve-nakliyat,istanbul_district_service,IMPROVE,200,true,194,0.1461,0.8146,0.2827,https://www.ankaraakifnakliyat.com/islemler/istanbul/esenler/evden-eve-nakliyat,false,false,true,5,36,Çatalca Evden Eve Nakliyat | Akif Nakliyat,Çatalca . Evden Eve Nakliyat,https://www.ankaraakifnakliyat.com/islemler/istanbul/catalca/evden-eve-nakliyat/,UNKNOWN,UNKNOWN,UNKNOWN,UNKNOWN,UNKNOWN,false
akif,https://www.ankaraakifnakliyat.com/islemler/istanbul/catalca/ofis-tasima,istanbul_district_service,IMPROVE,200,true,180,0.1635,0.7547,0.2941,https://www.ankaraakifnakliyat.com/islemler/istanbul/esenler/ofis-tasima,false,false,true,5,36,Çatalca Ofis Taşıma | Akif Nakliyat,Çatalca . Ofis Taşıma,https://www.ankaraakifnakliyat.com/islemler/istanbul/catalca/ofis-tasima/,UNKNOWN,UNKNOWN,UNKNOWN,UNKNOWN,UNKNOWN,false
akif,https://www.ankaraakifnakliyat.com/islemler/istanbul/catalca/nakliyat-fiyatlari,istanbul_district_service,IMPROVE,200,true,200,0.1453,0.7542,0.3380,https://www.ankaraakifnakliyat.com/islemler/istanbul/esenler/nakliyat-fiyatlari,false,false,true,4,36,Çatalca Nakliyat Fiyatları | Akif Nakliyat,Çatalca . Nakliyat Fiyatları,https://www.ankaraakifnakliyat.com/islemler/istanbul/catalca/nakliyat-fiyatlari/,UNKNOWN,UNKNOWN,UNKNOWN,UNKNOWN,UNKNOWN,false
akif,https://www.ankaraakifnakliyat.com/islemler/istanbul/catalca/asansorlu-tasima,istanbul_district_service,IMPROVE,200,true,159,0.1898,0.5109,0.4740,https://www.ankaraakifnakliyat.com/islemler/istanbul/esenler/asansorlu-tasima,false,false,true,5,36,Çatalca Asansörlü Taşımacılık | Akif Nakliyat,Çatalca . Asansörlü Taşımacılık,https://www.ankaraakifnakliyat.com/islemler/istanbul/catalca/asansorlu-tasima/,UNKNOWN,UNKNOWN,UNKNOWN,UNKNOWN,UNKNOWN,false
akif,https://www.ankaraakifnakliyat.com/islemler/istanbul/catalca/sehirler-arasi-nakliyat,istanbul_district_service,IMPROVE,200,true,167,0.1722,0.6490,0.4693,https://www.ankaraakifnakliyat.com/islemler/istanbul/esenler/sehirler-arasi-nakliyat,false,false,true,5,36,Çatalca Şehirler Arası Nakliyat | Akif Nakliyat,Çatalca . Şehirler Arası Nakliyat,https://www.ankaraakifnakliyat.com/islemler/istanbul/catalca/sehirler-arasi-nakliyat/,UNKNOWN,UNKNOWN,UNKNOWN,UNKNOWN,UNKNOWN,false
akif,https://www.ankaraakifnakliyat.com/islemler/istanbul/cekmekoy/evden-eve-nakliyat,istanbul_district_service,IMPROVE,200,true,194,0.1461,0.8146,0.2827,https://www.ankaraakifnakliyat.com/islemler/istanbul/esenler/evden-eve-nakliyat,false,false,true,5,36,Çekmeköy Evden Eve Nakliyat | Akif Nakliyat,Çekmeköy . Evden Eve Nakliyat,https://www.ankaraakifnakliyat.com/islemler/istanbul/cekmekoy/evden-eve-nakliyat/,UNKNOWN,UNKNOWN,UNKNOWN,UNKNOWN,UNKNOWN,false
akif,https://www.ankaraakifnakliyat.com/islemler/istanbul/cekmekoy/ofis-tasima,istanbul_district_service,IMPROVE,200,true,180,0.1635,0.7547,0.2941,https://www.ankaraakifnakliyat.com/islemler/istanbul/esenler/ofis-tasima,false,false,true,5,36,Çekmeköy Ofis Taşıma | Akif Nakliyat,Çekmeköy . Ofis Taşıma,https://www.ankaraakifnakliyat.com/islemler/istanbul/cekmekoy/ofis-tasima/,UNKNOWN,UNKNOWN,UNKNOWN,UNKNOWN,UNKNOWN,false
akif,https://www.ankaraakifnakliyat.com/islemler/istanbul/cekmekoy/nakliyat-fiyatlari,istanbul_district_service,IMPROVE,200,true,200,0.1453,0.7542,0.3380,https://www.ankaraakifnakliyat.com/islemler/istanbul/esenler/nakliyat-fiyatlari,false,false,true,4,36,Çekmeköy Nakliyat Fiyatları | Akif Nakliyat,Çekmeköy . Nakliyat Fiyatları,https://www.ankaraakifnakliyat.com/islemler/istanbul/cekmekoy/nakliyat-fiyatlari/,UNKNOWN,UNKNOWN,UNKNOWN,UNKNOWN,UNKNOWN,false
akif,https://www.ankaraakifnakliyat.com/islemler/istanbul/cekmekoy/asansorlu-tasima,istanbul_district_service,IMPROVE,200,true,159,0.1898,0.5109,0.4740,https://www.ankaraakifnakliyat.com/islemler/istanbul/esenler/asansorlu-tasima,false,false,true,5,36,Çekmeköy Asansörlü Taşımacılık | Akif Nakliyat,Çekmeköy . Asansörlü Taşımacılık,https://www.ankaraakifnakliyat.com/islemler/istanbul/cekmekoy/asansorlu-tasima/,UNKNOWN,UNKNOWN,UNKNOWN,UNKNOWN,UNKNOWN,false
akif,https://www.ankaraakifnakliyat.com/islemler/istanbul/cekmekoy/sehirler-arasi-nakliyat,istanbul_district_service,IMPROVE,200,true,167,0.1722,0.6490,0.4693,https://www.ankaraakifnakliyat.com/islemler/istanbul/esenler/sehirler-arasi-nakliyat,false,false,true,5,36,Çekmeköy Şehirler Arası Nakliyat | Akif Nakliyat,Çekmeköy . Şehirler Arası Nakliyat,https://www.ankaraakifnakliyat.com/islemler/istanbul/cekmekoy/sehirler-arasi-nakliyat/,UNKNOWN,UNKNOWN,UNKNOWN,UNKNOWN,UNKNOWN,false
akif,https://www.ankaraakifnakliyat.com/islemler/istanbul/esenler/evden-eve-nakliyat,istanbul_district_service,MERGE,200,true,194,0.1461,0.8146,1.0000,https://www.ankaraakifnakliyat.com/islemler/istanbul/esenyurt/evden-eve-nakliyat,true,true,true,5,36,Esenler Evden Eve Nakliyat | Akif Nakliyat,Esenler . Evden Eve Nakliyat,https://www.ankaraakifnakliyat.com/islemler/istanbul/esenler/evden-eve-nakliyat/,UNKNOWN,UNKNOWN,UNKNOWN,UNKNOWN,UNKNOWN,false
akif,https://www.ankaraakifnakliyat.com/islemler/istanbul/esenler/ofis-tasima,istanbul_district_service,MERGE,200,true,180,0.1635,0.7547,1.0000,https://www.ankaraakifnakliyat.com/islemler/istanbul/esenyurt/ofis-tasima,true,true,true,5,36,Esenler Ofis Taşıma | Akif Nakliyat,Esenler . Ofis Taşıma,https://www.ankaraakifnakliyat.com/islemler/istanbul/esenler/ofis-tasima/,UNKNOWN,UNKNOWN,UNKNOWN,UNKNOWN,UNKNOWN,false
akif,https://www.ankaraakifnakliyat.com/islemler/istanbul/esenler/nakliyat-fiyatlari,istanbul_district_service,MERGE,200,true,200,0.1453,0.7542,1.0000,https://www.ankaraakifnakliyat.com/islemler/istanbul/esenyurt/nakliyat-fiyatlari,true,true,true,4,36,Esenler Nakliyat Fiyatları | Akif Nakliyat,Esenler . Nakliyat Fiyatları,https://www.ankaraakifnakliyat.com/islemler/istanbul/esenler/nakliyat-fiyatlari/,UNKNOWN,UNKNOWN,UNKNOWN,UNKNOWN,UNKNOWN,false
akif,https://www.ankaraakifnakliyat.com/islemler/istanbul/esenler/asansorlu-tasima,istanbul_district_service,MERGE,200,true,159,0.1898,0.5109,1.0000,https://www.ankaraakifnakliyat.com/islemler/istanbul/esenyurt/asansorlu-tasima,true,true,true,5,36,Esenler Asansörlü Taşımacılık | Akif Nakliyat,Esenler . Asansörlü Taşımacılık,https://www.ankaraakifnakliyat.com/islemler/istanbul/esenler/asansorlu-tasima/,UNKNOWN,UNKNOWN,UNKNOWN,UNKNOWN,UNKNOWN,false
akif,https://www.ankaraakifnakliyat.com/islemler/istanbul/esenler/sehirler-arasi-nakliyat,istanbul_district_service,MERGE,200,true,167,0.1722,0.6490,1.0000,https://www.ankaraakifnakliyat.com/islemler/istanbul/esenyurt/sehirler-arasi-nakliyat,true,true,true,5,36,Esenler Şehirler Arası Nakliyat | Akif Nakliyat,Esenler . Şehirler Arası Nakliyat,https://www.ankaraakifnakliyat.com/islemler/istanbul/esenler/sehirler-arasi-nakliyat/,UNKNOWN,UNKNOWN,UNKNOWN,UNKNOWN,UNKNOWN,false
akif,https://www.ankaraakifnakliyat.com/islemler/istanbul/esenyurt/evden-eve-nakliyat,istanbul_district_service,MERGE,200,true,194,0.1461,0.8146,1.0000,https://www.ankaraakifnakliyat.com/islemler/istanbul/fatih/evden-eve-nakliyat,true,true,true,5,36,Esenyurt Evden Eve Nakliyat | Akif Nakliyat,Esenyurt . Evden Eve Nakliyat,https://www.ankaraakifnakliyat.com/islemler/istanbul/esenyurt/evden-eve-nakliyat/,UNKNOWN,UNKNOWN,UNKNOWN,UNKNOWN,UNKNOWN,false
akif,https://www.ankaraakifnakliyat.com/islemler/istanbul/esenyurt/ofis-tasima,istanbul_district_service,MERGE,200,true,180,0.1635,0.7547,1.0000,https://www.ankaraakifnakliyat.com/islemler/istanbul/fatih/ofis-tasima,true,true,true,5,36,Esenyurt Ofis Taşıma | Akif Nakliyat,Esenyurt . Ofis Taşıma,https://www.ankaraakifnakliyat.com/islemler/istanbul/esenyurt/ofis-tasima/,UNKNOWN,UNKNOWN,UNKNOWN,UNKNOWN,UNKNOWN,false
akif,https://www.ankaraakifnakliyat.com/islemler/istanbul/esenyurt/nakliyat-fiyatlari,istanbul_district_service,MERGE,200,true,200,0.1453,0.7542,1.0000,https://www.ankaraakifnakliyat.com/islemler/istanbul/fatih/nakliyat-fiyatlari,true,true,true,4,36,Esenyurt Nakliyat Fiyatları | Akif Nakliyat,Esenyurt . Nakliyat Fiyatları,https://www.ankaraakifnakliyat.com/islemler/istanbul/esenyurt/nakliyat-fiyatlari/,UNKNOWN,UNKNOWN,UNKNOWN,UNKNOWN,UNKNOWN,false
akif,https://www.ankaraakifnakliyat.com/islemler/istanbul/esenyurt/asansorlu-tasima,istanbul_district_service,MERGE,200,true,159,0.1898,0.5109,1.0000,https://www.ankaraakifnakliyat.com/islemler/istanbul/fatih/asansorlu-tasima,true,true,true,5,36,Esenyurt Asansörlü Taşımacılık | Akif Nakliyat,Esenyurt . Asansörlü Taşımacılık,https://www.ankaraakifnakliyat.com/islemler/istanbul/esenyurt/asansorlu-tasima/,UNKNOWN,UNKNOWN,UNKNOWN,UNKNOWN,UNKNOWN,false
akif,https://www.ankaraakifnakliyat.com/islemler/istanbul/esenyurt/sehirler-arasi-nakliyat,istanbul_district_service,MERGE,200,true,167,0.1722,0.6490,1.0000,https://www.ankaraakifnakliyat.com/islemler/istanbul/fatih/sehirler-arasi-nakliyat,true,true,true,5,36,Esenyurt Şehirler Arası Nakliyat | Akif Nakliyat,Esenyurt . Şehirler Arası Nakliyat,https://www.ankaraakifnakliyat.com/islemler/istanbul/esenyurt/sehirler-arasi-nakliyat/,UNKNOWN,UNKNOWN,UNKNOWN,UNKNOWN,UNKNOWN,false
akif,https://www.ankaraakifnakliyat.com/islemler/istanbul/eyupsultan/evden-eve-nakliyat,istanbul_district_service,IMPROVE,200,true,194,0.1461,0.8146,0.2827,https://www.ankaraakifnakliyat.com/islemler/istanbul/fatih/evden-eve-nakliyat,false,false,true,5,36,Eyüpsultan Evden Eve Nakliyat | Akif Nakliyat,Eyüpsultan . Evden Eve Nakliyat,https://www.ankaraakifnakliyat.com/islemler/istanbul/eyupsultan/evden-eve-nakliyat/,UNKNOWN,UNKNOWN,UNKNOWN,UNKNOWN,UNKNOWN,false
akif,https://www.ankaraakifnakliyat.com/islemler/istanbul/eyupsultan/ofis-tasima,istanbul_district_service,IMPROVE,200,true,180,0.1635,0.7547,0.2941,https://www.ankaraakifnakliyat.com/islemler/istanbul/fatih/ofis-tasima,false,false,true,5,36,Eyüpsultan Ofis Taşıma | Akif Nakliyat,Eyüpsultan . Ofis Taşıma,https://www.ankaraakifnakliyat.com/islemler/istanbul/eyupsultan/ofis-tasima/,UNKNOWN,UNKNOWN,UNKNOWN,UNKNOWN,UNKNOWN,false
akif,https://www.ankaraakifnakliyat.com/islemler/istanbul/eyupsultan/nakliyat-fiyatlari,istanbul_district_service,IMPROVE,200,true,200,0.1453,0.7542,0.3380,https://www.ankaraakifnakliyat.com/islemler/istanbul/fatih/nakliyat-fiyatlari,false,false,true,4,36,Eyüpsultan Nakliyat Fiyatları | Akif Nakliyat,Eyüpsultan . Nakliyat Fiyatları,https://www.ankaraakifnakliyat.com/islemler/istanbul/eyupsultan/nakliyat-fiyatlari/,UNKNOWN,UNKNOWN,UNKNOWN,UNKNOWN,UNKNOWN,false
akif,https://www.ankaraakifnakliyat.com/islemler/istanbul/eyupsultan/asansorlu-tasima,istanbul_district_service,IMPROVE,200,true,159,0.1898,0.5109,0.4740,https://www.ankaraakifnakliyat.com/islemler/istanbul/fatih/asansorlu-tasima,false,false,true,5,36,Eyüpsultan Asansörlü Taşımacılık | Akif Nakliyat,Eyüpsultan . Asansörlü Taşımacılık,https://www.ankaraakifnakliyat.com/islemler/istanbul/eyupsultan/asansorlu-tasima/,UNKNOWN,UNKNOWN,UNKNOWN,UNKNOWN,UNKNOWN,false
akif,https://www.ankaraakifnakliyat.com/islemler/istanbul/eyupsultan/sehirler-arasi-nakliyat,istanbul_district_service,IMPROVE,200,true,167,0.1722,0.6490,0.4693,https://www.ankaraakifnakliyat.com/islemler/istanbul/fatih/sehirler-arasi-nakliyat,false,false,true,5,36,Eyüpsultan Şehirler Arası Nakliyat | Akif Nakliyat,Eyüpsultan . Şehirler Arası Nakliyat,https://www.ankaraakifnakliyat.com/islemler/istanbul/eyupsultan/sehirler-arasi-nakliyat/,UNKNOWN,UNKNOWN,UNKNOWN,UNKNOWN,UNKNOWN,false
akif,https://www.ankaraakifnakliyat.com/islemler/istanbul/fatih/evden-eve-nakliyat,istanbul_district_service,MERGE,200,true,194,0.1461,0.8146,1.0000,https://www.ankaraakifnakliyat.com/islemler/istanbul/kartal/evden-eve-nakliyat,true,true,true,5,36,Fatih Evden Eve Nakliyat | Akif Nakliyat,Fatih . Evden Eve Nakliyat,https://www.ankaraakifnakliyat.com/islemler/istanbul/fatih/evden-eve-nakliyat/,UNKNOWN,UNKNOWN,UNKNOWN,UNKNOWN,UNKNOWN,false
akif,https://www.ankaraakifnakliyat.com/islemler/istanbul/fatih/ofis-tasima,istanbul_district_service,MERGE,200,true,180,0.1635,0.7547,1.0000,https://www.ankaraakifnakliyat.com/islemler/istanbul/kartal/ofis-tasima,true,true,true,5,36,Fatih Ofis Taşıma | Akif Nakliyat,Fatih . Ofis Taşıma,https://www.ankaraakifnakliyat.com/islemler/istanbul/fatih/ofis-tasima/,UNKNOWN,UNKNOWN,UNKNOWN,UNKNOWN,UNKNOWN,false
akif,https://www.ankaraakifnakliyat.com/islemler/istanbul/fatih/nakliyat-fiyatlari,istanbul_district_service,MERGE,200,true,200,0.1453,0.7542,1.0000,https://www.ankaraakifnakliyat.com/islemler/istanbul/kartal/nakliyat-fiyatlari,true,true,true,4,36,Fatih Nakliyat Fiyatları | Akif Nakliyat,Fatih . Nakliyat Fiyatları,https://www.ankaraakifnakliyat.com/islemler/istanbul/fatih/nakliyat-fiyatlari/,UNKNOWN,UNKNOWN,UNKNOWN,UNKNOWN,UNKNOWN,false
akif,https://www.ankaraakifnakliyat.com/islemler/istanbul/fatih/asansorlu-tasima,istanbul_district_service,MERGE,200,true,159,0.1898,0.5109,1.0000,https://www.ankaraakifnakliyat.com/islemler/istanbul/kartal/asansorlu-tasima,true,true,true,5,36,Fatih Asansörlü Taşımacılık | Akif Nakliyat,Fatih . Asansörlü Taşımacılık,https://www.ankaraakifnakliyat.com/islemler/istanbul/fatih/asansorlu-tasima/,UNKNOWN,UNKNOWN,UNKNOWN,UNKNOWN,UNKNOWN,false
akif,https://www.ankaraakifnakliyat.com/islemler/istanbul/fatih/sehirler-arasi-nakliyat,istanbul_district_service,MERGE,200,true,167,0.1722,0.6490,1.0000,https://www.ankaraakifnakliyat.com/islemler/istanbul/kartal/sehirler-arasi-nakliyat,true,true,true,5,36,Fatih Şehirler Arası Nakliyat | Akif Nakliyat,Fatih . Şehirler Arası Nakliyat,https://www.ankaraakifnakliyat.com/islemler/istanbul/fatih/sehirler-arasi-nakliyat/,UNKNOWN,UNKNOWN,UNKNOWN,UNKNOWN,UNKNOWN,false
akif,https://www.ankaraakifnakliyat.com/islemler/istanbul/gaziosmanpasa/evden-eve-nakliyat,istanbul_district_service,IMPROVE,200,true,194,0.1461,0.8146,0.2827,https://www.ankaraakifnakliyat.com/islemler/istanbul/kartal/evden-eve-nakliyat,false,false,true,5,36,Gaziosmanpaşa Evden Eve Nakliyat | Akif Nakliyat,Gaziosmanpaşa . Evden Eve Nakliyat,https://www.ankaraakifnakliyat.com/islemler/istanbul/gaziosmanpasa/evden-eve-nakliyat/,UNKNOWN,UNKNOWN,UNKNOWN,UNKNOWN,UNKNOWN,false
akif,https://www.ankaraakifnakliyat.com/islemler/istanbul/gaziosmanpasa/ofis-tasima,istanbul_district_service,IMPROVE,200,true,180,0.1635,0.7547,0.2941,https://www.ankaraakifnakliyat.com/islemler/istanbul/kartal/ofis-tasima,false,false,true,5,36,Gaziosmanpaşa Ofis Taşıma | Akif Nakliyat,Gaziosmanpaşa . Ofis Taşıma,https://www.ankaraakifnakliyat.com/islemler/istanbul/gaziosmanpasa/ofis-tasima/,UNKNOWN,UNKNOWN,UNKNOWN,UNKNOWN,UNKNOWN,false
akif,https://www.ankaraakifnakliyat.com/islemler/istanbul/gaziosmanpasa/nakliyat-fiyatlari,istanbul_district_service,IMPROVE,200,true,200,0.1453,0.7542,0.3380,https://www.ankaraakifnakliyat.com/islemler/istanbul/kartal/nakliyat-fiyatlari,false,false,true,4,36,Gaziosmanpaşa Nakliyat Fiyatları | Akif Nakliyat,Gaziosmanpaşa . Nakliyat Fiyatları,https://www.ankaraakifnakliyat.com/islemler/istanbul/gaziosmanpasa/nakliyat-fiyatlari/,UNKNOWN,UNKNOWN,UNKNOWN,UNKNOWN,UNKNOWN,false
akif,https://www.ankaraakifnakliyat.com/islemler/istanbul/gaziosmanpasa/asansorlu-tasima,istanbul_district_service,IMPROVE,200,true,159,0.1898,0.5109,0.4740,https://www.ankaraakifnakliyat.com/islemler/istanbul/kartal/asansorlu-tasima,false,false,true,5,36,Gaziosmanpaşa Asansörlü Taşımacılık | Akif Nakliyat,Gaziosmanpaşa . Asansörlü Taşımacılık,https://www.ankaraakifnakliyat.com/islemler/istanbul/gaziosmanpasa/asansorlu-tasima/,UNKNOWN,UNKNOWN,UNKNOWN,UNKNOWN,UNKNOWN,false
akif,https://www.ankaraakifnakliyat.com/islemler/istanbul/gaziosmanpasa/sehirler-arasi-nakliyat,istanbul_district_service,IMPROVE,200,true,167,0.1722,0.6490,0.4693,https://www.ankaraakifnakliyat.com/islemler/istanbul/kartal/sehirler-arasi-nakliyat,false,false,true,5,36,Gaziosmanpaşa Şehirler Arası Nakliyat | Akif Nakliyat,Gaziosmanpaşa . Şehirler Arası Nakliyat,https://www.ankaraakifnakliyat.com/islemler/istanbul/gaziosmanpasa/sehirler-arasi-nakliyat/,UNKNOWN,UNKNOWN,UNKNOWN,UNKNOWN,UNKNOWN,false
akif,https://www.ankaraakifnakliyat.com/islemler/istanbul/gungoren/evden-eve-nakliyat,istanbul_district_service,IMPROVE,200,true,194,0.1461,0.8146,0.2827,https://www.ankaraakifnakliyat.com/islemler/istanbul/kartal/evden-eve-nakliyat,false,false,true,5,36,Güngören Evden Eve Nakliyat | Akif Nakliyat,Güngören . Evden Eve Nakliyat,https://www.ankaraakifnakliyat.com/islemler/istanbul/gungoren/evden-eve-nakliyat/,UNKNOWN,UNKNOWN,UNKNOWN,UNKNOWN,UNKNOWN,false
akif,https://www.ankaraakifnakliyat.com/islemler/istanbul/gungoren/ofis-tasima,istanbul_district_service,IMPROVE,200,true,180,0.1635,0.7547,0.2941,https://www.ankaraakifnakliyat.com/islemler/istanbul/kartal/ofis-tasima,false,false,true,5,36,Güngören Ofis Taşıma | Akif Nakliyat,Güngören . Ofis Taşıma,https://www.ankaraakifnakliyat.com/islemler/istanbul/gungoren/ofis-tasima/,UNKNOWN,UNKNOWN,UNKNOWN,UNKNOWN,UNKNOWN,false
akif,https://www.ankaraakifnakliyat.com/islemler/istanbul/gungoren/nakliyat-fiyatlari,istanbul_district_service,IMPROVE,200,true,200,0.1453,0.7542,0.3380,https://www.ankaraakifnakliyat.com/islemler/istanbul/kartal/nakliyat-fiyatlari,false,false,true,4,36,Güngören Nakliyat Fiyatları | Akif Nakliyat,Güngören . Nakliyat Fiyatları,https://www.ankaraakifnakliyat.com/islemler/istanbul/gungoren/nakliyat-fiyatlari/,UNKNOWN,UNKNOWN,UNKNOWN,UNKNOWN,UNKNOWN,false
akif,https://www.ankaraakifnakliyat.com/islemler/istanbul/gungoren/asansorlu-tasima,istanbul_district_service,IMPROVE,200,true,159,0.1898,0.5109,0.4740,https://www.ankaraakifnakliyat.com/islemler/istanbul/kartal/asansorlu-tasima,false,false,true,5,36,Güngören Asansörlü Taşımacılık | Akif Nakliyat,Güngören . Asansörlü Taşımacılık,https://www.ankaraakifnakliyat.com/islemler/istanbul/gungoren/asansorlu-tasima/,UNKNOWN,UNKNOWN,UNKNOWN,UNKNOWN,UNKNOWN,false
akif,https://www.ankaraakifnakliyat.com/islemler/istanbul/gungoren/sehirler-arasi-nakliyat,istanbul_district_service,IMPROVE,200,true,167,0.1722,0.6490,0.4693,https://www.ankaraakifnakliyat.com/islemler/istanbul/kartal/sehirler-arasi-nakliyat,false,false,true,5,36,Güngören Şehirler Arası Nakliyat | Akif Nakliyat,Güngören . Şehirler Arası Nakliyat,https://www.ankaraakifnakliyat.com/islemler/istanbul/gungoren/sehirler-arasi-nakliyat/,UNKNOWN,UNKNOWN,UNKNOWN,UNKNOWN,UNKNOWN,false
akif,https://www.ankaraakifnakliyat.com/islemler/istanbul/kadikoy/evden-eve-nakliyat,istanbul_district_service,IMPROVE,200,true,194,0.1461,0.8146,0.2827,https://www.ankaraakifnakliyat.com/islemler/istanbul/kartal/evden-eve-nakliyat,false,false,true,5,36,Kadıköy Evden Eve Nakliyat | Akif Nakliyat,Kadıköy . Evden Eve Nakliyat,https://www.ankaraakifnakliyat.com/islemler/istanbul/kadikoy/evden-eve-nakliyat/,UNKNOWN,UNKNOWN,UNKNOWN,UNKNOWN,UNKNOWN,false
akif,https://www.ankaraakifnakliyat.com/islemler/istanbul/kadikoy/ofis-tasima,istanbul_district_service,IMPROVE,200,true,180,0.1635,0.7547,0.2941,https://www.ankaraakifnakliyat.com/islemler/istanbul/kartal/ofis-tasima,false,false,true,5,36,Kadıköy Ofis Taşıma | Akif Nakliyat,Kadıköy . Ofis Taşıma,https://www.ankaraakifnakliyat.com/islemler/istanbul/kadikoy/ofis-tasima/,UNKNOWN,UNKNOWN,UNKNOWN,UNKNOWN,UNKNOWN,false
akif,https://www.ankaraakifnakliyat.com/islemler/istanbul/kadikoy/nakliyat-fiyatlari,istanbul_district_service,IMPROVE,200,true,200,0.1453,0.7542,0.3380,https://www.ankaraakifnakliyat.com/islemler/istanbul/kartal/nakliyat-fiyatlari,false,false,true,4,36,Kadıköy Nakliyat Fiyatları | Akif Nakliyat,Kadıköy . Nakliyat Fiyatları,https://www.ankaraakifnakliyat.com/islemler/istanbul/kadikoy/nakliyat-fiyatlari/,UNKNOWN,UNKNOWN,UNKNOWN,UNKNOWN,UNKNOWN,false
akif,https://www.ankaraakifnakliyat.com/islemler/istanbul/kadikoy/asansorlu-tasima,istanbul_district_service,IMPROVE,200,true,159,0.1898,0.5109,0.4740,https://www.ankaraakifnakliyat.com/islemler/istanbul/kartal/asansorlu-tasima,false,false,true,5,36,Kadıköy Asansörlü Taşımacılık | Akif Nakliyat,Kadıköy . Asansörlü Taşımacılık,https://www.ankaraakifnakliyat.com/islemler/istanbul/kadikoy/asansorlu-tasima/,UNKNOWN,UNKNOWN,UNKNOWN,UNKNOWN,UNKNOWN,false
akif,https://www.ankaraakifnakliyat.com/islemler/istanbul/kadikoy/sehirler-arasi-nakliyat,istanbul_district_service,IMPROVE,200,true,167,0.1722,0.6490,0.4693,https://www.ankaraakifnakliyat.com/islemler/istanbul/kartal/sehirler-arasi-nakliyat,false,false,true,5,36,Kadıköy Şehirler Arası Nakliyat | Akif Nakliyat,Kadıköy . Şehirler Arası Nakliyat,https://www.ankaraakifnakliyat.com/islemler/istanbul/kadikoy/sehirler-arasi-nakliyat/,UNKNOWN,UNKNOWN,UNKNOWN,UNKNOWN,UNKNOWN,false
akif,https://www.ankaraakifnakliyat.com/islemler/istanbul/kagithane/evden-eve-nakliyat,istanbul_district_service,IMPROVE,200,true,194,0.1461,0.8146,0.2827,https://www.ankaraakifnakliyat.com/islemler/istanbul/kartal/evden-eve-nakliyat,false,false,true,5,36,Kağıthane Evden Eve Nakliyat | Akif Nakliyat,Kağıthane . Evden Eve Nakliyat,https://www.ankaraakifnakliyat.com/islemler/istanbul/kagithane/evden-eve-nakliyat/,UNKNOWN,UNKNOWN,UNKNOWN,UNKNOWN,UNKNOWN,false
akif,https://www.ankaraakifnakliyat.com/islemler/istanbul/kagithane/ofis-tasima,istanbul_district_service,IMPROVE,200,true,180,0.1635,0.7547,0.2941,https://www.ankaraakifnakliyat.com/islemler/istanbul/kartal/ofis-tasima,false,false,true,5,36,Kağıthane Ofis Taşıma | Akif Nakliyat,Kağıthane . Ofis Taşıma,https://www.ankaraakifnakliyat.com/islemler/istanbul/kagithane/ofis-tasima/,UNKNOWN,UNKNOWN,UNKNOWN,UNKNOWN,UNKNOWN,false
akif,https://www.ankaraakifnakliyat.com/islemler/istanbul/kagithane/nakliyat-fiyatlari,istanbul_district_service,IMPROVE,200,true,200,0.1453,0.7542,0.3380,https://www.ankaraakifnakliyat.com/islemler/istanbul/kartal/nakliyat-fiyatlari,false,false,true,4,36,Kağıthane Nakliyat Fiyatları | Akif Nakliyat,Kağıthane . Nakliyat Fiyatları,https://www.ankaraakifnakliyat.com/islemler/istanbul/kagithane/nakliyat-fiyatlari/,UNKNOWN,UNKNOWN,UNKNOWN,UNKNOWN,UNKNOWN,false
akif,https://www.ankaraakifnakliyat.com/islemler/istanbul/kagithane/asansorlu-tasima,istanbul_district_service,IMPROVE,200,true,159,0.1898,0.5109,0.4740,https://www.ankaraakifnakliyat.com/islemler/istanbul/kartal/asansorlu-tasima,false,false,true,5,36,Kağıthane Asansörlü Taşımacılık | Akif Nakliyat,Kağıthane . Asansörlü Taşımacılık,https://www.ankaraakifnakliyat.com/islemler/istanbul/kagithane/asansorlu-tasima/,UNKNOWN,UNKNOWN,UNKNOWN,UNKNOWN,UNKNOWN,false
akif,https://www.ankaraakifnakliyat.com/islemler/istanbul/kagithane/sehirler-arasi-nakliyat,istanbul_district_service,IMPROVE,200,true,167,0.1722,0.6490,0.4693,https://www.ankaraakifnakliyat.com/islemler/istanbul/kartal/sehirler-arasi-nakliyat,false,false,true,5,36,Kağıthane Şehirler Arası Nakliyat | Akif Nakliyat,Kağıthane . Şehirler Arası Nakliyat,https://www.ankaraakifnakliyat.com/islemler/istanbul/kagithane/sehirler-arasi-nakliyat/,UNKNOWN,UNKNOWN,UNKNOWN,UNKNOWN,UNKNOWN,false
akif,https://www.ankaraakifnakliyat.com/islemler/istanbul/kartal/evden-eve-nakliyat,istanbul_district_service,MERGE,200,true,194,0.1461,0.8146,1.0000,https://www.ankaraakifnakliyat.com/islemler/istanbul/maltepe/evden-eve-nakliyat,true,true,true,5,36,Kartal Evden Eve Nakliyat | Akif Nakliyat,Kartal . Evden Eve Nakliyat,https://www.ankaraakifnakliyat.com/islemler/istanbul/kartal/evden-eve-nakliyat/,UNKNOWN,UNKNOWN,UNKNOWN,UNKNOWN,UNKNOWN,false
akif,https://www.ankaraakifnakliyat.com/islemler/istanbul/kartal/ofis-tasima,istanbul_district_service,MERGE,200,true,180,0.1635,0.7547,1.0000,https://www.ankaraakifnakliyat.com/islemler/istanbul/maltepe/ofis-tasima,true,true,true,5,36,Kartal Ofis Taşıma | Akif Nakliyat,Kartal . Ofis Taşıma,https://www.ankaraakifnakliyat.com/islemler/istanbul/kartal/ofis-tasima/,UNKNOWN,UNKNOWN,UNKNOWN,UNKNOWN,UNKNOWN,false
akif,https://www.ankaraakifnakliyat.com/islemler/istanbul/kartal/nakliyat-fiyatlari,istanbul_district_service,MERGE,200,true,200,0.1453,0.7542,1.0000,https://www.ankaraakifnakliyat.com/islemler/istanbul/maltepe/nakliyat-fiyatlari,true,true,true,4,36,Kartal Nakliyat Fiyatları | Akif Nakliyat,Kartal . Nakliyat Fiyatları,https://www.ankaraakifnakliyat.com/islemler/istanbul/kartal/nakliyat-fiyatlari/,UNKNOWN,UNKNOWN,UNKNOWN,UNKNOWN,UNKNOWN,false
akif,https://www.ankaraakifnakliyat.com/islemler/istanbul/kartal/asansorlu-tasima,istanbul_district_service,MERGE,200,true,159,0.1898,0.5109,1.0000,https://www.ankaraakifnakliyat.com/islemler/istanbul/maltepe/asansorlu-tasima,true,true,true,5,36,Kartal Asansörlü Taşımacılık | Akif Nakliyat,Kartal . Asansörlü Taşımacılık,https://www.ankaraakifnakliyat.com/islemler/istanbul/kartal/asansorlu-tasima/,UNKNOWN,UNKNOWN,UNKNOWN,UNKNOWN,UNKNOWN,false
akif,https://www.ankaraakifnakliyat.com/islemler/istanbul/kartal/sehirler-arasi-nakliyat,istanbul_district_service,MERGE,200,true,167,0.1722,0.6490,1.0000,https://www.ankaraakifnakliyat.com/islemler/istanbul/maltepe/sehirler-arasi-nakliyat,true,true,true,5,36,Kartal Şehirler Arası Nakliyat | Akif Nakliyat,Kartal . Şehirler Arası Nakliyat,https://www.ankaraakifnakliyat.com/islemler/istanbul/kartal/sehirler-arasi-nakliyat/,UNKNOWN,UNKNOWN,UNKNOWN,UNKNOWN,UNKNOWN,false
akif,https://www.ankaraakifnakliyat.com/islemler/istanbul/kucukcekmece/evden-eve-nakliyat,istanbul_district_service,IMPROVE,200,true,194,0.1461,0.8146,0.2827,https://www.ankaraakifnakliyat.com/islemler/istanbul/maltepe/evden-eve-nakliyat,false,false,true,5,36,Küçükçekmece Evden Eve Nakliyat | Akif Nakliyat,Küçükçekmece . Evden Eve Nakliyat,https://www.ankaraakifnakliyat.com/islemler/istanbul/kucukcekmece/evden-eve-nakliyat/,UNKNOWN,UNKNOWN,UNKNOWN,UNKNOWN,UNKNOWN,false
akif,https://www.ankaraakifnakliyat.com/islemler/istanbul/kucukcekmece/ofis-tasima,istanbul_district_service,IMPROVE,200,true,180,0.1635,0.7547,0.2941,https://www.ankaraakifnakliyat.com/islemler/istanbul/maltepe/ofis-tasima,false,false,true,5,36,Küçükçekmece Ofis Taşıma | Akif Nakliyat,Küçükçekmece . Ofis Taşıma,https://www.ankaraakifnakliyat.com/islemler/istanbul/kucukcekmece/ofis-tasima/,UNKNOWN,UNKNOWN,UNKNOWN,UNKNOWN,UNKNOWN,false
akif,https://www.ankaraakifnakliyat.com/islemler/istanbul/kucukcekmece/nakliyat-fiyatlari,istanbul_district_service,IMPROVE,200,true,200,0.1453,0.7542,0.3380,https://www.ankaraakifnakliyat.com/islemler/istanbul/maltepe/nakliyat-fiyatlari,false,false,true,4,36,Küçükçekmece Nakliyat Fiyatları | Akif Nakliyat,Küçükçekmece . Nakliyat Fiyatları,https://www.ankaraakifnakliyat.com/islemler/istanbul/kucukcekmece/nakliyat-fiyatlari/,UNKNOWN,UNKNOWN,UNKNOWN,UNKNOWN,UNKNOWN,false
akif,https://www.ankaraakifnakliyat.com/islemler/istanbul/kucukcekmece/asansorlu-tasima,istanbul_district_service,IMPROVE,200,true,159,0.1898,0.5109,0.4740,https://www.ankaraakifnakliyat.com/islemler/istanbul/maltepe/asansorlu-tasima,false,false,true,5,36,Küçükçekmece Asansörlü Taşımacılık | Akif Nakliyat,Küçükçekmece . Asansörlü Taşımacılık,https://www.ankaraakifnakliyat.com/islemler/istanbul/kucukcekmece/asansorlu-tasima/,UNKNOWN,UNKNOWN,UNKNOWN,UNKNOWN,UNKNOWN,false
akif,https://www.ankaraakifnakliyat.com/islemler/istanbul/kucukcekmece/sehirler-arasi-nakliyat,istanbul_district_service,IMPROVE,200,true,167,0.1722,0.6490,0.4693,https://www.ankaraakifnakliyat.com/islemler/istanbul/maltepe/sehirler-arasi-nakliyat,false,false,true,5,36,Küçükçekmece Şehirler Arası Nakliyat | Akif Nakliyat,Küçükçekmece . Şehirler Arası Nakliyat,https://www.ankaraakifnakliyat.com/islemler/istanbul/kucukcekmece/sehirler-arasi-nakliyat/,UNKNOWN,UNKNOWN,UNKNOWN,UNKNOWN,UNKNOWN,false
akif,https://www.ankaraakifnakliyat.com/islemler/istanbul/maltepe/evden-eve-nakliyat,istanbul_district_service,MERGE,200,true,194,0.1461,0.8146,1.0000,https://www.ankaraakifnakliyat.com/islemler/istanbul/pendik/evden-eve-nakliyat,true,true,true,5,36,Maltepe Evden Eve Nakliyat | Akif Nakliyat,Maltepe . Evden Eve Nakliyat,https://www.ankaraakifnakliyat.com/islemler/istanbul/maltepe/evden-eve-nakliyat/,UNKNOWN,UNKNOWN,UNKNOWN,UNKNOWN,UNKNOWN,false
akif,https://www.ankaraakifnakliyat.com/islemler/istanbul/maltepe/ofis-tasima,istanbul_district_service,MERGE,200,true,180,0.1635,0.7547,1.0000,https://www.ankaraakifnakliyat.com/islemler/istanbul/pendik/ofis-tasima,true,true,true,5,36,Maltepe Ofis Taşıma | Akif Nakliyat,Maltepe . Ofis Taşıma,https://www.ankaraakifnakliyat.com/islemler/istanbul/maltepe/ofis-tasima/,UNKNOWN,UNKNOWN,UNKNOWN,UNKNOWN,UNKNOWN,false
akif,https://www.ankaraakifnakliyat.com/islemler/istanbul/maltepe/nakliyat-fiyatlari,istanbul_district_service,MERGE,200,true,200,0.1453,0.7542,1.0000,https://www.ankaraakifnakliyat.com/islemler/istanbul/pendik/nakliyat-fiyatlari,true,true,true,4,36,Maltepe Nakliyat Fiyatları | Akif Nakliyat,Maltepe . Nakliyat Fiyatları,https://www.ankaraakifnakliyat.com/islemler/istanbul/maltepe/nakliyat-fiyatlari/,UNKNOWN,UNKNOWN,UNKNOWN,UNKNOWN,UNKNOWN,false
akif,https://www.ankaraakifnakliyat.com/islemler/istanbul/maltepe/asansorlu-tasima,istanbul_district_service,MERGE,200,true,159,0.1898,0.5109,1.0000,https://www.ankaraakifnakliyat.com/islemler/istanbul/pendik/asansorlu-tasima,true,true,true,5,36,Maltepe Asansörlü Taşımacılık | Akif Nakliyat,Maltepe . Asansörlü Taşımacılık,https://www.ankaraakifnakliyat.com/islemler/istanbul/maltepe/asansorlu-tasima/,UNKNOWN,UNKNOWN,UNKNOWN,UNKNOWN,UNKNOWN,false
akif,https://www.ankaraakifnakliyat.com/islemler/istanbul/maltepe/sehirler-arasi-nakliyat,istanbul_district_service,MERGE,200,true,167,0.1722,0.6490,1.0000,https://www.ankaraakifnakliyat.com/islemler/istanbul/pendik/sehirler-arasi-nakliyat,true,true,true,5,36,Maltepe Şehirler Arası Nakliyat | Akif Nakliyat,Maltepe . Şehirler Arası Nakliyat,https://www.ankaraakifnakliyat.com/islemler/istanbul/maltepe/sehirler-arasi-nakliyat/,UNKNOWN,UNKNOWN,UNKNOWN,UNKNOWN,UNKNOWN,false
akif,https://www.ankaraakifnakliyat.com/islemler/istanbul/pendik/evden-eve-nakliyat,istanbul_district_service,MERGE,200,true,194,0.1461,0.8146,1.0000,https://www.ankaraakifnakliyat.com/islemler/istanbul/sancaktepe/evden-eve-nakliyat,true,true,true,5,36,Pendik Evden Eve Nakliyat | Akif Nakliyat,Pendik . Evden Eve Nakliyat,https://www.ankaraakifnakliyat.com/islemler/istanbul/pendik/evden-eve-nakliyat/,UNKNOWN,UNKNOWN,UNKNOWN,UNKNOWN,UNKNOWN,false
akif,https://www.ankaraakifnakliyat.com/islemler/istanbul/pendik/ofis-tasima,istanbul_district_service,MERGE,200,true,180,0.1635,0.7547,1.0000,https://www.ankaraakifnakliyat.com/islemler/istanbul/sancaktepe/ofis-tasima,true,true,true,5,36,Pendik Ofis Taşıma | Akif Nakliyat,Pendik . Ofis Taşıma,https://www.ankaraakifnakliyat.com/islemler/istanbul/pendik/ofis-tasima/,UNKNOWN,UNKNOWN,UNKNOWN,UNKNOWN,UNKNOWN,false
akif,https://www.ankaraakifnakliyat.com/islemler/istanbul/pendik/nakliyat-fiyatlari,istanbul_district_service,MERGE,200,true,200,0.1453,0.7542,1.0000,https://www.ankaraakifnakliyat.com/islemler/istanbul/sancaktepe/nakliyat-fiyatlari,true,true,true,4,36,Pendik Nakliyat Fiyatları | Akif Nakliyat,Pendik . Nakliyat Fiyatları,https://www.ankaraakifnakliyat.com/islemler/istanbul/pendik/nakliyat-fiyatlari/,UNKNOWN,UNKNOWN,UNKNOWN,UNKNOWN,UNKNOWN,false
akif,https://www.ankaraakifnakliyat.com/islemler/istanbul/pendik/asansorlu-tasima,istanbul_district_service,MERGE,200,true,159,0.1898,0.5109,1.0000,https://www.ankaraakifnakliyat.com/islemler/istanbul/sancaktepe/asansorlu-tasima,true,true,true,5,36,Pendik Asansörlü Taşımacılık | Akif Nakliyat,Pendik . Asansörlü Taşımacılık,https://www.ankaraakifnakliyat.com/islemler/istanbul/pendik/asansorlu-tasima/,UNKNOWN,UNKNOWN,UNKNOWN,UNKNOWN,UNKNOWN,false
akif,https://www.ankaraakifnakliyat.com/islemler/istanbul/pendik/sehirler-arasi-nakliyat,istanbul_district_service,MERGE,200,true,167,0.1722,0.6490,1.0000,https://www.ankaraakifnakliyat.com/islemler/istanbul/sancaktepe/sehirler-arasi-nakliyat,true,true,true,5,36,Pendik Şehirler Arası Nakliyat | Akif Nakliyat,Pendik . Şehirler Arası Nakliyat,https://www.ankaraakifnakliyat.com/islemler/istanbul/pendik/sehirler-arasi-nakliyat/,UNKNOWN,UNKNOWN,UNKNOWN,UNKNOWN,UNKNOWN,false
akif,https://www.ankaraakifnakliyat.com/islemler/istanbul/sancaktepe/evden-eve-nakliyat,istanbul_district_service,MERGE,200,true,194,0.1461,0.8146,1.0000,https://www.ankaraakifnakliyat.com/islemler/istanbul/silivri/evden-eve-nakliyat,true,true,true,5,36,Sancaktepe Evden Eve Nakliyat | Akif Nakliyat,Sancaktepe . Evden Eve Nakliyat,https://www.ankaraakifnakliyat.com/islemler/istanbul/sancaktepe/evden-eve-nakliyat/,UNKNOWN,UNKNOWN,UNKNOWN,UNKNOWN,UNKNOWN,false
akif,https://www.ankaraakifnakliyat.com/islemler/istanbul/sancaktepe/ofis-tasima,istanbul_district_service,MERGE,200,true,180,0.1635,0.7547,1.0000,https://www.ankaraakifnakliyat.com/islemler/istanbul/silivri/ofis-tasima,true,true,true,5,36,Sancaktepe Ofis Taşıma | Akif Nakliyat,Sancaktepe . Ofis Taşıma,https://www.ankaraakifnakliyat.com/islemler/istanbul/sancaktepe/ofis-tasima/,UNKNOWN,UNKNOWN,UNKNOWN,UNKNOWN,UNKNOWN,false
akif,https://www.ankaraakifnakliyat.com/islemler/istanbul/sancaktepe/nakliyat-fiyatlari,istanbul_district_service,MERGE,200,true,200,0.1453,0.7542,1.0000,https://www.ankaraakifnakliyat.com/islemler/istanbul/silivri/nakliyat-fiyatlari,true,true,true,4,36,Sancaktepe Nakliyat Fiyatları | Akif Nakliyat,Sancaktepe . Nakliyat Fiyatları,https://www.ankaraakifnakliyat.com/islemler/istanbul/sancaktepe/nakliyat-fiyatlari/,UNKNOWN,UNKNOWN,UNKNOWN,UNKNOWN,UNKNOWN,false
akif,https://www.ankaraakifnakliyat.com/islemler/istanbul/sancaktepe/asansorlu-tasima,istanbul_district_service,MERGE,200,true,159,0.1898,0.5109,1.0000,https://www.ankaraakifnakliyat.com/islemler/istanbul/silivri/asansorlu-tasima,true,true,true,5,36,Sancaktepe Asansörlü Taşımacılık | Akif Nakliyat,Sancaktepe . Asansörlü Taşımacılık,https://www.ankaraakifnakliyat.com/islemler/istanbul/sancaktepe/asansorlu-tasima/,UNKNOWN,UNKNOWN,UNKNOWN,UNKNOWN,UNKNOWN,false
akif,https://www.ankaraakifnakliyat.com/islemler/istanbul/sancaktepe/sehirler-arasi-nakliyat,istanbul_district_service,MERGE,200,true,167,0.1722,0.6490,1.0000,https://www.ankaraakifnakliyat.com/islemler/istanbul/silivri/sehirler-arasi-nakliyat,true,true,true,5,36,Sancaktepe Şehirler Arası Nakliyat | Akif Nakliyat,Sancaktepe . Şehirler Arası Nakliyat,https://www.ankaraakifnakliyat.com/islemler/istanbul/sancaktepe/sehirler-arasi-nakliyat/,UNKNOWN,UNKNOWN,UNKNOWN,UNKNOWN,UNKNOWN,false
akif,https://www.ankaraakifnakliyat.com/islemler/istanbul/sariyer/evden-eve-nakliyat,istanbul_district_service,IMPROVE,200,true,194,0.1461,0.8146,0.2827,https://www.ankaraakifnakliyat.com/islemler/istanbul/silivri/evden-eve-nakliyat,false,false,true,5,36,Sarıyer Evden Eve Nakliyat | Akif Nakliyat,Sarıyer . Evden Eve Nakliyat,https://www.ankaraakifnakliyat.com/islemler/istanbul/sariyer/evden-eve-nakliyat/,UNKNOWN,UNKNOWN,UNKNOWN,UNKNOWN,UNKNOWN,false
akif,https://www.ankaraakifnakliyat.com/islemler/istanbul/sariyer/ofis-tasima,istanbul_district_service,IMPROVE,200,true,180,0.1635,0.7547,0.2941,https://www.ankaraakifnakliyat.com/islemler/istanbul/silivri/ofis-tasima,false,false,true,5,36,Sarıyer Ofis Taşıma | Akif Nakliyat,Sarıyer . Ofis Taşıma,https://www.ankaraakifnakliyat.com/islemler/istanbul/sariyer/ofis-tasima/,UNKNOWN,UNKNOWN,UNKNOWN,UNKNOWN,UNKNOWN,false
akif,https://www.ankaraakifnakliyat.com/islemler/istanbul/sariyer/nakliyat-fiyatlari,istanbul_district_service,IMPROVE,200,true,200,0.1453,0.7542,0.3380,https://www.ankaraakifnakliyat.com/islemler/istanbul/silivri/nakliyat-fiyatlari,false,false,true,4,36,Sarıyer Nakliyat Fiyatları | Akif Nakliyat,Sarıyer . Nakliyat Fiyatları,https://www.ankaraakifnakliyat.com/islemler/istanbul/sariyer/nakliyat-fiyatlari/,UNKNOWN,UNKNOWN,UNKNOWN,UNKNOWN,UNKNOWN,false
akif,https://www.ankaraakifnakliyat.com/islemler/istanbul/sariyer/asansorlu-tasima,istanbul_district_service,IMPROVE,200,true,159,0.1898,0.5109,0.4740,https://www.ankaraakifnakliyat.com/islemler/istanbul/silivri/asansorlu-tasima,false,false,true,5,36,Sarıyer Asansörlü Taşımacılık | Akif Nakliyat,Sarıyer . Asansörlü Taşımacılık,https://www.ankaraakifnakliyat.com/islemler/istanbul/sariyer/asansorlu-tasima/,UNKNOWN,UNKNOWN,UNKNOWN,UNKNOWN,UNKNOWN,false
akif,https://www.ankaraakifnakliyat.com/islemler/istanbul/sariyer/sehirler-arasi-nakliyat,istanbul_district_service,IMPROVE,200,true,167,0.1722,0.6490,0.4693,https://www.ankaraakifnakliyat.com/islemler/istanbul/silivri/sehirler-arasi-nakliyat,false,false,true,5,36,Sarıyer Şehirler Arası Nakliyat | Akif Nakliyat,Sarıyer . Şehirler Arası Nakliyat,https://www.ankaraakifnakliyat.com/islemler/istanbul/sariyer/sehirler-arasi-nakliyat/,UNKNOWN,UNKNOWN,UNKNOWN,UNKNOWN,UNKNOWN,false
akif,https://www.ankaraakifnakliyat.com/islemler/istanbul/silivri/evden-eve-nakliyat,istanbul_district_service,MERGE,200,true,194,0.1461,0.8146,1.0000,https://www.ankaraakifnakliyat.com/islemler/istanbul/sultanbeyli/evden-eve-nakliyat,true,true,true,5,36,Silivri Evden Eve Nakliyat | Akif Nakliyat,Silivri . Evden Eve Nakliyat,https://www.ankaraakifnakliyat.com/islemler/istanbul/silivri/evden-eve-nakliyat/,UNKNOWN,UNKNOWN,UNKNOWN,UNKNOWN,UNKNOWN,false
akif,https://www.ankaraakifnakliyat.com/islemler/istanbul/silivri/ofis-tasima,istanbul_district_service,MERGE,200,true,180,0.1635,0.7547,1.0000,https://www.ankaraakifnakliyat.com/islemler/istanbul/sultanbeyli/ofis-tasima,true,true,true,5,36,Silivri Ofis Taşıma | Akif Nakliyat,Silivri . Ofis Taşıma,https://www.ankaraakifnakliyat.com/islemler/istanbul/silivri/ofis-tasima/,UNKNOWN,UNKNOWN,UNKNOWN,UNKNOWN,UNKNOWN,false
akif,https://www.ankaraakifnakliyat.com/islemler/istanbul/silivri/nakliyat-fiyatlari,istanbul_district_service,MERGE,200,true,200,0.1453,0.7542,1.0000,https://www.ankaraakifnakliyat.com/islemler/istanbul/sultanbeyli/nakliyat-fiyatlari,true,true,true,4,36,Silivri Nakliyat Fiyatları | Akif Nakliyat,Silivri . Nakliyat Fiyatları,https://www.ankaraakifnakliyat.com/islemler/istanbul/silivri/nakliyat-fiyatlari/,UNKNOWN,UNKNOWN,UNKNOWN,UNKNOWN,UNKNOWN,false
akif,https://www.ankaraakifnakliyat.com/islemler/istanbul/silivri/asansorlu-tasima,istanbul_district_service,MERGE,200,true,159,0.1898,0.5109,1.0000,https://www.ankaraakifnakliyat.com/islemler/istanbul/sultanbeyli/asansorlu-tasima,true,true,true,5,36,Silivri Asansörlü Taşımacılık | Akif Nakliyat,Silivri . Asansörlü Taşımacılık,https://www.ankaraakifnakliyat.com/islemler/istanbul/silivri/asansorlu-tasima/,UNKNOWN,UNKNOWN,UNKNOWN,UNKNOWN,UNKNOWN,false
akif,https://www.ankaraakifnakliyat.com/islemler/istanbul/silivri/sehirler-arasi-nakliyat,istanbul_district_service,MERGE,200,true,167,0.1722,0.6490,1.0000,https://www.ankaraakifnakliyat.com/islemler/istanbul/sultanbeyli/sehirler-arasi-nakliyat,true,true,true,5,36,Silivri Şehirler Arası Nakliyat | Akif Nakliyat,Silivri . Şehirler Arası Nakliyat,https://www.ankaraakifnakliyat.com/islemler/istanbul/silivri/sehirler-arasi-nakliyat/,UNKNOWN,UNKNOWN,UNKNOWN,UNKNOWN,UNKNOWN,false
akif,https://www.ankaraakifnakliyat.com/islemler/istanbul/sultanbeyli/evden-eve-nakliyat,istanbul_district_service,MERGE,200,true,194,0.1461,0.8146,1.0000,https://www.ankaraakifnakliyat.com/islemler/istanbul/sultangazi/evden-eve-nakliyat,true,true,true,5,36,Sultanbeyli Evden Eve Nakliyat | Akif Nakliyat,Sultanbeyli . Evden Eve Nakliyat,https://www.ankaraakifnakliyat.com/islemler/istanbul/sultanbeyli/evden-eve-nakliyat/,UNKNOWN,UNKNOWN,UNKNOWN,UNKNOWN,UNKNOWN,false
akif,https://www.ankaraakifnakliyat.com/islemler/istanbul/sultanbeyli/ofis-tasima,istanbul_district_service,MERGE,200,true,180,0.1635,0.7547,1.0000,https://www.ankaraakifnakliyat.com/islemler/istanbul/sultangazi/ofis-tasima,true,true,true,5,36,Sultanbeyli Ofis Taşıma | Akif Nakliyat,Sultanbeyli . Ofis Taşıma,https://www.ankaraakifnakliyat.com/islemler/istanbul/sultanbeyli/ofis-tasima/,UNKNOWN,UNKNOWN,UNKNOWN,UNKNOWN,UNKNOWN,false
akif,https://www.ankaraakifnakliyat.com/islemler/istanbul/sultanbeyli/nakliyat-fiyatlari,istanbul_district_service,MERGE,200,true,200,0.1453,0.7542,1.0000,https://www.ankaraakifnakliyat.com/islemler/istanbul/sultangazi/nakliyat-fiyatlari,true,true,true,4,36,Sultanbeyli Nakliyat Fiyatları | Akif Nakliyat,Sultanbeyli . Nakliyat Fiyatları,https://www.ankaraakifnakliyat.com/islemler/istanbul/sultanbeyli/nakliyat-fiyatlari/,UNKNOWN,UNKNOWN,UNKNOWN,UNKNOWN,UNKNOWN,false
akif,https://www.ankaraakifnakliyat.com/islemler/istanbul/sultanbeyli/asansorlu-tasima,istanbul_district_service,MERGE,200,true,159,0.1898,0.5109,1.0000,https://www.ankaraakifnakliyat.com/islemler/istanbul/sultangazi/asansorlu-tasima,true,true,true,5,36,Sultanbeyli Asansörlü Taşımacılık | Akif Nakliyat,Sultanbeyli . Asansörlü Taşımacılık,https://www.ankaraakifnakliyat.com/islemler/istanbul/sultanbeyli/asansorlu-tasima/,UNKNOWN,UNKNOWN,UNKNOWN,UNKNOWN,UNKNOWN,false
akif,https://www.ankaraakifnakliyat.com/islemler/istanbul/sultanbeyli/sehirler-arasi-nakliyat,istanbul_district_service,MERGE,200,true,167,0.1722,0.6490,1.0000,https://www.ankaraakifnakliyat.com/islemler/istanbul/sultangazi/sehirler-arasi-nakliyat,true,true,true,5,36,Sultanbeyli Şehirler Arası Nakliyat | Akif Nakliyat,Sultanbeyli . Şehirler Arası Nakliyat,https://www.ankaraakifnakliyat.com/islemler/istanbul/sultanbeyli/sehirler-arasi-nakliyat/,UNKNOWN,UNKNOWN,UNKNOWN,UNKNOWN,UNKNOWN,false
akif,https://www.ankaraakifnakliyat.com/islemler/istanbul/sultangazi/evden-eve-nakliyat,istanbul_district_service,MERGE,200,true,194,0.1461,0.8146,1.0000,https://www.ankaraakifnakliyat.com/islemler/istanbul/tuzla/evden-eve-nakliyat,true,true,true,5,36,Sultangazi Evden Eve Nakliyat | Akif Nakliyat,Sultangazi . Evden Eve Nakliyat,https://www.ankaraakifnakliyat.com/islemler/istanbul/sultangazi/evden-eve-nakliyat/,UNKNOWN,UNKNOWN,UNKNOWN,UNKNOWN,UNKNOWN,false
akif,https://www.ankaraakifnakliyat.com/islemler/istanbul/sultangazi/ofis-tasima,istanbul_district_service,MERGE,200,true,180,0.1635,0.7547,1.0000,https://www.ankaraakifnakliyat.com/islemler/istanbul/tuzla/ofis-tasima,true,true,true,5,36,Sultangazi Ofis Taşıma | Akif Nakliyat,Sultangazi . Ofis Taşıma,https://www.ankaraakifnakliyat.com/islemler/istanbul/sultangazi/ofis-tasima/,UNKNOWN,UNKNOWN,UNKNOWN,UNKNOWN,UNKNOWN,false
akif,https://www.ankaraakifnakliyat.com/islemler/istanbul/sultangazi/nakliyat-fiyatlari,istanbul_district_service,MERGE,200,true,200,0.1453,0.7542,1.0000,https://www.ankaraakifnakliyat.com/islemler/istanbul/tuzla/nakliyat-fiyatlari,true,true,true,4,36,Sultangazi Nakliyat Fiyatları | Akif Nakliyat,Sultangazi . Nakliyat Fiyatları,https://www.ankaraakifnakliyat.com/islemler/istanbul/sultangazi/nakliyat-fiyatlari/,UNKNOWN,UNKNOWN,UNKNOWN,UNKNOWN,UNKNOWN,false
akif,https://www.ankaraakifnakliyat.com/islemler/istanbul/sultangazi/asansorlu-tasima,istanbul_district_service,MERGE,200,true,159,0.1898,0.5109,1.0000,https://www.ankaraakifnakliyat.com/islemler/istanbul/tuzla/asansorlu-tasima,true,true,true,5,36,Sultangazi Asansörlü Taşımacılık | Akif Nakliyat,Sultangazi . Asansörlü Taşımacılık,https://www.ankaraakifnakliyat.com/islemler/istanbul/sultangazi/asansorlu-tasima/,UNKNOWN,UNKNOWN,UNKNOWN,UNKNOWN,UNKNOWN,false
akif,https://www.ankaraakifnakliyat.com/islemler/istanbul/sultangazi/sehirler-arasi-nakliyat,istanbul_district_service,MERGE,200,true,167,0.1722,0.6490,1.0000,https://www.ankaraakifnakliyat.com/islemler/istanbul/tuzla/sehirler-arasi-nakliyat,true,true,true,5,36,Sultangazi Şehirler Arası Nakliyat | Akif Nakliyat,Sultangazi . Şehirler Arası Nakliyat,https://www.ankaraakifnakliyat.com/islemler/istanbul/sultangazi/sehirler-arasi-nakliyat/,UNKNOWN,UNKNOWN,UNKNOWN,UNKNOWN,UNKNOWN,false
akif,https://www.ankaraakifnakliyat.com/islemler/istanbul/sile/evden-eve-nakliyat,istanbul_district_service,IMPROVE,200,true,194,0.1461,0.8146,0.2827,https://www.ankaraakifnakliyat.com/islemler/istanbul/tuzla/evden-eve-nakliyat,false,false,true,5,36,Şile Evden Eve Nakliyat | Akif Nakliyat,Şile . Evden Eve Nakliyat,https://www.ankaraakifnakliyat.com/islemler/istanbul/sile/evden-eve-nakliyat/,UNKNOWN,UNKNOWN,UNKNOWN,UNKNOWN,UNKNOWN,false
akif,https://www.ankaraakifnakliyat.com/islemler/istanbul/sile/ofis-tasima,istanbul_district_service,IMPROVE,200,true,180,0.1635,0.7547,0.2941,https://www.ankaraakifnakliyat.com/islemler/istanbul/tuzla/ofis-tasima,false,false,true,5,36,Şile Ofis Taşıma | Akif Nakliyat,Şile . Ofis Taşıma,https://www.ankaraakifnakliyat.com/islemler/istanbul/sile/ofis-tasima/,UNKNOWN,UNKNOWN,UNKNOWN,UNKNOWN,UNKNOWN,false
akif,https://www.ankaraakifnakliyat.com/islemler/istanbul/sile/nakliyat-fiyatlari,istanbul_district_service,IMPROVE,200,true,200,0.1453,0.7542,0.3380,https://www.ankaraakifnakliyat.com/islemler/istanbul/tuzla/nakliyat-fiyatlari,false,false,true,4,36,Şile Nakliyat Fiyatları | Akif Nakliyat,Şile . Nakliyat Fiyatları,https://www.ankaraakifnakliyat.com/islemler/istanbul/sile/nakliyat-fiyatlari/,UNKNOWN,UNKNOWN,UNKNOWN,UNKNOWN,UNKNOWN,false
akif,https://www.ankaraakifnakliyat.com/islemler/istanbul/sile/asansorlu-tasima,istanbul_district_service,IMPROVE,200,true,159,0.1898,0.5109,0.4740,https://www.ankaraakifnakliyat.com/islemler/istanbul/tuzla/asansorlu-tasima,false,false,true,5,36,Şile Asansörlü Taşımacılık | Akif Nakliyat,Şile . Asansörlü Taşımacılık,https://www.ankaraakifnakliyat.com/islemler/istanbul/sile/asansorlu-tasima/,UNKNOWN,UNKNOWN,UNKNOWN,UNKNOWN,UNKNOWN,false
akif,https://www.ankaraakifnakliyat.com/islemler/istanbul/sile/sehirler-arasi-nakliyat,istanbul_district_service,IMPROVE,200,true,167,0.1722,0.6490,0.4693,https://www.ankaraakifnakliyat.com/islemler/istanbul/tuzla/sehirler-arasi-nakliyat,false,false,true,5,36,Şile Şehirler Arası Nakliyat | Akif Nakliyat,Şile . Şehirler Arası Nakliyat,https://www.ankaraakifnakliyat.com/islemler/istanbul/sile/sehirler-arasi-nakliyat/,UNKNOWN,UNKNOWN,UNKNOWN,UNKNOWN,UNKNOWN,false
akif,https://www.ankaraakifnakliyat.com/islemler/istanbul/sisli/evden-eve-nakliyat,istanbul_district_service,IMPROVE,200,true,194,0.1461,0.8146,0.2827,https://www.ankaraakifnakliyat.com/islemler/istanbul/tuzla/evden-eve-nakliyat,false,false,true,5,36,Şişli Evden Eve Nakliyat | Akif Nakliyat,Şişli . Evden Eve Nakliyat,https://www.ankaraakifnakliyat.com/islemler/istanbul/sisli/evden-eve-nakliyat/,UNKNOWN,UNKNOWN,UNKNOWN,UNKNOWN,UNKNOWN,false
akif,https://www.ankaraakifnakliyat.com/islemler/istanbul/sisli/ofis-tasima,istanbul_district_service,IMPROVE,200,true,180,0.1635,0.7547,0.2941,https://www.ankaraakifnakliyat.com/islemler/istanbul/tuzla/ofis-tasima,false,false,true,5,36,Şişli Ofis Taşıma | Akif Nakliyat,Şişli . Ofis Taşıma,https://www.ankaraakifnakliyat.com/islemler/istanbul/sisli/ofis-tasima/,UNKNOWN,UNKNOWN,UNKNOWN,UNKNOWN,UNKNOWN,false
akif,https://www.ankaraakifnakliyat.com/islemler/istanbul/sisli/nakliyat-fiyatlari,istanbul_district_service,IMPROVE,200,true,200,0.1453,0.7542,0.3380,https://www.ankaraakifnakliyat.com/islemler/istanbul/tuzla/nakliyat-fiyatlari,false,false,true,4,36,Şişli Nakliyat Fiyatları | Akif Nakliyat,Şişli . Nakliyat Fiyatları,https://www.ankaraakifnakliyat.com/islemler/istanbul/sisli/nakliyat-fiyatlari/,UNKNOWN,UNKNOWN,UNKNOWN,UNKNOWN,UNKNOWN,false
akif,https://www.ankaraakifnakliyat.com/islemler/istanbul/sisli/asansorlu-tasima,istanbul_district_service,IMPROVE,200,true,159,0.1898,0.5109,0.4740,https://www.ankaraakifnakliyat.com/islemler/istanbul/tuzla/asansorlu-tasima,false,false,true,5,36,Şişli Asansörlü Taşımacılık | Akif Nakliyat,Şişli . Asansörlü Taşımacılık,https://www.ankaraakifnakliyat.com/islemler/istanbul/sisli/asansorlu-tasima/,UNKNOWN,UNKNOWN,UNKNOWN,UNKNOWN,UNKNOWN,false
akif,https://www.ankaraakifnakliyat.com/islemler/istanbul/sisli/sehirler-arasi-nakliyat,istanbul_district_service,IMPROVE,200,true,167,0.1722,0.6490,0.4693,https://www.ankaraakifnakliyat.com/islemler/istanbul/tuzla/sehirler-arasi-nakliyat,false,false,true,5,36,Şişli Şehirler Arası Nakliyat | Akif Nakliyat,Şişli . Şehirler Arası Nakliyat,https://www.ankaraakifnakliyat.com/islemler/istanbul/sisli/sehirler-arasi-nakliyat/,UNKNOWN,UNKNOWN,UNKNOWN,UNKNOWN,UNKNOWN,false
akif,https://www.ankaraakifnakliyat.com/islemler/istanbul/tuzla/evden-eve-nakliyat,istanbul_district_service,MERGE,200,true,194,0.1461,0.8146,1.0000,https://www.ankaraakifnakliyat.com/islemler/istanbul/zeytinburnu/evden-eve-nakliyat,true,true,true,5,36,Tuzla Evden Eve Nakliyat | Akif Nakliyat,Tuzla . Evden Eve Nakliyat,https://www.ankaraakifnakliyat.com/islemler/istanbul/tuzla/evden-eve-nakliyat/,UNKNOWN,UNKNOWN,UNKNOWN,UNKNOWN,UNKNOWN,false
akif,https://www.ankaraakifnakliyat.com/islemler/istanbul/tuzla/ofis-tasima,istanbul_district_service,MERGE,200,true,180,0.1635,0.7547,1.0000,https://www.ankaraakifnakliyat.com/islemler/istanbul/zeytinburnu/ofis-tasima,true,true,true,5,36,Tuzla Ofis Taşıma | Akif Nakliyat,Tuzla . Ofis Taşıma,https://www.ankaraakifnakliyat.com/islemler/istanbul/tuzla/ofis-tasima/,UNKNOWN,UNKNOWN,UNKNOWN,UNKNOWN,UNKNOWN,false
akif,https://www.ankaraakifnakliyat.com/islemler/istanbul/tuzla/nakliyat-fiyatlari,istanbul_district_service,MERGE,200,true,200,0.1453,0.7542,1.0000,https://www.ankaraakifnakliyat.com/islemler/istanbul/zeytinburnu/nakliyat-fiyatlari,true,true,true,4,36,Tuzla Nakliyat Fiyatları | Akif Nakliyat,Tuzla . Nakliyat Fiyatları,https://www.ankaraakifnakliyat.com/islemler/istanbul/tuzla/nakliyat-fiyatlari/,UNKNOWN,UNKNOWN,UNKNOWN,UNKNOWN,UNKNOWN,false
akif,https://www.ankaraakifnakliyat.com/islemler/istanbul/tuzla/asansorlu-tasima,istanbul_district_service,MERGE,200,true,159,0.1898,0.5109,1.0000,https://www.ankaraakifnakliyat.com/islemler/istanbul/zeytinburnu/asansorlu-tasima,true,true,true,5,36,Tuzla Asansörlü Taşımacılık | Akif Nakliyat,Tuzla . Asansörlü Taşımacılık,https://www.ankaraakifnakliyat.com/islemler/istanbul/tuzla/asansorlu-tasima/,UNKNOWN,UNKNOWN,UNKNOWN,UNKNOWN,UNKNOWN,false
akif,https://www.ankaraakifnakliyat.com/islemler/istanbul/tuzla/sehirler-arasi-nakliyat,istanbul_district_service,MERGE,200,true,167,0.1722,0.6490,1.0000,https://www.ankaraakifnakliyat.com/islemler/istanbul/zeytinburnu/sehirler-arasi-nakliyat,true,true,true,5,36,Tuzla Şehirler Arası Nakliyat | Akif Nakliyat,Tuzla . Şehirler Arası Nakliyat,https://www.ankaraakifnakliyat.com/islemler/istanbul/tuzla/sehirler-arasi-nakliyat/,UNKNOWN,UNKNOWN,UNKNOWN,UNKNOWN,UNKNOWN,false
akif,https://www.ankaraakifnakliyat.com/islemler/istanbul/umraniye/evden-eve-nakliyat,istanbul_district_service,IMPROVE,200,true,194,0.1461,0.8146,0.2827,https://www.ankaraakifnakliyat.com/islemler/istanbul/zeytinburnu/evden-eve-nakliyat,false,false,true,5,36,Ümraniye Evden Eve Nakliyat | Akif Nakliyat,Ümraniye . Evden Eve Nakliyat,https://www.ankaraakifnakliyat.com/islemler/istanbul/umraniye/evden-eve-nakliyat/,UNKNOWN,UNKNOWN,UNKNOWN,UNKNOWN,UNKNOWN,false
akif,https://www.ankaraakifnakliyat.com/islemler/istanbul/umraniye/ofis-tasima,istanbul_district_service,IMPROVE,200,true,180,0.1635,0.7547,0.2941,https://www.ankaraakifnakliyat.com/islemler/istanbul/zeytinburnu/ofis-tasima,false,false,true,5,36,Ümraniye Ofis Taşıma | Akif Nakliyat,Ümraniye . Ofis Taşıma,https://www.ankaraakifnakliyat.com/islemler/istanbul/umraniye/ofis-tasima/,UNKNOWN,UNKNOWN,UNKNOWN,UNKNOWN,UNKNOWN,false
akif,https://www.ankaraakifnakliyat.com/islemler/istanbul/umraniye/nakliyat-fiyatlari,istanbul_district_service,IMPROVE,200,true,200,0.1453,0.7542,0.3380,https://www.ankaraakifnakliyat.com/islemler/istanbul/zeytinburnu/nakliyat-fiyatlari,false,false,true,4,36,Ümraniye Nakliyat Fiyatları | Akif Nakliyat,Ümraniye . Nakliyat Fiyatları,https://www.ankaraakifnakliyat.com/islemler/istanbul/umraniye/nakliyat-fiyatlari/,UNKNOWN,UNKNOWN,UNKNOWN,UNKNOWN,UNKNOWN,false
akif,https://www.ankaraakifnakliyat.com/islemler/istanbul/umraniye/asansorlu-tasima,istanbul_district_service,IMPROVE,200,true,159,0.1898,0.5109,0.4740,https://www.ankaraakifnakliyat.com/islemler/istanbul/zeytinburnu/asansorlu-tasima,false,false,true,5,36,Ümraniye Asansörlü Taşımacılık | Akif Nakliyat,Ümraniye . Asansörlü Taşımacılık,https://www.ankaraakifnakliyat.com/islemler/istanbul/umraniye/asansorlu-tasima/,UNKNOWN,UNKNOWN,UNKNOWN,UNKNOWN,UNKNOWN,false
akif,https://www.ankaraakifnakliyat.com/islemler/istanbul/umraniye/sehirler-arasi-nakliyat,istanbul_district_service,IMPROVE,200,true,167,0.1722,0.6490,0.4693,https://www.ankaraakifnakliyat.com/islemler/istanbul/zeytinburnu/sehirler-arasi-nakliyat,false,false,true,5,36,Ümraniye Şehirler Arası Nakliyat | Akif Nakliyat,Ümraniye . Şehirler Arası Nakliyat,https://www.ankaraakifnakliyat.com/islemler/istanbul/umraniye/sehirler-arasi-nakliyat/,UNKNOWN,UNKNOWN,UNKNOWN,UNKNOWN,UNKNOWN,false
akif,https://www.ankaraakifnakliyat.com/islemler/istanbul/uskudar/evden-eve-nakliyat,istanbul_district_service,IMPROVE,200,true,194,0.1461,0.8146,0.2827,https://www.ankaraakifnakliyat.com/islemler/istanbul/zeytinburnu/evden-eve-nakliyat,false,false,true,5,36,Üsküdar Evden Eve Nakliyat | Akif Nakliyat,Üsküdar . Evden Eve Nakliyat,https://www.ankaraakifnakliyat.com/islemler/istanbul/uskudar/evden-eve-nakliyat/,UNKNOWN,UNKNOWN,UNKNOWN,UNKNOWN,UNKNOWN,false
akif,https://www.ankaraakifnakliyat.com/islemler/istanbul/uskudar/ofis-tasima,istanbul_district_service,IMPROVE,200,true,180,0.1635,0.7547,0.2941,https://www.ankaraakifnakliyat.com/islemler/istanbul/zeytinburnu/ofis-tasima,false,false,true,5,36,Üsküdar Ofis Taşıma | Akif Nakliyat,Üsküdar . Ofis Taşıma,https://www.ankaraakifnakliyat.com/islemler/istanbul/uskudar/ofis-tasima/,UNKNOWN,UNKNOWN,UNKNOWN,UNKNOWN,UNKNOWN,false
akif,https://www.ankaraakifnakliyat.com/islemler/istanbul/uskudar/nakliyat-fiyatlari,istanbul_district_service,IMPROVE,200,true,200,0.1453,0.7542,0.3380,https://www.ankaraakifnakliyat.com/islemler/istanbul/zeytinburnu/nakliyat-fiyatlari,false,false,true,4,36,Üsküdar Nakliyat Fiyatları | Akif Nakliyat,Üsküdar . Nakliyat Fiyatları,https://www.ankaraakifnakliyat.com/islemler/istanbul/uskudar/nakliyat-fiyatlari/,UNKNOWN,UNKNOWN,UNKNOWN,UNKNOWN,UNKNOWN,false
akif,https://www.ankaraakifnakliyat.com/islemler/istanbul/uskudar/asansorlu-tasima,istanbul_district_service,IMPROVE,200,true,159,0.1898,0.5109,0.4740,https://www.ankaraakifnakliyat.com/islemler/istanbul/zeytinburnu/asansorlu-tasima,false,false,true,5,36,Üsküdar Asansörlü Taşımacılık | Akif Nakliyat,Üsküdar . Asansörlü Taşımacılık,https://www.ankaraakifnakliyat.com/islemler/istanbul/uskudar/asansorlu-tasima/,UNKNOWN,UNKNOWN,UNKNOWN,UNKNOWN,UNKNOWN,false
akif,https://www.ankaraakifnakliyat.com/islemler/istanbul/uskudar/sehirler-arasi-nakliyat,istanbul_district_service,IMPROVE,200,true,167,0.1722,0.6490,0.4693,https://www.ankaraakifnakliyat.com/islemler/istanbul/zeytinburnu/sehirler-arasi-nakliyat,false,false,true,5,36,Üsküdar Şehirler Arası Nakliyat | Akif Nakliyat,Üsküdar . Şehirler Arası Nakliyat,https://www.ankaraakifnakliyat.com/islemler/istanbul/uskudar/sehirler-arasi-nakliyat/,UNKNOWN,UNKNOWN,UNKNOWN,UNKNOWN,UNKNOWN,false
akif,https://www.ankaraakifnakliyat.com/islemler/istanbul/zeytinburnu/evden-eve-nakliyat,istanbul_district_service,IMPROVE,200,true,194,0.1461,0.8146,0.1554,https://www.ankaraakifnakliyat.com/islemler/istanbul/zeytinburnu/ofis-tasima,false,false,true,5,36,Zeytinburnu Evden Eve Nakliyat | Akif Nakliyat,Zeytinburnu . Evden Eve Nakliyat,https://www.ankaraakifnakliyat.com/islemler/istanbul/zeytinburnu/evden-eve-nakliyat/,UNKNOWN,UNKNOWN,UNKNOWN,UNKNOWN,UNKNOWN,false
akif,https://www.ankaraakifnakliyat.com/islemler/istanbul/zeytinburnu/ofis-tasima,istanbul_district_service,IMPROVE,200,true,180,0.1635,0.7547,0.1408,https://www.ankaraakifnakliyat.com/islemler/istanbul/zeytinburnu/nakliyat-fiyatlari,false,false,true,5,36,Zeytinburnu Ofis Taşıma | Akif Nakliyat,Zeytinburnu . Ofis Taşıma,https://www.ankaraakifnakliyat.com/islemler/istanbul/zeytinburnu/ofis-tasima/,UNKNOWN,UNKNOWN,UNKNOWN,UNKNOWN,UNKNOWN,false
akif,https://www.ankaraakifnakliyat.com/islemler/istanbul/zeytinburnu/nakliyat-fiyatlari,istanbul_district_service,IMPROVE,200,true,200,0.1453,0.7542,0.1244,https://www.ankaraakifnakliyat.com/islemler/istanbul/zeytinburnu/asansorlu-tasima,false,false,true,4,36,Zeytinburnu Nakliyat Fiyatları | Akif Nakliyat,Zeytinburnu . Nakliyat Fiyatları,https://www.ankaraakifnakliyat.com/islemler/istanbul/zeytinburnu/nakliyat-fiyatlari/,UNKNOWN,UNKNOWN,UNKNOWN,UNKNOWN,UNKNOWN,false
akif,https://www.ankaraakifnakliyat.com/islemler/istanbul/zeytinburnu/asansorlu-tasima,istanbul_district_service,IMPROVE,200,true,159,0.1898,0.5109,0.1233,https://www.ankaraakifnakliyat.com/islemler/istanbul/zeytinburnu/sehirler-arasi-nakliyat,false,false,true,5,36,Zeytinburnu Asansörlü Taşımacılık | Akif Nakliyat,Zeytinburnu . Asansörlü Taşımacılık,https://www.ankaraakifnakliyat.com/islemler/istanbul/zeytinburnu/asansorlu-tasima/,UNKNOWN,UNKNOWN,UNKNOWN,UNKNOWN,UNKNOWN,false
akif,https://www.ankaraakifnakliyat.com/islemler/istanbul/zeytinburnu/sehirler-arasi-nakliyat,istanbul_district_service,IMPROVE,200,true,167,0.1722,0.6490,0.0000,,false,false,true,5,36,Zeytinburnu Şehirler Arası Nakliyat | Akif Nakliyat,Zeytinburnu . Şehirler Arası Nakliyat,https://www.ankaraakifnakliyat.com/islemler/istanbul/zeytinburnu/sehirler-arasi-nakliyat/,UNKNOWN,UNKNOWN,UNKNOWN,UNKNOWN,UNKNOWN,false
akif,https://www.ankaraakifnakliyat.com/islemler/ankara,city_page,MERGE,200,true,604,0.1481,0.8519,1.0000,https://www.ankaraakifnakliyat.com/islemler/istanbul,true,true,false,16,38,Ankara Ankara Nakliyat | Ankara Ankara Arası | Akif Nakliyat,ANKARA Ankara ŞEHİRLER ARASI NAKLİYAT,https://www.ankaraakifnakliyat.com/islemler/ankara/,UNKNOWN,UNKNOWN,UNKNOWN,UNKNOWN,UNKNOWN,false
akif,https://www.ankaraakifnakliyat.com/islemler/istanbul,city_page,MERGE,200,true,604,0.1481,0.8519,0.9737,https://www.ankaraakifnakliyat.com/islemler/antalya,true,true,false,16,38,Ankara İstanbul Nakliyat | İstanbul Ankara Arası | Akif Nakliyat,ANKARA İstanbul ŞEHİRLER ARASI NAKLİYAT,https://www.ankaraakifnakliyat.com/islemler/istanbul/,UNKNOWN,UNKNOWN,UNKNOWN,UNKNOWN,UNKNOWN,false
akif,https://www.ankaraakifnakliyat.com/islemler/izmir,city_page,MERGE,200,true,604,0.1481,0.8519,0.9679,https://www.ankaraakifnakliyat.com/islemler/antalya,true,true,false,16,38,Ankara İzmir Nakliyat | İzmir Ankara Arası | Akif Nakliyat,ANKARA İzmir ŞEHİRLER ARASI NAKLİYAT,https://www.ankaraakifnakliyat.com/islemler/izmir/,UNKNOWN,UNKNOWN,UNKNOWN,UNKNOWN,UNKNOWN,false
akif,https://www.ankaraakifnakliyat.com/islemler/antalya,city_page,MERGE,200,true,604,0.1481,0.8519,0.9708,https://www.ankaraakifnakliyat.com/islemler/bursa,true,true,false,16,38,Ankara Antalya Nakliyat | Antalya Ankara Arası | Akif Nakliyat,ANKARA Antalya ŞEHİRLER ARASI NAKLİYAT,https://www.ankaraakifnakliyat.com/islemler/antalya/,UNKNOWN,UNKNOWN,UNKNOWN,UNKNOWN,UNKNOWN,false
akif,https://www.ankaraakifnakliyat.com/islemler/bursa,city_page,MERGE,200,true,604,0.1481,0.8519,0.9679,https://www.ankaraakifnakliyat.com/islemler/kocaeli,true,true,false,16,38,Ankara Bursa Nakliyat | Bursa Ankara Arası | Akif Nakliyat,ANKARA Bursa ŞEHİRLER ARASI NAKLİYAT,https://www.ankaraakifnakliyat.com/islemler/bursa/,UNKNOWN,UNKNOWN,UNKNOWN,UNKNOWN,UNKNOWN,false
akif,https://www.ankaraakifnakliyat.com/islemler/kocaeli,city_page,MERGE,200,true,604,0.1481,0.8519,0.9679,https://www.ankaraakifnakliyat.com/islemler/sakarya,true,true,false,16,38,Ankara Kocaeli Nakliyat | Kocaeli Ankara Arası | Akif Nakliyat,ANKARA Kocaeli ŞEHİRLER ARASI NAKLİYAT,https://www.ankaraakifnakliyat.com/islemler/kocaeli/,UNKNOWN,UNKNOWN,UNKNOWN,UNKNOWN,UNKNOWN,false
akif,https://www.ankaraakifnakliyat.com/islemler/sakarya,city_page,MERGE,200,true,604,0.1481,0.8519,0.9650,https://www.ankaraakifnakliyat.com/islemler/konya,true,true,false,16,38,Ankara Sakarya Nakliyat | Sakarya Ankara Arası | Akif Nakliyat,ANKARA Sakarya ŞEHİRLER ARASI NAKLİYAT,https://www.ankaraakifnakliyat.com/islemler/sakarya/,UNKNOWN,UNKNOWN,UNKNOWN,UNKNOWN,UNKNOWN,false
akif,https://www.ankaraakifnakliyat.com/islemler/eskisehir,city_page,KEEP,200,true,604,0.1481,0.8519,0.2222,https://www.ankaraakifnakliyat.com/islemler/konya,false,false,false,16,38,Ankara Eskişehir Nakliyat | Eskişehir Ankara Arası | Akif Nakliyat,ANKARA Eskişehir ŞEHİRLER ARASI NAKLİYAT,https://www.ankaraakifnakliyat.com/islemler/eskisehir/,UNKNOWN,UNKNOWN,UNKNOWN,UNKNOWN,UNKNOWN,false
akif,https://www.ankaraakifnakliyat.com/islemler/konya,city_page,MERGE,200,true,604,0.1481,0.8519,0.9708,https://www.ankaraakifnakliyat.com/islemler/bolu,true,true,false,16,38,Ankara Konya Nakliyat | Konya Ankara Arası | Akif Nakliyat,ANKARA Konya ŞEHİRLER ARASI NAKLİYAT,https://www.ankaraakifnakliyat.com/islemler/konya/,UNKNOWN,UNKNOWN,UNKNOWN,UNKNOWN,UNKNOWN,false
akif,https://www.ankaraakifnakliyat.com/islemler/bolu,city_page,MERGE,200,true,604,0.1481,0.8519,0.9708,https://www.ankaraakifnakliyat.com/islemler/yalova,true,true,false,16,38,Ankara Bolu Nakliyat | Bolu Ankara Arası | Akif Nakliyat,ANKARA Bolu ŞEHİRLER ARASI NAKLİYAT,https://www.ankaraakifnakliyat.com/islemler/bolu/,UNKNOWN,UNKNOWN,UNKNOWN,UNKNOWN,UNKNOWN,false
akif,https://www.ankaraakifnakliyat.com/islemler/yalova,city_page,MERGE,200,true,604,0.1481,0.8519,0.9536,https://www.ankaraakifnakliyat.com/islemler/adana,true,true,false,16,38,Ankara Yalova Nakliyat | Yalova Ankara Arası | Akif Nakliyat,ANKARA Yalova ŞEHİRLER ARASI NAKLİYAT,https://www.ankaraakifnakliyat.com/islemler/yalova/,UNKNOWN,UNKNOWN,UNKNOWN,UNKNOWN,UNKNOWN,false
akif,https://www.ankaraakifnakliyat.com/islemler/tekirdag,city_page,KEEP,200,true,604,0.1481,0.8519,0.2184,https://www.ankaraakifnakliyat.com/islemler/adana,false,false,false,16,38,Ankara Tekirdağ Nakliyat | Tekirdağ Ankara Arası | Akif Nakliyat,ANKARA Tekirdağ ŞEHİRLER ARASI NAKLİYAT,https://www.ankaraakifnakliyat.com/islemler/tekirdag/,UNKNOWN,UNKNOWN,UNKNOWN,UNKNOWN,UNKNOWN,false
akif,https://www.ankaraakifnakliyat.com/islemler/kirikkale,city_page,KEEP,200,true,604,0.1481,0.8519,0.2203,https://www.ankaraakifnakliyat.com/islemler/adana,false,false,false,16,38,Ankara Kırıkkale Nakliyat | Kırıkkale Ankara Arası | Akif Nakliyat,ANKARA Kırıkkale ŞEHİRLER ARASI NAKLİYAT,https://www.ankaraakifnakliyat.com/islemler/kirikkale/,UNKNOWN,UNKNOWN,UNKNOWN,UNKNOWN,UNKNOWN,false
akif,https://www.ankaraakifnakliyat.com/islemler/cankiri,city_page,KEEP,200,true,604,0.1481,0.8519,0.2222,https://www.ankaraakifnakliyat.com/islemler/adana,false,false,false,16,38,Ankara Çankırı Nakliyat | Çankırı Ankara Arası | Akif Nakliyat,ANKARA Çankırı ŞEHİRLER ARASI NAKLİYAT,https://www.ankaraakifnakliyat.com/islemler/cankiri/,UNKNOWN,UNKNOWN,UNKNOWN,UNKNOWN,UNKNOWN,false
akif,https://www.ankaraakifnakliyat.com/islemler/adana,city_page,MERGE,200,true,604,0.1481,0.8519,0.9679,https://www.ankaraakifnakliyat.com/islemler/mersin,true,true,false,16,38,Ankara Adana Nakliyat | Adana Ankara Arası | Akif Nakliyat,ANKARA Adana ŞEHİRLER ARASI NAKLİYAT,https://www.ankaraakifnakliyat.com/islemler/adana/,UNKNOWN,UNKNOWN,UNKNOWN,UNKNOWN,UNKNOWN,false
akif,https://www.ankaraakifnakliyat.com/islemler/mersin,city_page,KEEP,200,true,604,0.1481,0.8519,0.0000,,false,false,false,16,38,Ankara Mersin Nakliyat | Mersin Ankara Arası | Akif Nakliyat,ANKARA Mersin ŞEHİRLER ARASI NAKLİYAT,https://www.ankaraakifnakliyat.com/islemler/mersin/,UNKNOWN,UNKNOWN,UNKNOWN,UNKNOWN,UNKNOWN,false
akif,https://www.ankaraakifnakliyat.com/blog/cankaya-evden-eve-nakliyat-rehberi-fiyatlari,blog_post,IMPROVE,200,true,423,0.0120,0.5000,0.6150,https://www.ankaraakifnakliyat.com/blog/haymana-evden-eve-nakliyat-rehberi-fiyatlari,false,false,false,25,22,Çankaya Evden Eve Nakliyat Rehberi ve 2026 Fiyatları | Akif Nakliyat,Çankaya Evden Eve Nakliyat Rehberi ve 2026 Fiyatları,https://www.ankaraakifnakliyat.com/blog/cankaya-evden-eve-nakliyat-rehberi-fiyatlari/,UNKNOWN,UNKNOWN,UNKNOWN,UNKNOWN,UNKNOWN,false
akif,https://www.ankaraakifnakliyat.com/blog/kecioren-evden-eve-nakliyat-rehberi-fiyatlari,blog_post,IMPROVE,200,true,424,0.0120,0.5012,0.6150,https://www.ankaraakifnakliyat.com/blog/haymana-evden-eve-nakliyat-rehberi-fiyatlari,false,false,false,25,22,Keçiören Evden Eve Nakliyat Rehberi ve 2026 Fiyatları | Akif Nakliyat,Keçiören Evden Eve Nakliyat Rehberi ve 2026 Fiyatları,https://www.ankaraakifnakliyat.com/blog/kecioren-evden-eve-nakliyat-rehberi-fiyatlari/,UNKNOWN,UNKNOWN,UNKNOWN,UNKNOWN,UNKNOWN,false
akif,https://www.ankaraakifnakliyat.com/blog/yenimahalle-evden-eve-nakliyat-rehberi-fiyatlari,blog_post,IMPROVE,200,true,422,0.0120,0.4988,0.8567,https://www.ankaraakifnakliyat.com/blog/haymana-evden-eve-nakliyat-rehberi-fiyatlari,false,false,false,25,22,Yenimahalle Evden Eve Nakliyat Rehberi ve 2026 Fiyatları | Akif Nakliyat,Yenimahalle Evden Eve Nakliyat Rehberi ve 2026 Fiyatları,https://www.ankaraakifnakliyat.com/blog/yenimahalle-evden-eve-nakliyat-rehberi-fiyatlari/,UNKNOWN,UNKNOWN,UNKNOWN,UNKNOWN,UNKNOWN,false
akif,https://www.ankaraakifnakliyat.com/blog/mamak-evden-eve-nakliyat-rehberi-fiyatlari,blog_post,IMPROVE,200,true,420,0.0121,0.4964,0.8618,https://www.ankaraakifnakliyat.com/blog/haymana-evden-eve-nakliyat-rehberi-fiyatlari,false,false,false,4,22,Mamak Evden Eve Nakliyat Rehberi ve 2026 Fiyatları | Akif Nakliyat,Mamak Evden Eve Nakliyat Rehberi ve 2026 Fiyatları,https://www.ankaraakifnakliyat.com/blog/mamak-evden-eve-nakliyat-rehberi-fiyatlari/,UNKNOWN,UNKNOWN,UNKNOWN,UNKNOWN,UNKNOWN,false
akif,https://www.ankaraakifnakliyat.com/blog/etimesgut-evden-eve-nakliyat-rehberi-fiyatlari,blog_post,IMPROVE,200,true,425,0.0120,0.5024,0.8542,https://www.ankaraakifnakliyat.com/blog/haymana-evden-eve-nakliyat-rehberi-fiyatlari,false,false,false,1,22,Etimesgut Evden Eve Nakliyat Rehberi ve 2026 Fiyatları | Akif Nakliyat,Etimesgut Evden Eve Nakliyat Rehberi ve 2026 Fiyatları,https://www.ankaraakifnakliyat.com/blog/etimesgut-evden-eve-nakliyat-rehberi-fiyatlari/,UNKNOWN,UNKNOWN,UNKNOWN,UNKNOWN,UNKNOWN,false
akif,https://www.ankaraakifnakliyat.com/blog/sincan-evden-eve-nakliyat-rehberi-fiyatlari,blog_post,IMPROVE,200,true,420,0.0121,0.4964,0.8618,https://www.ankaraakifnakliyat.com/blog/haymana-evden-eve-nakliyat-rehberi-fiyatlari,false,false,false,1,22,Sincan Evden Eve Nakliyat Rehberi ve 2026 Fiyatları | Akif Nakliyat,Sincan Evden Eve Nakliyat Rehberi ve 2026 Fiyatları,https://www.ankaraakifnakliyat.com/blog/sincan-evden-eve-nakliyat-rehberi-fiyatlari/,UNKNOWN,UNKNOWN,UNKNOWN,UNKNOWN,UNKNOWN,false
akif,https://www.ankaraakifnakliyat.com/blog/golbasi-evden-eve-nakliyat-rehberi-fiyatlari,blog_post,IMPROVE,200,true,421,0.0121,0.4976,0.6165,https://www.ankaraakifnakliyat.com/blog/haymana-evden-eve-nakliyat-rehberi-fiyatlari,false,false,false,1,22,Gölbaşı Evden Eve Nakliyat Rehberi ve 2026 Fiyatları | Akif Nakliyat,Gölbaşı Evden Eve Nakliyat Rehberi ve 2026 Fiyatları,https://www.ankaraakifnakliyat.com/blog/golbasi-evden-eve-nakliyat-rehberi-fiyatlari/,UNKNOWN,UNKNOWN,UNKNOWN,UNKNOWN,UNKNOWN,false
akif,https://www.ankaraakifnakliyat.com/blog/pursaklar-evden-eve-nakliyat-rehberi-fiyatlari,blog_post,IMPROVE,200,true,421,0.0121,0.4976,0.8710,https://www.ankaraakifnakliyat.com/blog/kahramankazan-evden-eve-nakliyat-rehberi-fiyatlari,false,false,false,1,22,Pursaklar Evden Eve Nakliyat Rehberi ve 2026 Fiyatları | Akif Nakliyat,Pursaklar Evden Eve Nakliyat Rehberi ve 2026 Fiyatları,https://www.ankaraakifnakliyat.com/blog/pursaklar-evden-eve-nakliyat-rehberi-fiyatlari/,UNKNOWN,UNKNOWN,UNKNOWN,UNKNOWN,UNKNOWN,false
akif,https://www.ankaraakifnakliyat.com/blog/altindag-evden-eve-nakliyat-rehberi-fiyatlari,blog_post,IMPROVE,200,true,422,0.0120,0.4988,0.6150,https://www.ankaraakifnakliyat.com/blog/haymana-evden-eve-nakliyat-rehberi-fiyatlari,false,false,false,1,22,Altındağ Evden Eve Nakliyat Rehberi ve 2026 Fiyatları | Akif Nakliyat,Altındağ Evden Eve Nakliyat Rehberi ve 2026 Fiyatları,https://www.ankaraakifnakliyat.com/blog/altindag-evden-eve-nakliyat-rehberi-fiyatlari/,UNKNOWN,UNKNOWN,UNKNOWN,UNKNOWN,UNKNOWN,false
akif,https://www.ankaraakifnakliyat.com/blog/polatli-evden-eve-nakliyat-rehberi-fiyatlari,blog_post,IMPROVE,200,true,418,0.0122,0.4939,0.6196,https://www.ankaraakifnakliyat.com/blog/haymana-evden-eve-nakliyat-rehberi-fiyatlari,false,false,false,1,22,Polatlı Evden Eve Nakliyat Rehberi ve 2026 Fiyatları | Akif Nakliyat,Polatlı Evden Eve Nakliyat Rehberi ve 2026 Fiyatları,https://www.ankaraakifnakliyat.com/blog/polatli-evden-eve-nakliyat-rehberi-fiyatlari/,UNKNOWN,UNKNOWN,UNKNOWN,UNKNOWN,UNKNOWN,false
akif,https://www.ankaraakifnakliyat.com/blog/cubuk-evden-eve-nakliyat-rehberi-fiyatlari,blog_post,IMPROVE,200,true,417,0.0122,0.4927,0.6212,https://www.ankaraakifnakliyat.com/blog/haymana-evden-eve-nakliyat-rehberi-fiyatlari,false,false,false,1,22,Çubuk Evden Eve Nakliyat Rehberi ve 2026 Fiyatları | Akif Nakliyat,Çubuk Evden Eve Nakliyat Rehberi ve 2026 Fiyatları,https://www.ankaraakifnakliyat.com/blog/cubuk-evden-eve-nakliyat-rehberi-fiyatlari/,UNKNOWN,UNKNOWN,UNKNOWN,UNKNOWN,UNKNOWN,false
akif,https://www.ankaraakifnakliyat.com/blog/kahramankazan-evden-eve-nakliyat-rehberi-fiyatlari,blog_post,IMPROVE,200,true,418,0.0122,0.4939,0.8643,https://www.ankaraakifnakliyat.com/blog/haymana-evden-eve-nakliyat-rehberi-fiyatlari,false,false,false,1,22,Kahramankazan Evden Eve Nakliyat Rehberi ve 2026 Fiyatları | Akif Nakliyat,Kahramankazan Evden Eve Nakliyat Rehberi ve 2026 Fiyatları,https://www.ankaraakifnakliyat.com/blog/kahramankazan-evden-eve-nakliyat-rehberi-fiyatlari/,UNKNOWN,UNKNOWN,UNKNOWN,UNKNOWN,UNKNOWN,false
akif,https://www.ankaraakifnakliyat.com/blog/beypazari-evden-eve-nakliyat-rehberi-fiyatlari,blog_post,IMPROVE,200,true,415,0.0123,0.4902,0.6269,https://www.ankaraakifnakliyat.com/blog/kalecik-evden-eve-nakliyat-rehberi-fiyatlari,false,false,false,1,22,Beypazarı Evden Eve Nakliyat Rehberi ve 2026 Fiyatları | Akif Nakliyat,Beypazarı Evden Eve Nakliyat Rehberi ve 2026 Fiyatları,https://www.ankaraakifnakliyat.com/blog/beypazari-evden-eve-nakliyat-rehberi-fiyatlari/,UNKNOWN,UNKNOWN,UNKNOWN,UNKNOWN,UNKNOWN,false
akif,https://www.ankaraakifnakliyat.com/blog/elmadag-evden-eve-nakliyat-rehberi-fiyatlari,blog_post,IMPROVE,200,true,414,0.0123,0.4889,0.6260,https://www.ankaraakifnakliyat.com/blog/haymana-evden-eve-nakliyat-rehberi-fiyatlari,false,false,false,1,22,Elmadağ Evden Eve Nakliyat Rehberi ve 2026 Fiyatları | Akif Nakliyat,Elmadağ Evden Eve Nakliyat Rehberi ve 2026 Fiyatları,https://www.ankaraakifnakliyat.com/blog/elmadag-evden-eve-nakliyat-rehberi-fiyatlari/,UNKNOWN,UNKNOWN,UNKNOWN,UNKNOWN,UNKNOWN,false
akif,https://www.ankaraakifnakliyat.com/blog/akyurt-evden-eve-nakliyat-rehberi-fiyatlari,blog_post,IMPROVE,200,true,415,0.0123,0.4902,0.8720,https://www.ankaraakifnakliyat.com/blog/haymana-evden-eve-nakliyat-rehberi-fiyatlari,false,false,false,1,22,Akyurt Evden Eve Nakliyat Rehberi ve 2026 Fiyatları | Akif Nakliyat,Akyurt Evden Eve Nakliyat Rehberi ve 2026 Fiyatları,https://www.ankaraakifnakliyat.com/blog/akyurt-evden-eve-nakliyat-rehberi-fiyatlari/,UNKNOWN,UNKNOWN,UNKNOWN,UNKNOWN,UNKNOWN,false
akif,https://www.ankaraakifnakliyat.com/blog/nallihan-evden-eve-nakliyat-rehberi-fiyatlari,blog_post,IMPROVE,200,true,417,0.0122,0.4927,0.6212,https://www.ankaraakifnakliyat.com/blog/haymana-evden-eve-nakliyat-rehberi-fiyatlari,false,false,false,0,22,Nallıhan Evden Eve Nakliyat Rehberi ve 2026 Fiyatları | Akif Nakliyat,Nallıhan Evden Eve Nakliyat Rehberi ve 2026 Fiyatları,https://www.ankaraakifnakliyat.com/blog/nallihan-evden-eve-nakliyat-rehberi-fiyatlari/,UNKNOWN,UNKNOWN,UNKNOWN,UNKNOWN,UNKNOWN,false
akif,https://www.ankaraakifnakliyat.com/blog/haymana-evden-eve-nakliyat-rehberi-fiyatlari,blog_post,IMPROVE,200,true,414,0.0123,0.4889,0.8802,https://www.ankaraakifnakliyat.com/blog/evren-evden-eve-nakliyat-rehberi-fiyatlari,false,false,false,0,22,Haymana Evden Eve Nakliyat Rehberi ve 2026 Fiyatları | Akif Nakliyat,Haymana Evden Eve Nakliyat Rehberi ve 2026 Fiyatları,https://www.ankaraakifnakliyat.com/blog/haymana-evden-eve-nakliyat-rehberi-fiyatlari/,UNKNOWN,UNKNOWN,UNKNOWN,UNKNOWN,UNKNOWN,false
akif,https://www.ankaraakifnakliyat.com/blog/kizilcahamam-evden-eve-nakliyat-rehberi-fiyatlari,blog_post,IMPROVE,200,true,414,0.0123,0.4889,0.6260,https://www.ankaraakifnakliyat.com/blog/evren-evden-eve-nakliyat-rehberi-fiyatlari,false,false,false,0,22,Kızılcahamam Evden Eve Nakliyat Rehberi ve 2026 Fiyatları | Akif Nakliyat,Kızılcahamam Evden Eve Nakliyat Rehberi ve 2026 Fiyatları,https://www.ankaraakifnakliyat.com/blog/kizilcahamam-evden-eve-nakliyat-rehberi-fiyatlari/,UNKNOWN,UNKNOWN,UNKNOWN,UNKNOWN,UNKNOWN,false
akif,https://www.ankaraakifnakliyat.com/blog/bala-evden-eve-nakliyat-rehberi-fiyatlari,blog_post,IMPROVE,200,true,415,0.0123,0.4902,0.8720,https://www.ankaraakifnakliyat.com/blog/evren-evden-eve-nakliyat-rehberi-fiyatlari,false,false,false,0,22,Bala Evden Eve Nakliyat Rehberi ve 2026 Fiyatları | Akif Nakliyat,Bala Evden Eve Nakliyat Rehberi ve 2026 Fiyatları,https://www.ankaraakifnakliyat.com/blog/bala-evden-eve-nakliyat-rehberi-fiyatlari/,UNKNOWN,UNKNOWN,UNKNOWN,UNKNOWN,UNKNOWN,false
akif,https://www.ankaraakifnakliyat.com/blog/kalecik-evden-eve-nakliyat-rehberi-fiyatlari,blog_post,IMPROVE,200,true,415,0.0123,0.4902,0.8720,https://www.ankaraakifnakliyat.com/blog/evren-evden-eve-nakliyat-rehberi-fiyatlari,false,false,false,0,22,Kalecik Evden Eve Nakliyat Rehberi ve 2026 Fiyatları | Akif Nakliyat,Kalecik Evden Eve Nakliyat Rehberi ve 2026 Fiyatları,https://www.ankaraakifnakliyat.com/blog/kalecik-evden-eve-nakliyat-rehberi-fiyatlari/,UNKNOWN,UNKNOWN,UNKNOWN,UNKNOWN,UNKNOWN,false
akif,https://www.ankaraakifnakliyat.com/blog/ayas-evden-eve-nakliyat-rehberi-fiyatlari,blog_post,IMPROVE,200,true,415,0.0123,0.4902,0.6244,https://www.ankaraakifnakliyat.com/blog/evren-evden-eve-nakliyat-rehberi-fiyatlari,false,false,false,0,22,Ayaş Evden Eve Nakliyat Rehberi ve 2026 Fiyatları | Akif Nakliyat,Ayaş Evden Eve Nakliyat Rehberi ve 2026 Fiyatları,https://www.ankaraakifnakliyat.com/blog/ayas-evden-eve-nakliyat-rehberi-fiyatlari/,UNKNOWN,UNKNOWN,UNKNOWN,UNKNOWN,UNKNOWN,false
akif,https://www.ankaraakifnakliyat.com/blog/camlidere-evden-eve-nakliyat-rehberi-fiyatlari,blog_post,IMPROVE,200,true,415,0.0123,0.4902,0.6244,https://www.ankaraakifnakliyat.com/blog/evren-evden-eve-nakliyat-rehberi-fiyatlari,false,false,false,0,22,Çamlıdere Evden Eve Nakliyat Rehberi ve 2026 Fiyatları | Akif Nakliyat,Çamlıdere Evden Eve Nakliyat Rehberi ve 2026 Fiyatları,https://www.ankaraakifnakliyat.com/blog/camlidere-evden-eve-nakliyat-rehberi-fiyatlari/,UNKNOWN,UNKNOWN,UNKNOWN,UNKNOWN,UNKNOWN,false
akif,https://www.ankaraakifnakliyat.com/blog/gudul-evden-eve-nakliyat-rehberi-fiyatlari,blog_post,IMPROVE,200,true,416,0.0122,0.4914,0.6228,https://www.ankaraakifnakliyat.com/blog/evren-evden-eve-nakliyat-rehberi-fiyatlari,false,false,false,0,22,Güdül Evden Eve Nakliyat Rehberi ve 2026 Fiyatları | Akif Nakliyat,Güdül Evden Eve Nakliyat Rehberi ve 2026 Fiyatları,https://www.ankaraakifnakliyat.com/blog/gudul-evden-eve-nakliyat-rehberi-fiyatlari/,UNKNOWN,UNKNOWN,UNKNOWN,UNKNOWN,UNKNOWN,false
akif,https://www.ankaraakifnakliyat.com/blog/evren-evden-eve-nakliyat-rehberi-fiyatlari,blog_post,IMPROVE,200,true,413,0.0123,0.4877,0.6165,https://www.ankaraakifnakliyat.com/blog/sereflikochisar-evden-eve-nakliyat-rehberi-fiyatlari,false,false,false,0,22,Evren Evden Eve Nakliyat Rehberi ve 2026 Fiyatları | Akif Nakliyat,Evren Evden Eve Nakliyat Rehberi ve 2026 Fiyatları,https://www.ankaraakifnakliyat.com/blog/evren-evden-eve-nakliyat-rehberi-fiyatlari/,UNKNOWN,UNKNOWN,UNKNOWN,UNKNOWN,UNKNOWN,false
akif,https://www.ankaraakifnakliyat.com/blog/sereflikochisar-evden-eve-nakliyat-rehberi-fiyatlari,blog_post,IMPROVE,200,true,420,0.0121,0.4964,0.0128,https://www.ankaraakifnakliyat.com/blog/sereflikochisar-asansorlu-ve-sigortali-tasimacilik-hizmetleri,false,false,false,0,22,Şereflikoçhisar Evden Eve Nakliyat Rehberi ve 2026 Fiyatları | Akif Nakliyat,Şereflikoçhisar Evden Eve Nakliyat Rehberi ve 2026 Fiyatları,https://www.ankaraakifnakliyat.com/blog/sereflikochisar-evden-eve-nakliyat-rehberi-fiyatlari/,UNKNOWN,UNKNOWN,UNKNOWN,UNKNOWN,UNKNOWN,false
akif,https://www.ankaraakifnakliyat.com/blog/cankaya-asansorlu-ve-sigortali-tasimacilik-hizmetleri,blog_post,IMPROVE,200,true,283,0.0184,0.3603,0.7711,https://www.ankaraakifnakliyat.com/blog/yenimahalle-asansorlu-ve-sigortali-tasimacilik-hizmetleri,false,false,false,25,22,Çankaya Asansörlü ve Sigortalı Taşımacılık Hizmetleri | Akif Nakliyat,Çankaya Asansörlü ve Sigortalı Taşımacılık Hizmetleri,https://www.ankaraakifnakliyat.com/blog/cankaya-asansorlu-ve-sigortali-tasimacilik-hizmetleri/,UNKNOWN,UNKNOWN,UNKNOWN,UNKNOWN,UNKNOWN,false
akif,https://www.ankaraakifnakliyat.com/blog/kecioren-asansorlu-ve-sigortali-tasimacilik-hizmetleri,blog_post,IMPROVE,200,true,283,0.0184,0.3603,0.7711,https://www.ankaraakifnakliyat.com/blog/yenimahalle-asansorlu-ve-sigortali-tasimacilik-hizmetleri,false,false,false,25,22,Keçiören Asansörlü ve Sigortalı Taşımacılık Hizmetleri | Akif Nakliyat,Keçiören Asansörlü ve Sigortalı Taşımacılık Hizmetleri,https://www.ankaraakifnakliyat.com/blog/kecioren-asansorlu-ve-sigortali-tasimacilik-hizmetleri/,UNKNOWN,UNKNOWN,UNKNOWN,UNKNOWN,UNKNOWN,false
akif,https://www.ankaraakifnakliyat.com/blog/yenimahalle-asansorlu-ve-sigortali-tasimacilik-hizmetleri,blog_post,MERGE,200,true,283,0.0184,0.3603,1.0000,https://www.ankaraakifnakliyat.com/blog/mamak-asansorlu-ve-sigortali-tasimacilik-hizmetleri,false,true,false,25,22,Yenimahalle Asansörlü ve Sigortalı Taşımacılık Hizmetleri | Akif Nakliyat,Yenimahalle Asansörlü ve Sigortalı Taşımacılık Hizmetleri,https://www.ankaraakifnakliyat.com/blog/yenimahalle-asansorlu-ve-sigortali-tasimacilik-hizmetleri/,UNKNOWN,UNKNOWN,UNKNOWN,UNKNOWN,UNKNOWN,false
akif,https://www.ankaraakifnakliyat.com/blog/mamak-asansorlu-ve-sigortali-tasimacilik-hizmetleri,blog_post,MERGE,200,true,283,0.0184,0.3603,1.0000,https://www.ankaraakifnakliyat.com/blog/etimesgut-asansorlu-ve-sigortali-tasimacilik-hizmetleri,false,true,false,3,22,Mamak Asansörlü ve Sigortalı Taşımacılık Hizmetleri | Akif Nakliyat,Mamak Asansörlü ve Sigortalı Taşımacılık Hizmetleri,https://www.ankaraakifnakliyat.com/blog/mamak-asansorlu-ve-sigortali-tasimacilik-hizmetleri/,UNKNOWN,UNKNOWN,UNKNOWN,UNKNOWN,UNKNOWN,false
akif,https://www.ankaraakifnakliyat.com/blog/etimesgut-asansorlu-ve-sigortali-tasimacilik-hizmetleri,blog_post,MERGE,200,true,283,0.0184,0.3603,1.0000,https://www.ankaraakifnakliyat.com/blog/sincan-asansorlu-ve-sigortali-tasimacilik-hizmetleri,false,true,false,0,22,Etimesgut Asansörlü ve Sigortalı Taşımacılık Hizmetleri | Akif Nakliyat,Etimesgut Asansörlü ve Sigortalı Taşımacılık Hizmetleri,https://www.ankaraakifnakliyat.com/blog/etimesgut-asansorlu-ve-sigortali-tasimacilik-hizmetleri/,UNKNOWN,UNKNOWN,UNKNOWN,UNKNOWN,UNKNOWN,false
akif,https://www.ankaraakifnakliyat.com/blog/sincan-asansorlu-ve-sigortali-tasimacilik-hizmetleri,blog_post,MERGE,200,true,283,0.0184,0.3603,1.0000,https://www.ankaraakifnakliyat.com/blog/pursaklar-asansorlu-ve-sigortali-tasimacilik-hizmetleri,false,true,false,0,22,Sincan Asansörlü ve Sigortalı Taşımacılık Hizmetleri | Akif Nakliyat,Sincan Asansörlü ve Sigortalı Taşımacılık Hizmetleri,https://www.ankaraakifnakliyat.com/blog/sincan-asansorlu-ve-sigortali-tasimacilik-hizmetleri/,UNKNOWN,UNKNOWN,UNKNOWN,UNKNOWN,UNKNOWN,false
akif,https://www.ankaraakifnakliyat.com/blog/golbasi-asansorlu-ve-sigortali-tasimacilik-hizmetleri,blog_post,IMPROVE,200,true,283,0.0184,0.3603,0.7711,https://www.ankaraakifnakliyat.com/blog/pursaklar-asansorlu-ve-sigortali-tasimacilik-hizmetleri,false,false,false,0,22,Gölbaşı Asansörlü ve Sigortalı Taşımacılık Hizmetleri | Akif Nakliyat,Gölbaşı Asansörlü ve Sigortalı Taşımacılık Hizmetleri,https://www.ankaraakifnakliyat.com/blog/golbasi-asansorlu-ve-sigortali-tasimacilik-hizmetleri/,UNKNOWN,UNKNOWN,UNKNOWN,UNKNOWN,UNKNOWN,false
akif,https://www.ankaraakifnakliyat.com/blog/pursaklar-asansorlu-ve-sigortali-tasimacilik-hizmetleri,blog_post,MERGE,200,true,283,0.0184,0.3603,1.0000,https://www.ankaraakifnakliyat.com/blog/kahramankazan-asansorlu-ve-sigortali-tasimacilik-hizmetleri,false,true,false,0,22,Pursaklar Asansörlü ve Sigortalı Taşımacılık Hizmetleri | Akif Nakliyat,Pursaklar Asansörlü ve Sigortalı Taşımacılık Hizmetleri,https://www.ankaraakifnakliyat.com/blog/pursaklar-asansorlu-ve-sigortali-tasimacilik-hizmetleri/,UNKNOWN,UNKNOWN,UNKNOWN,UNKNOWN,UNKNOWN,false
akif,https://www.ankaraakifnakliyat.com/blog/altindag-asansorlu-ve-sigortali-tasimacilik-hizmetleri,blog_post,IMPROVE,200,true,283,0.0184,0.3603,0.7711,https://www.ankaraakifnakliyat.com/blog/kahramankazan-asansorlu-ve-sigortali-tasimacilik-hizmetleri,false,false,false,0,22,Altındağ Asansörlü ve Sigortalı Taşımacılık Hizmetleri | Akif Nakliyat,Altındağ Asansörlü ve Sigortalı Taşımacılık Hizmetleri,https://www.ankaraakifnakliyat.com/blog/altindag-asansorlu-ve-sigortali-tasimacilik-hizmetleri/,UNKNOWN,UNKNOWN,UNKNOWN,UNKNOWN,UNKNOWN,false
akif,https://www.ankaraakifnakliyat.com/blog/polatli-asansorlu-ve-sigortali-tasimacilik-hizmetleri,blog_post,IMPROVE,200,true,283,0.0184,0.3603,0.7711,https://www.ankaraakifnakliyat.com/blog/kahramankazan-asansorlu-ve-sigortali-tasimacilik-hizmetleri,false,false,false,0,22,Polatlı Asansörlü ve Sigortalı Taşımacılık Hizmetleri | Akif Nakliyat,Polatlı Asansörlü ve Sigortalı Taşımacılık Hizmetleri,https://www.ankaraakifnakliyat.com/blog/polatli-asansorlu-ve-sigortali-tasimacilik-hizmetleri/,UNKNOWN,UNKNOWN,UNKNOWN,UNKNOWN,UNKNOWN,false
akif,https://www.ankaraakifnakliyat.com/blog/cubuk-asansorlu-ve-sigortali-tasimacilik-hizmetleri,blog_post,IMPROVE,200,true,283,0.0184,0.3603,0.7711,https://www.ankaraakifnakliyat.com/blog/kahramankazan-asansorlu-ve-sigortali-tasimacilik-hizmetleri,false,false,false,0,22,Çubuk Asansörlü ve Sigortalı Taşımacılık Hizmetleri | Akif Nakliyat,Çubuk Asansörlü ve Sigortalı Taşımacılık Hizmetleri,https://www.ankaraakifnakliyat.com/blog/cubuk-asansorlu-ve-sigortali-tasimacilik-hizmetleri/,UNKNOWN,UNKNOWN,UNKNOWN,UNKNOWN,UNKNOWN,false
akif,https://www.ankaraakifnakliyat.com/blog/kahramankazan-asansorlu-ve-sigortali-tasimacilik-hizmetleri,blog_post,MERGE,200,true,283,0.0184,0.3603,1.0000,https://www.ankaraakifnakliyat.com/blog/akyurt-asansorlu-ve-sigortali-tasimacilik-hizmetleri,false,true,false,0,22,Kahramankazan Asansörlü ve Sigortalı Taşımacılık Hizmetleri | Akif Nakliyat,Kahramankazan Asansörlü ve Sigortalı Taşımacılık Hizmetleri,https://www.ankaraakifnakliyat.com/blog/kahramankazan-asansorlu-ve-sigortali-tasimacilik-hizmetleri/,UNKNOWN,UNKNOWN,UNKNOWN,UNKNOWN,UNKNOWN,false
akif,https://www.ankaraakifnakliyat.com/blog/beypazari-asansorlu-ve-sigortali-tasimacilik-hizmetleri,blog_post,IMPROVE,200,true,283,0.0184,0.3603,0.7711,https://www.ankaraakifnakliyat.com/blog/akyurt-asansorlu-ve-sigortali-tasimacilik-hizmetleri,false,false,false,0,22,Beypazarı Asansörlü ve Sigortalı Taşımacılık Hizmetleri | Akif Nakliyat,Beypazarı Asansörlü ve Sigortalı Taşımacılık Hizmetleri,https://www.ankaraakifnakliyat.com/blog/beypazari-asansorlu-ve-sigortali-tasimacilik-hizmetleri/,UNKNOWN,UNKNOWN,UNKNOWN,UNKNOWN,UNKNOWN,false
akif,https://www.ankaraakifnakliyat.com/blog/elmadag-asansorlu-ve-sigortali-tasimacilik-hizmetleri,blog_post,IMPROVE,200,true,283,0.0184,0.3603,0.7711,https://www.ankaraakifnakliyat.com/blog/akyurt-asansorlu-ve-sigortali-tasimacilik-hizmetleri,false,false,false,0,22,Elmadağ Asansörlü ve Sigortalı Taşımacılık Hizmetleri | Akif Nakliyat,Elmadağ Asansörlü ve Sigortalı Taşımacılık Hizmetleri,https://www.ankaraakifnakliyat.com/blog/elmadag-asansorlu-ve-sigortali-tasimacilik-hizmetleri/,UNKNOWN,UNKNOWN,UNKNOWN,UNKNOWN,UNKNOWN,false
akif,https://www.ankaraakifnakliyat.com/blog/akyurt-asansorlu-ve-sigortali-tasimacilik-hizmetleri,blog_post,MERGE,200,true,283,0.0184,0.3603,1.0000,https://www.ankaraakifnakliyat.com/blog/haymana-asansorlu-ve-sigortali-tasimacilik-hizmetleri,false,true,false,0,22,Akyurt Asansörlü ve Sigortalı Taşımacılık Hizmetleri | Akif Nakliyat,Akyurt Asansörlü ve Sigortalı Taşımacılık Hizmetleri,https://www.ankaraakifnakliyat.com/blog/akyurt-asansorlu-ve-sigortali-tasimacilik-hizmetleri/,UNKNOWN,UNKNOWN,UNKNOWN,UNKNOWN,UNKNOWN,false
akif,https://www.ankaraakifnakliyat.com/blog/nallihan-asansorlu-ve-sigortali-tasimacilik-hizmetleri,blog_post,IMPROVE,200,true,283,0.0184,0.3603,0.7711,https://www.ankaraakifnakliyat.com/blog/haymana-asansorlu-ve-sigortali-tasimacilik-hizmetleri,false,false,false,0,22,Nallıhan Asansörlü ve Sigortalı Taşımacılık Hizmetleri | Akif Nakliyat,Nallıhan Asansörlü ve Sigortalı Taşımacılık Hizmetleri,https://www.ankaraakifnakliyat.com/blog/nallihan-asansorlu-ve-sigortali-tasimacilik-hizmetleri/,UNKNOWN,UNKNOWN,UNKNOWN,UNKNOWN,UNKNOWN,false
akif,https://www.ankaraakifnakliyat.com/blog/haymana-asansorlu-ve-sigortali-tasimacilik-hizmetleri,blog_post,MERGE,200,true,283,0.0184,0.3603,1.0000,https://www.ankaraakifnakliyat.com/blog/bala-asansorlu-ve-sigortali-tasimacilik-hizmetleri,false,true,false,0,22,Haymana Asansörlü ve Sigortalı Taşımacılık Hizmetleri | Akif Nakliyat,Haymana Asansörlü ve Sigortalı Taşımacılık Hizmetleri,https://www.ankaraakifnakliyat.com/blog/haymana-asansorlu-ve-sigortali-tasimacilik-hizmetleri/,UNKNOWN,UNKNOWN,UNKNOWN,UNKNOWN,UNKNOWN,false
akif,https://www.ankaraakifnakliyat.com/blog/kizilcahamam-asansorlu-ve-sigortali-tasimacilik-hizmetleri,blog_post,IMPROVE,200,true,283,0.0184,0.3603,0.7711,https://www.ankaraakifnakliyat.com/blog/bala-asansorlu-ve-sigortali-tasimacilik-hizmetleri,false,false,false,0,22,Kızılcahamam Asansörlü ve Sigortalı Taşımacılık Hizmetleri | Akif Nakliyat,Kızılcahamam Asansörlü ve Sigortalı Taşımacılık Hizmetleri,https://www.ankaraakifnakliyat.com/blog/kizilcahamam-asansorlu-ve-sigortali-tasimacilik-hizmetleri/,UNKNOWN,UNKNOWN,UNKNOWN,UNKNOWN,UNKNOWN,false
akif,https://www.ankaraakifnakliyat.com/blog/bala-asansorlu-ve-sigortali-tasimacilik-hizmetleri,blog_post,MERGE,200,true,283,0.0184,0.3603,1.0000,https://www.ankaraakifnakliyat.com/blog/kalecik-asansorlu-ve-sigortali-tasimacilik-hizmetleri,false,true,false,0,22,Bala Asansörlü ve Sigortalı Taşımacılık Hizmetleri | Akif Nakliyat,Bala Asansörlü ve Sigortalı Taşımacılık Hizmetleri,https://www.ankaraakifnakliyat.com/blog/bala-asansorlu-ve-sigortali-tasimacilik-hizmetleri/,UNKNOWN,UNKNOWN,UNKNOWN,UNKNOWN,UNKNOWN,false
akif,https://www.ankaraakifnakliyat.com/blog/kalecik-asansorlu-ve-sigortali-tasimacilik-hizmetleri,blog_post,MERGE,200,true,283,0.0184,0.3603,1.0000,https://www.ankaraakifnakliyat.com/blog/evren-asansorlu-ve-sigortali-tasimacilik-hizmetleri,false,true,false,0,22,Kalecik Asansörlü ve Sigortalı Taşımacılık Hizmetleri | Akif Nakliyat,Kalecik Asansörlü ve Sigortalı Taşımacılık Hizmetleri,https://www.ankaraakifnakliyat.com/blog/kalecik-asansorlu-ve-sigortali-tasimacilik-hizmetleri/,UNKNOWN,UNKNOWN,UNKNOWN,UNKNOWN,UNKNOWN,false
akif,https://www.ankaraakifnakliyat.com/blog/ayas-asansorlu-ve-sigortali-tasimacilik-hizmetleri,blog_post,IMPROVE,200,true,283,0.0184,0.3603,0.7711,https://www.ankaraakifnakliyat.com/blog/evren-asansorlu-ve-sigortali-tasimacilik-hizmetleri,false,false,false,0,22,Ayaş Asansörlü ve Sigortalı Taşımacılık Hizmetleri | Akif Nakliyat,Ayaş Asansörlü ve Sigortalı Taşımacılık Hizmetleri,https://www.ankaraakifnakliyat.com/blog/ayas-asansorlu-ve-sigortali-tasimacilik-hizmetleri/,UNKNOWN,UNKNOWN,UNKNOWN,UNKNOWN,UNKNOWN,false
akif,https://www.ankaraakifnakliyat.com/blog/camlidere-asansorlu-ve-sigortali-tasimacilik-hizmetleri,blog_post,IMPROVE,200,true,283,0.0184,0.3603,0.7711,https://www.ankaraakifnakliyat.com/blog/evren-asansorlu-ve-sigortali-tasimacilik-hizmetleri,false,false,false,0,22,Çamlıdere Asansörlü ve Sigortalı Taşımacılık Hizmetleri | Akif Nakliyat,Çamlıdere Asansörlü ve Sigortalı Taşımacılık Hizmetleri,https://www.ankaraakifnakliyat.com/blog/camlidere-asansorlu-ve-sigortali-tasimacilik-hizmetleri/,UNKNOWN,UNKNOWN,UNKNOWN,UNKNOWN,UNKNOWN,false
akif,https://www.ankaraakifnakliyat.com/blog/gudul-asansorlu-ve-sigortali-tasimacilik-hizmetleri,blog_post,IMPROVE,200,true,283,0.0184,0.3603,0.7711,https://www.ankaraakifnakliyat.com/blog/evren-asansorlu-ve-sigortali-tasimacilik-hizmetleri,false,false,false,0,22,Güdül Asansörlü ve Sigortalı Taşımacılık Hizmetleri | Akif Nakliyat,Güdül Asansörlü ve Sigortalı Taşımacılık Hizmetleri,https://www.ankaraakifnakliyat.com/blog/gudul-asansorlu-ve-sigortali-tasimacilik-hizmetleri/,UNKNOWN,UNKNOWN,UNKNOWN,UNKNOWN,UNKNOWN,false
akif,https://www.ankaraakifnakliyat.com/blog/evren-asansorlu-ve-sigortali-tasimacilik-hizmetleri,blog_post,IMPROVE,200,true,283,0.0184,0.3603,0.7711,https://www.ankaraakifnakliyat.com/blog/sereflikochisar-asansorlu-ve-sigortali-tasimacilik-hizmetleri,false,false,false,0,22,Evren Asansörlü ve Sigortalı Taşımacılık Hizmetleri | Akif Nakliyat,Evren Asansörlü ve Sigortalı Taşımacılık Hizmetleri,https://www.ankaraakifnakliyat.com/blog/evren-asansorlu-ve-sigortali-tasimacilik-hizmetleri/,UNKNOWN,UNKNOWN,UNKNOWN,UNKNOWN,UNKNOWN,false
akif,https://www.ankaraakifnakliyat.com/blog/sereflikochisar-asansorlu-ve-sigortali-tasimacilik-hizmetleri,blog_post,IMPROVE,200,true,283,0.0184,0.3603,0.0142,https://www.ankaraakifnakliyat.com/blog/ankara-gaziantep-sehirler-arasi-nakliyat,false,false,false,0,22,Şereflikoçhisar Asansörlü ve Sigortalı Taşımacılık Hizmetleri | Akif Nakliyat,Şereflikoçhisar Asansörlü ve Sigortalı Taşımacılık Hizmetleri,https://www.ankaraakifnakliyat.com/blog/sereflikochisar-asansorlu-ve-sigortali-tasimacilik-hizmetleri/,UNKNOWN,UNKNOWN,UNKNOWN,UNKNOWN,UNKNOWN,false
akif,https://www.ankaraakifnakliyat.com/blog/ankara-istanbul-sehirler-arasi-nakliyat,blog_post,IMPROVE,200,true,275,0.0187,0.5187,0.7797,https://www.ankaraakifnakliyat.com/blog/ankara-mersin-sehirler-arasi-nakliyat,false,false,false,14,22,Ankara - İstanbul Şehirler Arası Evden Eve Nakliyat Rehberi | Akif Nakliyat,Ankara - İstanbul Şehirler Arası Evden Eve Nakliyat Rehberi,https://www.ankaraakifnakliyat.com/blog/ankara-istanbul-sehirler-arasi-nakliyat/,UNKNOWN,UNKNOWN,UNKNOWN,UNKNOWN,UNKNOWN,false
akif,https://www.ankaraakifnakliyat.com/blog/ankara-izmir-sehirler-arasi-nakliyat,blog_post,IMPROVE,200,true,275,0.0187,0.6045,0.7190,https://www.ankaraakifnakliyat.com/blog/ankara-gaziantep-sehirler-arasi-nakliyat,false,false,false,14,22,Ankara - İzmir Şehirler Arası Evden Eve Nakliyat Rehberi | Akif Nakliyat,Ankara - İzmir Şehirler Arası Evden Eve Nakliyat Rehberi,https://www.ankaraakifnakliyat.com/blog/ankara-izmir-sehirler-arasi-nakliyat/,UNKNOWN,UNKNOWN,UNKNOWN,UNKNOWN,UNKNOWN,false
akif,https://www.ankaraakifnakliyat.com/blog/ankara-antalya-sehirler-arasi-nakliyat,blog_post,IMPROVE,200,true,273,0.0188,0.6015,0.7574,https://www.ankaraakifnakliyat.com/blog/ankara-gaziantep-sehirler-arasi-nakliyat,false,false,false,14,22,Ankara - Antalya Şehirler Arası Evden Eve Nakliyat Rehberi | Akif Nakliyat,Ankara - Antalya Şehirler Arası Evden Eve Nakliyat Rehberi,https://www.ankaraakifnakliyat.com/blog/ankara-antalya-sehirler-arasi-nakliyat/,UNKNOWN,UNKNOWN,UNKNOWN,UNKNOWN,UNKNOWN,false
akif,https://www.ankaraakifnakliyat.com/blog/ankara-bursa-sehirler-arasi-nakliyat,blog_post,IMPROVE,200,true,273,0.0188,0.6015,0.7426,https://www.ankaraakifnakliyat.com/blog/ankara-gaziantep-sehirler-arasi-nakliyat,false,false,false,3,22,Ankara - Bursa Şehirler Arası Evden Eve Nakliyat Rehberi | Akif Nakliyat,Ankara - Bursa Şehirler Arası Evden Eve Nakliyat Rehberi,https://www.ankaraakifnakliyat.com/blog/ankara-bursa-sehirler-arasi-nakliyat/,UNKNOWN,UNKNOWN,UNKNOWN,UNKNOWN,UNKNOWN,false
akif,https://www.ankaraakifnakliyat.com/blog/ankara-adana-sehirler-arasi-nakliyat,blog_post,IMPROVE,200,true,272,0.0189,0.5132,0.8210,https://www.ankaraakifnakliyat.com/blog/ankara-mersin-sehirler-arasi-nakliyat,false,false,false,0,22,Ankara - Adana Şehirler Arası Evden Eve Nakliyat Rehberi | Akif Nakliyat,Ankara - Adana Şehirler Arası Evden Eve Nakliyat Rehberi,https://www.ankaraakifnakliyat.com/blog/ankara-adana-sehirler-arasi-nakliyat/,UNKNOWN,UNKNOWN,UNKNOWN,UNKNOWN,UNKNOWN,false
akif,https://www.ankaraakifnakliyat.com/blog/ankara-mersin-sehirler-arasi-nakliyat,blog_post,IMPROVE,200,true,272,0.0189,0.5132,0.7458,https://www.ankaraakifnakliyat.com/blog/ankara-gaziantep-sehirler-arasi-nakliyat,false,false,false,0,22,Ankara - Mersin Şehirler Arası Evden Eve Nakliyat Rehberi | Akif Nakliyat,Ankara - Mersin Şehirler Arası Evden Eve Nakliyat Rehberi,https://www.ankaraakifnakliyat.com/blog/ankara-mersin-sehirler-arasi-nakliyat/,UNKNOWN,UNKNOWN,UNKNOWN,UNKNOWN,UNKNOWN,false
akif,https://www.ankaraakifnakliyat.com/blog/ankara-konya-sehirler-arasi-nakliyat,blog_post,IMPROVE,200,true,273,0.0188,0.6015,0.7489,https://www.ankaraakifnakliyat.com/blog/ankara-gaziantep-sehirler-arasi-nakliyat,false,false,false,0,22,Ankara - Konya Şehirler Arası Evden Eve Nakliyat Rehberi | Akif Nakliyat,Ankara - Konya Şehirler Arası Evden Eve Nakliyat Rehberi,https://www.ankaraakifnakliyat.com/blog/ankara-konya-sehirler-arasi-nakliyat/,UNKNOWN,UNKNOWN,UNKNOWN,UNKNOWN,UNKNOWN,false
akif,https://www.ankaraakifnakliyat.com/blog/ankara-eskisehir-sehirler-arasi-nakliyat,blog_post,IMPROVE,200,true,275,0.0187,0.6045,0.5271,https://www.ankaraakifnakliyat.com/blog/ankara-gaziantep-sehirler-arasi-nakliyat,false,false,false,0,22,Ankara - Eskişehir Şehirler Arası Evden Eve Nakliyat Rehberi | Akif Nakliyat,Ankara - Eskişehir Şehirler Arası Evden Eve Nakliyat Rehberi,https://www.ankaraakifnakliyat.com/blog/ankara-eskisehir-sehirler-arasi-nakliyat/,UNKNOWN,UNKNOWN,UNKNOWN,UNKNOWN,UNKNOWN,false
akif,https://www.ankaraakifnakliyat.com/blog/ankara-mugla-bodrum-sehirler-arasi-nakliyat,blog_post,IMPROVE,200,true,290,0.0177,0.6254,0.5141,https://www.ankaraakifnakliyat.com/blog/ankara-gaziantep-sehirler-arasi-nakliyat,false,false,false,0,22,Ankara - Muğla / Bodrum / Fethiye Şehirler Arası Evden Eve Nakliyat Rehberi | Akif Nakliyat,Ankara - Muğla / Bodrum / Fethiye Şehirler Arası Evden Eve Nakliyat Rehberi,https://www.ankaraakifnakliyat.com/blog/ankara-mugla-bodrum-sehirler-arasi-nakliyat/,UNKNOWN,UNKNOWN,UNKNOWN,UNKNOWN,UNKNOWN,false
akif,https://www.ankaraakifnakliyat.com/blog/ankara-samsun-karadeniz-sehirler-arasi-nakliyat,blog_post,IMPROVE,200,true,283,0.0181,0.6159,0.7395,https://www.ankaraakifnakliyat.com/blog/ankara-gaziantep-sehirler-arasi-nakliyat,false,false,false,0,22,Ankara - Samsun / Karadeniz Şehirler Arası Evden Eve Nakliyat Rehberi | Akif Nakliyat,Ankara - Samsun / Karadeniz Şehirler Arası Evden Eve Nakliyat Rehberi,https://www.ankaraakifnakliyat.com/blog/ankara-samsun-karadeniz-sehirler-arasi-nakliyat/,UNKNOWN,UNKNOWN,UNKNOWN,UNKNOWN,UNKNOWN,false
akif,https://www.ankaraakifnakliyat.com/blog/ankara-kayseri-sehirler-arasi-nakliyat,blog_post,IMPROVE,200,true,273,0.0188,0.6015,0.7426,https://www.ankaraakifnakliyat.com/blog/ankara-gaziantep-sehirler-arasi-nakliyat,false,false,false,0,22,Ankara - Kayseri Şehirler Arası Evden Eve Nakliyat Rehberi | Akif Nakliyat,Ankara - Kayseri Şehirler Arası Evden Eve Nakliyat Rehberi,https://www.ankaraakifnakliyat.com/blog/ankara-kayseri-sehirler-arasi-nakliyat/,UNKNOWN,UNKNOWN,UNKNOWN,UNKNOWN,UNKNOWN,false
akif,https://www.ankaraakifnakliyat.com/blog/ankara-trabzon-sehirler-arasi-nakliyat,blog_post,IMPROVE,200,true,272,0.0189,0.6000,0.7426,https://www.ankaraakifnakliyat.com/blog/ankara-gaziantep-sehirler-arasi-nakliyat,false,false,false,0,22,Ankara - Trabzon Şehirler Arası Evden Eve Nakliyat Rehberi | Akif Nakliyat,Ankara - Trabzon Şehirler Arası Evden Eve Nakliyat Rehberi,https://www.ankaraakifnakliyat.com/blog/ankara-trabzon-sehirler-arasi-nakliyat/,UNKNOWN,UNKNOWN,UNKNOWN,UNKNOWN,UNKNOWN,false
akif,https://www.ankaraakifnakliyat.com/blog/ankara-diyarbakir-dogu-nakliyat,blog_post,IMPROVE,200,true,291,0.0176,0.6268,0.5017,https://www.ankaraakifnakliyat.com/blog/ankara-gaziantep-sehirler-arasi-nakliyat,false,false,false,0,22,Ankara - Diyarbakır / Doğu Anadolu Şehirler Arası Evden Eve Nakliyat Rehberi | Akif Nakliyat,Ankara - Diyarbakır / Doğu Anadolu Şehirler Arası Evden Eve Nakliyat Rehberi,https://www.ankaraakifnakliyat.com/blog/ankara-diyarbakir-dogu-nakliyat/,UNKNOWN,UNKNOWN,UNKNOWN,UNKNOWN,UNKNOWN,false
akif,https://www.ankaraakifnakliyat.com/blog/ankara-balikesir-ayvalik-nakliyat,blog_post,IMPROVE,200,true,282,0.0182,0.6145,0.5141,https://www.ankaraakifnakliyat.com/blog/ankara-gaziantep-sehirler-arasi-nakliyat,false,false,false,0,22,Ankara - Balıkesir / Ayvalık Şehirler Arası Evden Eve Nakliyat Rehberi | Akif Nakliyat,Ankara - Balıkesir / Ayvalık Şehirler Arası Evden Eve Nakliyat Rehberi,https://www.ankaraakifnakliyat.com/blog/ankara-balikesir-ayvalik-nakliyat/,UNKNOWN,UNKNOWN,UNKNOWN,UNKNOWN,UNKNOWN,false
akif,https://www.ankaraakifnakliyat.com/blog/ankara-gaziantep-sehirler-arasi-nakliyat,blog_post,IMPROVE,200,true,269,0.0191,0.5954,0.0146,https://www.ankaraakifnakliyat.com/blog/ev-tasimada-koli-secimi-ve-ambalaj-malzemeleri-listesi,false,false,false,0,22,Ankara - Gaziantep Şehirler Arası Evden Eve Nakliyat Rehberi | Akif Nakliyat,Ankara - Gaziantep Şehirler Arası Evden Eve Nakliyat Rehberi,https://www.ankaraakifnakliyat.com/blog/ankara-gaziantep-sehirler-arasi-nakliyat/,UNKNOWN,UNKNOWN,UNKNOWN,UNKNOWN,UNKNOWN,false
akif,https://www.ankaraakifnakliyat.com/blog/ev-tasirken-esyalar-nasil-paketlenir-profesyonel-paketleme-rehberi,blog_post,IMPROVE,200,true,291,0.0180,0.2374,0.5694,https://www.ankaraakifnakliyat.com/blog/ev-tasima-masraflarini-dusurmenin-9-akilli-yolu,false,false,false,1,20,Ev Taşırken Eşyalar Nasıl Paketlenir? 10 Adımda Profesyonel Paketleme Rehberi | Akif Nakliyat,Ev Taşırken Eşyalar Nasıl Paketlenir? 10 Adımda Profesyonel Paketleme Rehberi,https://www.ankaraakifnakliyat.com/blog/ev-tasirken-esyalar-nasil-paketlenir-profesyonel-paketleme-rehberi/,UNKNOWN,UNKNOWN,UNKNOWN,UNKNOWN,UNKNOWN,false
akif,https://www.ankaraakifnakliyat.com/blog/tasinma-kontrol-listesi-checklist-gun-gun-yapilacaklar,blog_post,IMPROVE,200,true,286,0.0183,0.2234,0.7115,https://www.ankaraakifnakliyat.com/blog/ogrenci-ve-bekar-evi-tasima-ekonomik-tavsiyeler,false,false,false,1,20,Taşınma Kontrol Listesi (Checklist): 30 Gün Önceden Gün Gün Yapılacaklar | Akif Nakliyat,Taşınma Kontrol Listesi (Checklist): 30 Gün Önceden Gün Gün Yapılacaklar,https://www.ankaraakifnakliyat.com/blog/tasinma-kontrol-listesi-checklist-gun-gun-yapilacaklar/,UNKNOWN,UNKNOWN,UNKNOWN,UNKNOWN,UNKNOWN,false
akif,https://www.ankaraakifnakliyat.com/blog/asansorlu-nakliyat-nedir-hangi-katlar-icin-uygundur,blog_post,IMPROVE,200,true,285,0.0188,0.2030,0.6911,https://www.ankaraakifnakliyat.com/blog/piyano-para-kasasi-ve-agir-esya-tasima-teknikleri,false,false,false,0,22,Asansörlü Nakliyat Nedir? Hangi Katlar ve Binalar İçin Uygundur? | Akif Nakliyat,Asansörlü Nakliyat Nedir? Hangi Katlar ve Binalar İçin Uygundur?,https://www.ankaraakifnakliyat.com/blog/asansorlu-nakliyat-nedir-hangi-katlar-icin-uygundur/,UNKNOWN,UNKNOWN,UNKNOWN,UNKNOWN,UNKNOWN,false
akif,https://www.ankaraakifnakliyat.com/blog/nakliyat-sigortasi-neleri-kapsar-hasar-durumu-haklar,blog_post,IMPROVE,200,true,282,0.0201,0.1486,0.7050,https://www.ankaraakifnakliyat.com/blog/piyano-para-kasasi-ve-agir-esya-tasima-teknikleri,false,false,false,0,19,Nakliyat Sigortası Neleri Kapsar? Hasar Durumunda Haklarınız Nelerdir? | Akif Nakliyat,Nakliyat Sigortası Neleri Kapsar? Hasar Durumunda Haklarınız Nelerdir?,https://www.ankaraakifnakliyat.com/blog/nakliyat-sigortasi-neleri-kapsar-hasar-durumu-haklar/,UNKNOWN,UNKNOWN,UNKNOWN,UNKNOWN,UNKNOWN,false
akif,https://www.ankaraakifnakliyat.com/blog/tasinirken-elektrik-su-dogalgaz-internet-abonelikleri-tasima,blog_post,IMPROVE,200,true,284,0.0185,0.2177,0.7077,https://www.ankaraakifnakliyat.com/blog/piyano-para-kasasi-ve-agir-esya-tasima-teknikleri,false,false,false,0,19,"Taşınırken Elektrik, Su, Doğalgaz ve İnternet Abonelikleri Nasıl Taşınır? | Akif Nakliyat","Taşınırken Elektrik, Su, Doğalgaz ve İnternet Abonelikleri Nasıl Taşınır?",https://www.ankaraakifnakliyat.com/blog/tasinirken-elektrik-su-dogalgaz-internet-abonelikleri-tasima/,UNKNOWN,UNKNOWN,UNKNOWN,UNKNOWN,UNKNOWN,false
akif,https://www.ankaraakifnakliyat.com/blog/esya-depolama-hizmeti-alirken-dikkat-edilmesi-gerekenler,blog_post,IMPROVE,200,true,286,0.0183,0.2234,0.6767,https://www.ankaraakifnakliyat.com/blog/ogrenci-ve-bekar-evi-tasima-ekonomik-tavsiyeler,false,false,false,0,19,Eşya Depolama Hizmeti Alırken Dikkat Edilmesi Gereken 8 Güvenlik Kriteri | Akif Nakliyat,Eşya Depolama Hizmeti Alırken Dikkat Edilmesi Gereken 8 Güvenlik Kriteri,https://www.ankaraakifnakliyat.com/blog/esya-depolama-hizmeti-alirken-dikkat-edilmesi-gerekenler/,UNKNOWN,UNKNOWN,UNKNOWN,UNKNOWN,UNKNOWN,false
akif,https://www.ankaraakifnakliyat.com/blog/kurumsal-ofis-ve-is-yeri-tasimaciligi-rehberi,blog_post,IMPROVE,200,true,288,0.0182,0.2291,0.6858,https://www.ankaraakifnakliyat.com/blog/piyano-para-kasasi-ve-agir-esya-tasima-teknikleri,false,false,false,0,19,Kurumsal Ofis ve İş Yeri Taşımacılığı: İş Kesintisini Sıfıra İndirme Rehberi | Akif Nakliyat,Kurumsal Ofis ve İş Yeri Taşımacılığı: İş Kesintisini Sıfıra İndirme Rehberi,https://www.ankaraakifnakliyat.com/blog/kurumsal-ofis-ve-is-yeri-tasimaciligi-rehberi/,UNKNOWN,UNKNOWN,UNKNOWN,UNKNOWN,UNKNOWN,false
akif,https://www.ankaraakifnakliyat.com/blog/piyano-para-kasasi-ve-agir-esya-tasima-teknikleri,blog_post,IMPROVE,200,true,281,0.0187,0.2090,0.7188,https://www.ankaraakifnakliyat.com/blog/ogrenci-ve-bekar-evi-tasima-ekonomik-tavsiyeler,false,false,false,0,19,"Piyano, Para Kasası ve Ağır Eşya Taşıma Teknikleri | Akif Nakliyat","Piyano, Para Kasası ve Ağır Eşya Taşıma Teknikleri",https://www.ankaraakifnakliyat.com/blog/piyano-para-kasasi-ve-agir-esya-tasima-teknikleri/,UNKNOWN,UNKNOWN,UNKNOWN,UNKNOWN,UNKNOWN,false
akif,https://www.ankaraakifnakliyat.com/blog/ev-tasimada-koli-secimi-ve-ambalaj-malzemeleri-listesi,blog_post,IMPROVE,200,true,285,0.0184,0.2206,0.6125,https://www.ankaraakifnakliyat.com/blog/ev-tasima-masraflarini-dusurmenin-9-akilli-yolu,false,false,false,1,20,Ev Taşımada Koli Seçimi ve Gerekli Ambalaj Malzemeleri Listesi | Akif Nakliyat,Ev Taşımada Koli Seçimi ve Gerekli Ambalaj Malzemeleri Listesi,https://www.ankaraakifnakliyat.com/blog/ev-tasimada-koli-secimi-ve-ambalaj-malzemeleri-listesi/,UNKNOWN,UNKNOWN,UNKNOWN,UNKNOWN,UNKNOWN,false
akif,https://www.ankaraakifnakliyat.com/blog/ogrenci-ve-bekar-evi-tasima-ekonomik-tavsiyeler,blog_post,IMPROVE,200,true,287,0.0182,0.2263,0.7077,https://www.ankaraakifnakliyat.com/blog/mobilyalarin-demontaj-ve-montaji-marangozlu-nakliyat,false,false,false,0,19,Öğrenci ve Bekar Evi Taşıma İçin En Ekonomik Nakliye Tavsiyeleri | Akif Nakliyat,Öğrenci ve Bekar Evi Taşıma İçin En Ekonomik Nakliye Tavsiyeleri,https://www.ankaraakifnakliyat.com/blog/ogrenci-ve-bekar-evi-tasima-ekonomik-tavsiyeler/,UNKNOWN,UNKNOWN,UNKNOWN,UNKNOWN,UNKNOWN,false
akif,https://www.ankaraakifnakliyat.com/blog/tasinma-gunu-acil-ihtiyac-cantasi-hazirlama-rehberi,blog_post,IMPROVE,200,true,287,0.0182,0.2263,0.6790,https://www.ankaraakifnakliyat.com/blog/mobilyalarin-demontaj-ve-montaji-marangozlu-nakliyat,false,false,false,1,20,Taşınma Günü İçin Acil İhtiyaç Çantası (Survival Kit) Hazırlama Rehberi | Akif Nakliyat,Taşınma Günü İçin Acil İhtiyaç Çantası (Survival Kit) Hazırlama Rehberi,https://www.ankaraakifnakliyat.com/blog/tasinma-gunu-acil-ihtiyac-cantasi-hazirlama-rehberi/,UNKNOWN,UNKNOWN,UNKNOWN,UNKNOWN,UNKNOWN,false
akif,https://www.ankaraakifnakliyat.com/blog/evden-eve-nakliyat-sozlesmesi-neden-zorunludur,blog_post,IMPROVE,200,true,283,0.0192,0.1877,0.6729,https://www.ankaraakifnakliyat.com/blog/mobilyalarin-demontaj-ve-montaji-marangozlu-nakliyat,false,false,false,0,19,Evden Eve Nakliyat Sözleşmesi Neden Zorunludur? Örnek Madde İncelemesi | Akif Nakliyat,Evden Eve Nakliyat Sözleşmesi Neden Zorunludur? Örnek Madde İncelemesi,https://www.ankaraakifnakliyat.com/blog/evden-eve-nakliyat-sozlesmesi-neden-zorunludur/,UNKNOWN,UNKNOWN,UNKNOWN,UNKNOWN,UNKNOWN,false
akif,https://www.ankaraakifnakliyat.com/blog/mobilyalarin-demontaj-ve-montaji-marangozlu-nakliyat,blog_post,IMPROVE,200,true,282,0.0186,0.2119,0.6704,https://www.ankaraakifnakliyat.com/blog/ev-tasima-masraflarini-dusurmenin-9-akilli-yolu,false,false,false,0,19,Mobilyaların Demontaj ve Montajı: Marangozlu Nakliyat Hizmetinin Faydaları | Akif Nakliyat,Mobilyaların Demontaj ve Montajı: Marangozlu Nakliyat Hizmetinin Faydaları,https://www.ankaraakifnakliyat.com/blog/mobilyalarin-demontaj-ve-montaji-marangozlu-nakliyat/,UNKNOWN,UNKNOWN,UNKNOWN,UNKNOWN,UNKNOWN,false
akif,https://www.ankaraakifnakliyat.com/blog/kis-aylarinda-ve-yagisli-havada-ev-tasima-rehberi,blog_post,IMPROVE,200,true,286,0.0183,0.2234,0.6932,https://www.ankaraakifnakliyat.com/blog/ev-tasima-masraflarini-dusurmenin-9-akilli-yolu,false,false,false,0,19,Kış Aylarında ve Yağışlı Havada Ev Taşırken Nelere Dikkat Edilmeli? | Akif Nakliyat,Kış Aylarında ve Yağışlı Havada Ev Taşırken Nelere Dikkat Edilmeli?,https://www.ankaraakifnakliyat.com/blog/kis-aylarinda-ve-yagisli-havada-ev-tasima-rehberi/,UNKNOWN,UNKNOWN,UNKNOWN,UNKNOWN,UNKNOWN,false
akif,https://www.ankaraakifnakliyat.com/blog/ev-tasima-masraflarini-dusurmenin-9-akilli-yolu,blog_post,IMPROVE,200,true,282,0.0186,0.2119,0.0000,,false,false,false,0,19,Ev Taşıma Masraflarını Düşürmenin 9 Akıllı ve Garantili Yolu | Akif Nakliyat,Ev Taşıma Masraflarını Düşürmenin 9 Akıllı ve Garantili Yolu,https://www.ankaraakifnakliyat.com/blog/ev-tasima-masraflarini-dusurmenin-9-akilli-yolu/,UNKNOWN,UNKNOWN,UNKNOWN,UNKNOWN,UNKNOWN,false
