site,url,family,classification,status,indexable_on_page,word_count,template_ratio,unique_sentence_ratio,nearest_similarity,nearest_url,doorway_risk,duplicate_risk,thin_risk,internal_links_in,internal_links_out,title,h1,canonical,gsc_clicks_28d,gsc_impressions_28d,gsc_ctr_28d,gsc_position_28d,gsc_index_status,protected
ozdemir,https://ankaraozdemirnakliyat.com/,home,IMPROVE,200,true,397,0.0000,1.0000,0.0000,,false,false,false,965,47,Ankara Evden Eve Nakliyat | Güvenilir Taşımacılık,Ankara Evden Eve Nakliyat Şehirler Arası Uzmanlık,https://ankaraozdemirnakliyat.com,UNKNOWN,UNKNOWN,UNKNOWN,UNKNOWN,UNKNOWN,true
ozdemir,https://ankaraozdemirnakliyat.com/hakkimizda,static_hakkimizda,IMPROVE,200,true,134,0.0000,1.0000,0.0000,,false,false,true,965,47,Hakkımızda | Ankara Özdemir Nakliyat,Ankara Özdemir Nakliyat,https://ankaraozdemirnakliyat.com/hakkimizda,UNKNOWN,UNKNOWN,UNKNOWN,UNKNOWN,UNKNOWN,false
ozdemir,https://ankaraozdemirnakliyat.com/iletisim,static_iletisim,IMPROVE,200,true,144,0.0000,1.0000,0.0000,,false,false,true,965,47,İletişim - Profesyonel Nakliye Teklifi Alın | Ankara Özdemir Nakliyat,İletişim .,https://ankaraozdemirnakliyat.com/iletisim,UNKNOWN,UNKNOWN,UNKNOWN,UNKNOWN,UNKNOWN,false
ozdemir,https://ankaraozdemirnakliyat.com/galeri,static_galeri,IMPROVE,200,true,228,0.0000,1.0000,0.0000,,false,false,false,965,47,Galeri - Nakliyat Fotoğrafları ve Videoları | Ankara Özdemir Nakliyat,Nakliyat . Galerisi,https://ankaraozdemirnakliyat.com/galeri,UNKNOWN,UNKNOWN,UNKNOWN,UNKNOWN,UNKNOWN,false
ozdemir,https://ankaraozdemirnakliyat.com/sss,static_sss,IMPROVE,200,true,225,0.0000,1.0000,0.0000,,false,false,false,965,47,Sıkça Sorulan Sorular | Ankara Özdemir Nakliyat,Sıkça Sorulan Sorular,https://ankaraozdemirnakliyat.com/sss,UNKNOWN,UNKNOWN,UNKNOWN,UNKNOWN,UNKNOWN,false
ozdemir,https://ankaraozdemirnakliyat.com/hizmetler,static_hizmetler,KEEP,200,true,482,0.0000,1.0000,0.0000,,false,false,false,965,47,Hizmetlerimiz - Ankara Evden Eve Nakliyat | Ankara Özdemir Nakliyat,Nakliyat . Hizmetlerimiz,https://ankaraozdemirnakliyat.com/hizmetler,UNKNOWN,UNKNOWN,UNKNOWN,UNKNOWN,UNKNOWN,false
ozdemir,https://ankaraozdemirnakliyat.com/evden-eve-nakliyat,static_evden-eve-nakliyat,IMPROVE,200,true,362,0.0000,1.0000,0.0000,,false,false,false,965,47,Ankara Evden Eve Nakliyat ve Taşıma Hizmeti | Ankara Özdemir Nakliyat,Ankara . Evden Eve . Nakliyat,https://ankaraozdemirnakliyat.com/evden-eve-nakliyat,UNKNOWN,UNKNOWN,UNKNOWN,UNKNOWN,UNKNOWN,false
ozdemir,https://ankaraozdemirnakliyat.com/blog,static_blog,KEEP,200,true,2465,0.0000,1.0000,0.0000,,false,false,false,965,347,Blog - Nakliyat Rehberi ve Taşınma İpuçları | Ankara Özdemir Nakliyat,Nakliyat . Blogu.,https://ankaraozdemirnakliyat.com/blog,UNKNOWN,UNKNOWN,UNKNOWN,UNKNOWN,UNKNOWN,false
ozdemir,https://ankaraozdemirnakliyat.com/makaleler,static_makaleler,KEEP,200,true,1672,0.0000,1.0000,0.0000,,false,false,false,965,347,Nakliyat Rehberi ve Bölgesel Hizmetler | Ankara Özdemir Nakliyat,Nakliyat . Makaleleri.,https://ankaraozdemirnakliyat.com/makaleler,UNKNOWN,UNKNOWN,UNKNOWN,UNKNOWN,UNKNOWN,false
ozdemir,https://ankaraozdemirnakliyat.com/gizlilik-politikasi,static_gizlilik-politikasi,IMPROVE,200,true,414,0.0000,1.0000,0.0000,,false,false,false,965,48,Gizlilik Politikası | Ankara Özdemir Nakliyat,Gizlilik Politikası,https://ankaraozdemirnakliyat.com/gizlilik-politikasi,UNKNOWN,UNKNOWN,UNKNOWN,UNKNOWN,UNKNOWN,false
ozdemir,https://ankaraozdemirnakliyat.com/kullanim-sartlari,static_kullanim-sartlari,KEEP,200,true,469,0.0000,1.0000,0.0000,,false,false,false,965,48,Kullanım Şartları | Ankara Özdemir Nakliyat,Kullanım Şartları,https://ankaraozdemirnakliyat.com/kullanim-sartlari,UNKNOWN,UNKNOWN,UNKNOWN,UNKNOWN,UNKNOWN,false
ozdemir,https://ankaraozdemirnakliyat.com/kvkk,static_kvkk,KEEP,200,true,586,0.0000,1.0000,0.0000,,false,false,false,965,48,KVKK Aydınlatma Metni | Ankara Özdemir Nakliyat,KVKK Aydınlatma Metni,https://ankaraozdemirnakliyat.com/kvkk,UNKNOWN,UNKNOWN,UNKNOWN,UNKNOWN,UNKNOWN,false
ozdemir,https://ankaraozdemirnakliyat.com/islemler,static_islemler,IMPROVE,200,true,216,0.0000,1.0000,0.0000,,false,false,true,965,65,Nakliyat Hizmet Bölgeleri | Ankara ve 81 İl Taşımacılık Ağı | Ankara Özdemir Nakliyat,Hizmet . Bölgelerimiz,https://ankaraozdemirnakliyat.com/islemler,UNKNOWN,UNKNOWN,UNKNOWN,UNKNOWN,UNKNOWN,false
ozdemir,https://ankaraozdemirnakliyat.com/site-haritasi,static_site-haritasi,IMPROVE,200,true,75,0.0000,1.0000,0.0000,,false,false,true,965,48,Site Haritası | Ankara Özdemir Nakliyat,Site Haritası,https://ankaraozdemirnakliyat.com/site-haritasi,UNKNOWN,UNKNOWN,UNKNOWN,UNKNOWN,UNKNOWN,false
ozdemir,https://ankaraozdemirnakliyat.com/hizmetler/sehir-ici-nakliyat,service_page,IMPROVE,200,true,239,0.0276,0.9724,0.0128,https://ankaraozdemirnakliyat.com/hizmetler/ofis-tasima,false,false,false,965,47,Ankara Şehir İçi Nakliyat - Aynı Gün Teslimat | Ankara Özdemir Nakliyat,Ankara Şehir İçi Nakliyat,https://ankaraozdemirnakliyat.com/hizmetler/sehir-ici-nakliyat,UNKNOWN,UNKNOWN,UNKNOWN,UNKNOWN,UNKNOWN,false
ozdemir,https://ankaraozdemirnakliyat.com/hizmetler/sehirler-arasi-nakliyat,service_page,IMPROVE,200,true,222,0.0293,0.9707,0.0107,https://ankaraozdemirnakliyat.com/hizmetler/parca-esya-tasima,false,false,false,965,47,Şehirler Arası Nakliyat - Ankara'dan 81 İle Taşıma | Ankara Özdemir Nakliyat,Şehirler Arası Nakliyat,https://ankaraozdemirnakliyat.com/hizmetler/sehirler-arasi-nakliyat,UNKNOWN,UNKNOWN,UNKNOWN,UNKNOWN,UNKNOWN,false
ozdemir,https://ankaraozdemirnakliyat.com/hizmetler/ofis-tasima,service_page,IMPROVE,200,true,171,0.0405,0.9595,0.0112,https://ankaraozdemirnakliyat.com/hizmetler/asansorlu-tasima,false,false,true,965,47,Ankara Ofis Taşıma - Kurumsal Nakliyat Hizmeti | Ankara Özdemir Nakliyat,Ankara Ofis Taşıma,https://ankaraozdemirnakliyat.com/hizmetler/ofis-tasima,UNKNOWN,UNKNOWN,UNKNOWN,UNKNOWN,UNKNOWN,false
ozdemir,https://ankaraozdemirnakliyat.com/hizmetler/parca-esya-tasima,service_page,IMPROVE,200,true,127,0.0500,0.9500,0.0128,https://ankaraozdemirnakliyat.com/hizmetler/nakliyat-sigortasi,false,false,true,965,47,Parça Eşya Taşıma Ankara - Ekonomik Taşıma | Ankara Özdemir Nakliyat,Parça Eşya Taşıma,https://ankaraozdemirnakliyat.com/hizmetler/parca-esya-tasima,UNKNOWN,UNKNOWN,UNKNOWN,UNKNOWN,UNKNOWN,false
ozdemir,https://ankaraozdemirnakliyat.com/hizmetler/asansorlu-tasima,service_page,IMPROVE,200,true,172,0.0411,0.9589,0.0076,https://ankaraozdemirnakliyat.com/hizmetler/paketleme,false,false,true,965,47,Asansörlü Nakliyat Ankara - Yüksek Kat Taşıma | Ankara Özdemir Nakliyat,Asansörlü Nakliyat,https://ankaraozdemirnakliyat.com/hizmetler/asansorlu-tasima,UNKNOWN,UNKNOWN,UNKNOWN,UNKNOWN,UNKNOWN,false
ozdemir,https://ankaraozdemirnakliyat.com/hizmetler/paketleme,service_page,IMPROVE,200,true,154,0.0550,0.9450,0.0078,https://ankaraozdemirnakliyat.com/hizmetler/nakliyat-sigortasi,false,false,true,965,47,Profesyonel Paketleme Hizmeti Ankara - Güvenli Ambalaj | Ankara Özdemir Nakliyat,Profesyonel Paketleme,https://ankaraozdemirnakliyat.com/hizmetler/paketleme,UNKNOWN,UNKNOWN,UNKNOWN,UNKNOWN,UNKNOWN,false
ozdemir,https://ankaraozdemirnakliyat.com/hizmetler/nakliyat-sigortasi,service_page,IMPROVE,200,true,161,0.0432,0.9568,0.0000,,false,false,true,965,47,Nakliyat Sigortası Ankara - Tam Kapsamlı Güvence | Ankara Özdemir Nakliyat,Nakliyat Sigortası,https://ankaraozdemirnakliyat.com/hizmetler/nakliyat-sigortasi,UNKNOWN,UNKNOWN,UNKNOWN,UNKNOWN,UNKNOWN,false
ozdemir,https://ankaraozdemirnakliyat.com/islemler/ankara/altindag,ankara_district,KEEP,200,true,455,0.2608,0.7392,0.3389,https://ankaraozdemirnakliyat.com/islemler/ankara/kalecik,false,false,false,965,63,Altındağ Evden Eve Nakliyat | Sigortalı Taşıma | Ankara Özdemir Nakliyat,Altındağ . NAKLİYAT,https://ankaraozdemirnakliyat.com/islemler/ankara/altindag,UNKNOWN,UNKNOWN,UNKNOWN,UNKNOWN,UNKNOWN,false
ozdemir,https://ankaraozdemirnakliyat.com/islemler/ankara/altindag/evden-eve-nakliyat,ankara_district_service,IMPROVE,200,true,260,0.0161,0.8153,0.2840,https://ankaraozdemirnakliyat.com/islemler/ankara/altindag/ofis-tasima,false,false,false,27,61,Altındağ Evden Eve Nakliyat | Garantili Hizmet | Ankara Özdemir Nakliyat,Altındağ Evden Eve Nakliyat,https://ankaraozdemirnakliyat.com/islemler/ankara/altindag/evden-eve-nakliyat,UNKNOWN,UNKNOWN,UNKNOWN,UNKNOWN,UNKNOWN,false
ozdemir,https://ankaraozdemirnakliyat.com/islemler/ankara/altindag/ofis-tasima,ankara_district_service,IMPROVE,200,true,240,0.0189,0.7783,0.2438,https://ankaraozdemirnakliyat.com/islemler/ankara/akyurt/ofis-tasima,false,false,false,27,61,Altındağ Ofis Taşıma | Garantili Hizmet | Ankara Özdemir Nakliyat,Altındağ Ofis Taşıma,https://ankaraozdemirnakliyat.com/islemler/ankara/altindag/ofis-tasima,UNKNOWN,UNKNOWN,UNKNOWN,UNKNOWN,UNKNOWN,false
ozdemir,https://ankaraozdemirnakliyat.com/islemler/ankara/altindag/nakliyat-fiyatlari,ankara_district_service,IMPROVE,200,true,260,0.0172,0.7759,0.2852,https://ankaraozdemirnakliyat.com/islemler/ankara/akyurt/nakliyat-fiyatlari,false,false,false,26,61,Altındağ Nakliyat Fiyatları | Garantili Hizmet | Ankara Özdemir Nakliyat,Altındağ Nakliyat Fiyatları,https://ankaraozdemirnakliyat.com/islemler/ankara/altindag/nakliyat-fiyatlari,UNKNOWN,UNKNOWN,UNKNOWN,UNKNOWN,UNKNOWN,false
ozdemir,https://ankaraozdemirnakliyat.com/islemler/ankara/altindag/aydinlikevler,ankara_district_service,IMPROVE,200,true,223,0.0223,0.4804,0.4777,https://ankaraozdemirnakliyat.com/islemler/ankara/altindag/hacettepe,false,false,false,10,56,Ankara Altındağ Aydınlıkevler Evden Eve Nakliyat | Ankara Özdemir Nakliyat,Altındağ Aydınlıkevler . EVDEN EVE,https://ankaraozdemirnakliyat.com/islemler/ankara/altindag/aydinlikevler,UNKNOWN,UNKNOWN,UNKNOWN,UNKNOWN,UNKNOWN,false
ozdemir,https://ankaraozdemirnakliyat.com/islemler/ankara/altindag/karapurcek,ankara_district_service,IMPROVE,200,true,222,0.0223,0.4804,0.4688,https://ankaraozdemirnakliyat.com/islemler/ankara/altindag/hacettepe,false,false,false,10,56,Ankara Altındağ Karapürçek Evden Eve Nakliyat | Ankara Özdemir Nakliyat,Altındağ Karapürçek . NAKLİYAT,https://ankaraozdemirnakliyat.com/islemler/ankara/altindag/karapurcek,UNKNOWN,UNKNOWN,UNKNOWN,UNKNOWN,UNKNOWN,false
ozdemir,https://ankaraozdemirnakliyat.com/islemler/ankara/altindag/onder,ankara_district_service,IMPROVE,200,true,223,0.0223,0.4804,0.4777,https://ankaraozdemirnakliyat.com/islemler/ankara/altindag/hacettepe,false,false,false,10,56,Ankara Altındağ Önder Evden Eve Nakliyat | Ankara Özdemir Nakliyat,Altındağ Önder . EVDEN EVE,https://ankaraozdemirnakliyat.com/islemler/ankara/altindag/onder,UNKNOWN,UNKNOWN,UNKNOWN,UNKNOWN,UNKNOWN,false
ozdemir,https://ankaraozdemirnakliyat.com/islemler/ankara/altindag/siteler,ankara_district_service,IMPROVE,200,true,222,0.0223,0.4804,0.8343,https://ankaraozdemirnakliyat.com/islemler/ankara/altindag/ulus,false,false,false,10,56,Ankara Altındağ Siteler Evden Eve Nakliyat | Ankara Özdemir Nakliyat,Altındağ Siteler . NAKLİYAT,https://ankaraozdemirnakliyat.com/islemler/ankara/altindag/siteler,UNKNOWN,UNKNOWN,UNKNOWN,UNKNOWN,UNKNOWN,false
ozdemir,https://ankaraozdemirnakliyat.com/islemler/ankara/altindag/ulus,ankara_district_service,IMPROVE,200,true,222,0.0223,0.4804,0.7886,https://ankaraozdemirnakliyat.com/islemler/ankara/altindag/hacettepe,false,false,false,10,56,Ankara Altındağ Ulus Evden Eve Nakliyat | Ankara Özdemir Nakliyat,Altındağ Ulus . TAŞIMACILIK,https://ankaraozdemirnakliyat.com/islemler/ankara/altindag/ulus,UNKNOWN,UNKNOWN,UNKNOWN,UNKNOWN,UNKNOWN,false
ozdemir,https://ankaraozdemirnakliyat.com/islemler/ankara/altindag/zubeyde-hanim,ankara_district_service,IMPROVE,200,true,237,0.0190,0.5592,0.4351,https://ankaraozdemirnakliyat.com/islemler/ankara/altindag/hacettepe,false,false,false,10,56,Ankara Altındağ Zübeyde Hanım Evden Eve Nakliyat | Ankara Özdemir Nakliyat,Altındağ Zübeyde Hanım . NAKLİYAT,https://ankaraozdemirnakliyat.com/islemler/ankara/altindag/zubeyde-hanim,UNKNOWN,UNKNOWN,UNKNOWN,UNKNOWN,UNKNOWN,false
ozdemir,https://ankaraozdemirnakliyat.com/islemler/ankara/altindag/dogantepe,ankara_district_service,IMPROVE,200,true,223,0.0223,0.4804,0.4843,https://ankaraozdemirnakliyat.com/islemler/ankara/altindag/hacettepe,false,false,false,10,56,Ankara Altındağ Doğantepe Evden Eve Nakliyat | Ankara Özdemir Nakliyat,Altındağ Doğantepe . EVDEN EVE,https://ankaraozdemirnakliyat.com/islemler/ankara/altindag/dogantepe,UNKNOWN,UNKNOWN,UNKNOWN,UNKNOWN,UNKNOWN,false
ozdemir,https://ankaraozdemirnakliyat.com/islemler/ankara/altindag/feridun-celik,ankara_district_service,IMPROVE,200,true,237,0.0190,0.5592,0.4842,https://ankaraozdemirnakliyat.com/islemler/ankara/altindag/hacettepe,false,false,false,10,56,Ankara Altındağ Feridun Çelik Evden Eve Nakliyat | Ankara Özdemir Nakliyat,Altındağ Feridun Çelik . TAŞIMACILIK,https://ankaraozdemirnakliyat.com/islemler/ankara/altindag/feridun-celik,UNKNOWN,UNKNOWN,UNKNOWN,UNKNOWN,UNKNOWN,false
ozdemir,https://ankaraozdemirnakliyat.com/islemler/ankara/altindag/gunesevler,ankara_district_service,IMPROVE,200,true,223,0.0223,0.4804,0.5045,https://ankaraozdemirnakliyat.com/islemler/ankara/altindag/hacettepe,false,false,false,10,56,Ankara Altındağ Güneşevler Evden Eve Nakliyat | Ankara Özdemir Nakliyat,Altındağ Güneşevler . EVDEN EVE,https://ankaraozdemirnakliyat.com/islemler/ankara/altindag/gunesevler,UNKNOWN,UNKNOWN,UNKNOWN,UNKNOWN,UNKNOWN,false
ozdemir,https://ankaraozdemirnakliyat.com/islemler/ankara/altindag/hacettepe,ankara_district_service,IMPROVE,200,true,223,0.0223,0.4804,0.3333,https://ankaraozdemirnakliyat.com/islemler/ankara/kalecik/ahikemal,false,false,false,10,56,Ankara Altındağ Hacettepe Evden Eve Nakliyat | Ankara Özdemir Nakliyat,Altındağ Hacettepe . EVDEN EVE,https://ankaraozdemirnakliyat.com/islemler/ankara/altindag/hacettepe,UNKNOWN,UNKNOWN,UNKNOWN,UNKNOWN,UNKNOWN,false
ozdemir,https://ankaraozdemirnakliyat.com/islemler/ankara/akyurt,ankara_district,IMPROVE,200,true,429,0.2803,0.7197,0.6149,https://ankaraozdemirnakliyat.com/islemler/ankara/kalecik,false,false,false,965,58,Akyurt Evden Eve Nakliyat | Sigortalı Taşıma | Ankara Özdemir Nakliyat,Akyurt . NAKLİYAT,https://ankaraozdemirnakliyat.com/islemler/ankara/akyurt,UNKNOWN,UNKNOWN,UNKNOWN,UNKNOWN,UNKNOWN,false
ozdemir,https://ankaraozdemirnakliyat.com/islemler/ankara/akyurt/evden-eve-nakliyat,ankara_district_service,IMPROVE,200,true,260,0.0161,0.8153,0.8776,https://ankaraozdemirnakliyat.com/islemler/ankara/etimesgut/evden-eve-nakliyat,false,false,false,27,61,Akyurt Evden Eve Nakliyat | Garantili Hizmet | Ankara Özdemir Nakliyat,Akyurt Evden Eve Nakliyat,https://ankaraozdemirnakliyat.com/islemler/ankara/akyurt/evden-eve-nakliyat,UNKNOWN,UNKNOWN,UNKNOWN,UNKNOWN,UNKNOWN,false
ozdemir,https://ankaraozdemirnakliyat.com/islemler/ankara/akyurt/ofis-tasima,ankara_district_service,IMPROVE,200,true,240,0.0189,0.7783,0.8767,https://ankaraozdemirnakliyat.com/islemler/ankara/etimesgut/ofis-tasima,false,false,false,27,61,Akyurt Ofis Taşıma | Garantili Hizmet | Ankara Özdemir Nakliyat,Akyurt Ofis Taşıma,https://ankaraozdemirnakliyat.com/islemler/ankara/akyurt/ofis-tasima,UNKNOWN,UNKNOWN,UNKNOWN,UNKNOWN,UNKNOWN,false
ozdemir,https://ankaraozdemirnakliyat.com/islemler/ankara/akyurt/nakliyat-fiyatlari,ankara_district_service,MANUAL_REVIEW,200,true,260,0.0172,0.7759,0.8960,https://ankaraozdemirnakliyat.com/islemler/ankara/etimesgut/nakliyat-fiyatlari,true,false,false,26,61,Akyurt Nakliyat Fiyatları | Garantili Hizmet | Ankara Özdemir Nakliyat,Akyurt Nakliyat Fiyatları,https://ankaraozdemirnakliyat.com/islemler/ankara/akyurt/nakliyat-fiyatlari,UNKNOWN,UNKNOWN,UNKNOWN,UNKNOWN,UNKNOWN,false
ozdemir,https://ankaraozdemirnakliyat.com/islemler/ankara/akyurt/yildirim,ankara_district_service,IMPROVE,200,true,197,0.0261,0.5163,0.4078,https://ankaraozdemirnakliyat.com/islemler/ankara/akyurt/beyazit,false,false,true,5,51,Ankara Akyurt Yıldırım Evden Eve Nakliyat | Ankara Özdemir Nakliyat,Akyurt Yıldırım . EVDEN EVE,https://ankaraozdemirnakliyat.com/islemler/ankara/akyurt/yildirim,UNKNOWN,UNKNOWN,UNKNOWN,UNKNOWN,UNKNOWN,false
ozdemir,https://ankaraozdemirnakliyat.com/islemler/ankara/akyurt/beyazit,ankara_district_service,IMPROVE,200,true,196,0.0261,0.5163,0.4098,https://ankaraozdemirnakliyat.com/islemler/ankara/akyurt/balikhisar,false,false,true,5,51,Ankara Akyurt Beyazıt Evden Eve Nakliyat | Ankara Özdemir Nakliyat,Akyurt Beyazıt . NAKLİYAT,https://ankaraozdemirnakliyat.com/islemler/ankara/akyurt/beyazit,UNKNOWN,UNKNOWN,UNKNOWN,UNKNOWN,UNKNOWN,false
ozdemir,https://ankaraozdemirnakliyat.com/islemler/ankara/akyurt/balikhisar,ankara_district_service,IMPROVE,200,true,196,0.0261,0.5163,0.4058,https://ankaraozdemirnakliyat.com/islemler/ankara/akyurt/bugduz,false,false,true,5,51,Ankara Akyurt Balıkhisar Evden Eve Nakliyat | Ankara Özdemir Nakliyat,Akyurt Balıkhisar . LOJİSTİK,https://ankaraozdemirnakliyat.com/islemler/ankara/akyurt/balikhisar,UNKNOWN,UNKNOWN,UNKNOWN,UNKNOWN,UNKNOWN,false
ozdemir,https://ankaraozdemirnakliyat.com/islemler/ankara/akyurt/bugduz,ankara_district_service,IMPROVE,200,true,197,0.0261,0.5163,0.4078,https://ankaraozdemirnakliyat.com/islemler/ankara/akyurt/guzelhisar,false,false,true,5,51,Ankara Akyurt Büğdüz Evden Eve Nakliyat | Ankara Özdemir Nakliyat,Akyurt Büğdüz . EVDEN EVE,https://ankaraozdemirnakliyat.com/islemler/ankara/akyurt/bugduz,UNKNOWN,UNKNOWN,UNKNOWN,UNKNOWN,UNKNOWN,false
ozdemir,https://ankaraozdemirnakliyat.com/islemler/ankara/akyurt/guzelhisar,ankara_district_service,IMPROVE,200,true,196,0.0261,0.5163,0.1651,https://ankaraozdemirnakliyat.com/islemler/ankara/kalecik/ahikemal,false,false,true,5,51,Ankara Akyurt Güzelhisar Evden Eve Nakliyat | Ankara Özdemir Nakliyat,Akyurt Güzelhisar . TAŞIMACILIK,https://ankaraozdemirnakliyat.com/islemler/ankara/akyurt/guzelhisar,UNKNOWN,UNKNOWN,UNKNOWN,UNKNOWN,UNKNOWN,false
ozdemir,https://ankaraozdemirnakliyat.com/islemler/ankara/ayas,ankara_district,IMPROVE,200,true,408,0.2985,0.7015,0.3747,https://ankaraozdemirnakliyat.com/islemler/ankara/kalecik,false,false,false,965,57,Ayaş Evden Eve Nakliyat | Sigortalı Taşıma | Ankara Özdemir Nakliyat,Ayaş . NAKLİYAT,https://ankaraozdemirnakliyat.com/islemler/ankara/ayas,UNKNOWN,UNKNOWN,UNKNOWN,UNKNOWN,UNKNOWN,false
ozdemir,https://ankaraozdemirnakliyat.com/islemler/ankara/ayas/evden-eve-nakliyat,ankara_district_service,IMPROVE,200,true,260,0.0161,0.8153,0.2840,https://ankaraozdemirnakliyat.com/islemler/ankara/ayas/ofis-tasima,false,false,false,27,61,Ayaş Evden Eve Nakliyat | Garantili Hizmet | Ankara Özdemir Nakliyat,Ayaş Evden Eve Nakliyat,https://ankaraozdemirnakliyat.com/islemler/ankara/ayas/evden-eve-nakliyat,UNKNOWN,UNKNOWN,UNKNOWN,UNKNOWN,UNKNOWN,false
ozdemir,https://ankaraozdemirnakliyat.com/islemler/ankara/ayas/ofis-tasima,ankara_district_service,IMPROVE,200,true,240,0.0189,0.7783,0.2387,https://ankaraozdemirnakliyat.com/islemler/ankara/haymana/ofis-tasima,false,false,false,27,61,Ayaş Ofis Taşıma | Garantili Hizmet | Ankara Özdemir Nakliyat,Ayaş Ofis Taşıma,https://ankaraozdemirnakliyat.com/islemler/ankara/ayas/ofis-tasima,UNKNOWN,UNKNOWN,UNKNOWN,UNKNOWN,UNKNOWN,false
ozdemir,https://ankaraozdemirnakliyat.com/islemler/ankara/ayas/nakliyat-fiyatlari,ankara_district_service,IMPROVE,200,true,260,0.0172,0.7759,0.2852,https://ankaraozdemirnakliyat.com/islemler/ankara/haymana/nakliyat-fiyatlari,false,false,false,26,61,Ayaş Nakliyat Fiyatları | Garantili Hizmet | Ankara Özdemir Nakliyat,Ayaş Nakliyat Fiyatları,https://ankaraozdemirnakliyat.com/islemler/ankara/ayas/nakliyat-fiyatlari,UNKNOWN,UNKNOWN,UNKNOWN,UNKNOWN,UNKNOWN,false
ozdemir,https://ankaraozdemirnakliyat.com/islemler/ankara/ayas/hacimemi,ankara_district_service,IMPROVE,200,true,175,0.0310,0.5814,0.3989,https://ankaraozdemirnakliyat.com/islemler/ankara/ayas/camiatik,false,false,true,4,50,Ankara Ayaş Hacımemi Evden Eve Nakliyat | Ankara Özdemir Nakliyat,Ayaş Hacımemi . TAŞIMACILIK,https://ankaraozdemirnakliyat.com/islemler/ankara/ayas/hacimemi,UNKNOWN,UNKNOWN,UNKNOWN,UNKNOWN,UNKNOWN,false
ozdemir,https://ankaraozdemirnakliyat.com/islemler/ankara/ayas/omeroglu,ankara_district_service,IMPROVE,200,true,175,0.0310,0.5814,0.4064,https://ankaraozdemirnakliyat.com/islemler/ankara/ayas/camiatik,false,false,true,4,50,Ankara Ayaş Ömeroğlu Evden Eve Nakliyat | Ankara Özdemir Nakliyat,Ayaş Ömeroğlu . TAŞIMACILIK,https://ankaraozdemirnakliyat.com/islemler/ankara/ayas/omeroglu,UNKNOWN,UNKNOWN,UNKNOWN,UNKNOWN,UNKNOWN,false
ozdemir,https://ankaraozdemirnakliyat.com/islemler/ankara/ayas/camiatik,ankara_district_service,IMPROVE,200,true,176,0.0310,0.5814,0.8507,https://ankaraozdemirnakliyat.com/islemler/ankara/ayas/feruz,false,false,true,4,50,Ankara Ayaş Camiatik Evden Eve Nakliyat | Ankara Özdemir Nakliyat,Ayaş Camiatik . EVDEN EVE,https://ankaraozdemirnakliyat.com/islemler/ankara/ayas/camiatik,UNKNOWN,UNKNOWN,UNKNOWN,UNKNOWN,UNKNOWN,false
ozdemir,https://ankaraozdemirnakliyat.com/islemler/ankara/ayas/feruz,ankara_district_service,IMPROVE,200,true,175,0.0310,0.5814,0.4036,https://ankaraozdemirnakliyat.com/islemler/ankara/kalecik/ahikemal,false,false,true,4,50,Ankara Ayaş Feruz Evden Eve Nakliyat | Ankara Özdemir Nakliyat,Ayaş Feruz . NAKLİYAT,https://ankaraozdemirnakliyat.com/islemler/ankara/ayas/feruz,UNKNOWN,UNKNOWN,UNKNOWN,UNKNOWN,UNKNOWN,false
ozdemir,https://ankaraozdemirnakliyat.com/islemler/ankara/bala,ankara_district,IMPROVE,200,true,409,0.2975,0.7025,0.3812,https://ankaraozdemirnakliyat.com/islemler/ankara/kalecik,false,false,false,965,57,Balâ Evden Eve Nakliyat | Sigortalı Taşıma | Ankara Özdemir Nakliyat,Balâ . NAKLİYAT,https://ankaraozdemirnakliyat.com/islemler/ankara/bala,UNKNOWN,UNKNOWN,UNKNOWN,UNKNOWN,UNKNOWN,false
ozdemir,https://ankaraozdemirnakliyat.com/islemler/ankara/bala/evden-eve-nakliyat,ankara_district_service,IMPROVE,200,true,260,0.0161,0.8153,0.2840,https://ankaraozdemirnakliyat.com/islemler/ankara/bala/ofis-tasima,false,false,false,27,61,Balâ Evden Eve Nakliyat | Garantili Hizmet | Ankara Özdemir Nakliyat,Balâ Evden Eve Nakliyat,https://ankaraozdemirnakliyat.com/islemler/ankara/bala/evden-eve-nakliyat,UNKNOWN,UNKNOWN,UNKNOWN,UNKNOWN,UNKNOWN,false
ozdemir,https://ankaraozdemirnakliyat.com/islemler/ankara/bala/ofis-tasima,ankara_district_service,IMPROVE,200,true,240,0.0189,0.7783,0.2387,https://ankaraozdemirnakliyat.com/islemler/ankara/haymana/ofis-tasima,false,false,false,27,61,Balâ Ofis Taşıma | Garantili Hizmet | Ankara Özdemir Nakliyat,Balâ Ofis Taşıma,https://ankaraozdemirnakliyat.com/islemler/ankara/bala/ofis-tasima,UNKNOWN,UNKNOWN,UNKNOWN,UNKNOWN,UNKNOWN,false
ozdemir,https://ankaraozdemirnakliyat.com/islemler/ankara/bala/nakliyat-fiyatlari,ankara_district_service,IMPROVE,200,true,260,0.0172,0.7759,0.2852,https://ankaraozdemirnakliyat.com/islemler/ankara/haymana/nakliyat-fiyatlari,false,false,false,26,61,Balâ Nakliyat Fiyatları | Garantili Hizmet | Ankara Özdemir Nakliyat,Balâ Nakliyat Fiyatları,https://ankaraozdemirnakliyat.com/islemler/ankara/bala/nakliyat-fiyatlari,UNKNOWN,UNKNOWN,UNKNOWN,UNKNOWN,UNKNOWN,false
ozdemir,https://ankaraozdemirnakliyat.com/islemler/ankara/bala/sentepe,ankara_district_service,MANUAL_REVIEW,200,true,177,0.0308,0.0462,0.3817,https://ankaraozdemirnakliyat.com/islemler/ankara/bala/ergin,true,false,true,4,50,Ankara Balâ Şentepe Evden Eve Nakliyat | Ankara Özdemir Nakliyat,Balâ Şentepe . EVDEN EVE,https://ankaraozdemirnakliyat.com/islemler/ankara/bala/sentepe,UNKNOWN,UNKNOWN,UNKNOWN,UNKNOWN,UNKNOWN,false
ozdemir,https://ankaraozdemirnakliyat.com/islemler/ankara/bala/kartaltepe,ankara_district_service,MANUAL_REVIEW,200,true,176,0.0308,0.0462,0.8385,https://ankaraozdemirnakliyat.com/islemler/ankara/bala/ergin,true,false,true,4,50,Ankara Balâ Kartaltepe Evden Eve Nakliyat | Ankara Özdemir Nakliyat,Balâ Kartaltepe . TAŞIMACILIK,https://ankaraozdemirnakliyat.com/islemler/ankara/bala/kartaltepe,UNKNOWN,UNKNOWN,UNKNOWN,UNKNOWN,UNKNOWN,false
ozdemir,https://ankaraozdemirnakliyat.com/islemler/ankara/bala/goztepe,ankara_district_service,IMPROVE,200,true,176,0.0308,0.5769,0.4011,https://ankaraozdemirnakliyat.com/islemler/ankara/bala/ergin,false,false,true,4,50,Ankara Balâ Göztepe Evden Eve Nakliyat | Ankara Özdemir Nakliyat,Balâ Göztepe . TAŞIMACILIK,https://ankaraozdemirnakliyat.com/islemler/ankara/bala/goztepe,UNKNOWN,UNKNOWN,UNKNOWN,UNKNOWN,UNKNOWN,false
ozdemir,https://ankaraozdemirnakliyat.com/islemler/ankara/bala/ergin,ankara_district_service,IMPROVE,200,true,176,0.0308,0.5769,0.4121,https://ankaraozdemirnakliyat.com/islemler/ankara/evren/modern,false,false,true,4,50,Ankara Balâ Ergin Evden Eve Nakliyat | Ankara Özdemir Nakliyat,Balâ Ergin . TAŞIMACILIK,https://ankaraozdemirnakliyat.com/islemler/ankara/bala/ergin,UNKNOWN,UNKNOWN,UNKNOWN,UNKNOWN,UNKNOWN,false
ozdemir,https://ankaraozdemirnakliyat.com/islemler/ankara/beypazari,ankara_district,IMPROVE,200,true,421,0.2913,0.7087,0.3712,https://ankaraozdemirnakliyat.com/islemler/ankara/kalecik,false,false,false,965,57,Beypazarı Evden Eve Nakliyat | Sigortalı Taşıma | Ankara Özdemir Nakliyat,Beypazarı . NAKLİYAT,https://ankaraozdemirnakliyat.com/islemler/ankara/beypazari,UNKNOWN,UNKNOWN,UNKNOWN,UNKNOWN,UNKNOWN,false
ozdemir,https://ankaraozdemirnakliyat.com/islemler/ankara/beypazari/evden-eve-nakliyat,ankara_district_service,IMPROVE,200,true,260,0.0161,0.8153,0.2840,https://ankaraozdemirnakliyat.com/islemler/ankara/beypazari/ofis-tasima,false,false,false,27,61,Beypazarı Evden Eve Nakliyat | Garantili Hizmet | Ankara Özdemir Nakliyat,Beypazarı Evden Eve Nakliyat,https://ankaraozdemirnakliyat.com/islemler/ankara/beypazari/evden-eve-nakliyat,UNKNOWN,UNKNOWN,UNKNOWN,UNKNOWN,UNKNOWN,false
ozdemir,https://ankaraozdemirnakliyat.com/islemler/ankara/beypazari/ofis-tasima,ankara_district_service,IMPROVE,200,true,240,0.0189,0.7783,0.2387,https://ankaraozdemirnakliyat.com/islemler/ankara/haymana/ofis-tasima,false,false,false,27,61,Beypazarı Ofis Taşıma | Garantili Hizmet | Ankara Özdemir Nakliyat,Beypazarı Ofis Taşıma,https://ankaraozdemirnakliyat.com/islemler/ankara/beypazari/ofis-tasima,UNKNOWN,UNKNOWN,UNKNOWN,UNKNOWN,UNKNOWN,false
ozdemir,https://ankaraozdemirnakliyat.com/islemler/ankara/beypazari/nakliyat-fiyatlari,ankara_district_service,IMPROVE,200,true,260,0.0172,0.7759,0.2852,https://ankaraozdemirnakliyat.com/islemler/ankara/haymana/nakliyat-fiyatlari,false,false,false,26,61,Beypazarı Nakliyat Fiyatları | Garantili Hizmet | Ankara Özdemir Nakliyat,Beypazarı Nakliyat Fiyatları,https://ankaraozdemirnakliyat.com/islemler/ankara/beypazari/nakliyat-fiyatlari,UNKNOWN,UNKNOWN,UNKNOWN,UNKNOWN,UNKNOWN,false
ozdemir,https://ankaraozdemirnakliyat.com/islemler/ankara/beypazari/kurtulus,ankara_district_service,IMPROVE,200,true,189,0.0292,0.5474,0.4085,https://ankaraozdemirnakliyat.com/islemler/ankara/beypazari/rustempasa,false,false,true,4,50,Ankara Beypazarı Kurtuluş Evden Eve Nakliyat | Ankara Özdemir Nakliyat,Beypazarı Kurtuluş . EVDEN EVE,https://ankaraozdemirnakliyat.com/islemler/ankara/beypazari/kurtulus,UNKNOWN,UNKNOWN,UNKNOWN,UNKNOWN,UNKNOWN,false
ozdemir,https://ankaraozdemirnakliyat.com/islemler/ankara/beypazari/rustempasa,ankara_district_service,IMPROVE,200,true,188,0.0292,0.5474,0.4104,https://ankaraozdemirnakliyat.com/islemler/ankara/beypazari/basagac,false,false,true,4,50,Ankara Beypazarı Rüstempaşa Evden Eve Nakliyat | Ankara Özdemir Nakliyat,Beypazarı Rüstempaşa . NAKLİYAT,https://ankaraozdemirnakliyat.com/islemler/ankara/beypazari/rustempasa,UNKNOWN,UNKNOWN,UNKNOWN,UNKNOWN,UNKNOWN,false
ozdemir,https://ankaraozdemirnakliyat.com/islemler/ankara/beypazari/basagac,ankara_district_service,IMPROVE,200,true,188,0.0292,0.5474,0.4104,https://ankaraozdemirnakliyat.com/islemler/ankara/beypazari/ayvasik,false,false,true,4,50,Ankara Beypazarı Başağaç Evden Eve Nakliyat | Ankara Özdemir Nakliyat,Beypazarı Başağaç . LOJİSTİK,https://ankaraozdemirnakliyat.com/islemler/ankara/beypazari/basagac,UNKNOWN,UNKNOWN,UNKNOWN,UNKNOWN,UNKNOWN,false
ozdemir,https://ankaraozdemirnakliyat.com/islemler/ankara/beypazari/ayvasik,ankara_district_service,IMPROVE,200,true,188,0.0292,0.5474,0.1511,https://ankaraozdemirnakliyat.com/islemler/ankara/kalecik/ahikemal,false,false,true,4,50,Ankara Beypazarı Ayvaşık Evden Eve Nakliyat | Ankara Özdemir Nakliyat,Beypazarı Ayvaşık . NAKLİYAT,https://ankaraozdemirnakliyat.com/islemler/ankara/beypazari/ayvasik,UNKNOWN,UNKNOWN,UNKNOWN,UNKNOWN,UNKNOWN,false
ozdemir,https://ankaraozdemirnakliyat.com/islemler/ankara/camlidere,ankara_district,IMPROVE,200,true,407,0.3022,0.6978,0.3858,https://ankaraozdemirnakliyat.com/islemler/ankara/kalecik,false,false,false,965,56,Çamlıdere Evden Eve Nakliyat | Sigortalı Taşıma | Ankara Özdemir Nakliyat,Çamlıdere . NAKLİYAT,https://ankaraozdemirnakliyat.com/islemler/ankara/camlidere,UNKNOWN,UNKNOWN,UNKNOWN,UNKNOWN,UNKNOWN,false
ozdemir,https://ankaraozdemirnakliyat.com/islemler/ankara/camlidere/evden-eve-nakliyat,ankara_district_service,IMPROVE,200,true,260,0.0161,0.8153,0.2840,https://ankaraozdemirnakliyat.com/islemler/ankara/camlidere/ofis-tasima,false,false,false,27,61,Çamlıdere Evden Eve Nakliyat | Garantili Hizmet | Ankara Özdemir Nakliyat,Çamlıdere Evden Eve Nakliyat,https://ankaraozdemirnakliyat.com/islemler/ankara/camlidere/evden-eve-nakliyat,UNKNOWN,UNKNOWN,UNKNOWN,UNKNOWN,UNKNOWN,false
ozdemir,https://ankaraozdemirnakliyat.com/islemler/ankara/camlidere/ofis-tasima,ankara_district_service,IMPROVE,200,true,240,0.0189,0.7783,0.2387,https://ankaraozdemirnakliyat.com/islemler/ankara/haymana/ofis-tasima,false,false,false,27,61,Çamlıdere Ofis Taşıma | Garantili Hizmet | Ankara Özdemir Nakliyat,Çamlıdere Ofis Taşıma,https://ankaraozdemirnakliyat.com/islemler/ankara/camlidere/ofis-tasima,UNKNOWN,UNKNOWN,UNKNOWN,UNKNOWN,UNKNOWN,false
ozdemir,https://ankaraozdemirnakliyat.com/islemler/ankara/camlidere/nakliyat-fiyatlari,ankara_district_service,IMPROVE,200,true,260,0.0172,0.7759,0.2852,https://ankaraozdemirnakliyat.com/islemler/ankara/haymana/nakliyat-fiyatlari,false,false,false,26,61,Çamlıdere Nakliyat Fiyatları | Garantili Hizmet | Ankara Özdemir Nakliyat,Çamlıdere Nakliyat Fiyatları,https://ankaraozdemirnakliyat.com/islemler/ankara/camlidere/nakliyat-fiyatlari,UNKNOWN,UNKNOWN,UNKNOWN,UNKNOWN,UNKNOWN,false
ozdemir,https://ankaraozdemirnakliyat.com/islemler/ankara/camlidere/korler,ankara_district_service,IMPROVE,200,true,174,0.0310,0.5814,0.3838,https://ankaraozdemirnakliyat.com/islemler/ankara/camlidere/yayalar,false,false,true,3,49,Ankara Çamlıdere Körler Evden Eve Nakliyat | Ankara Özdemir Nakliyat,Çamlıdere Körler . LOJİSTİK,https://ankaraozdemirnakliyat.com/islemler/ankara/camlidere/korler,UNKNOWN,UNKNOWN,UNKNOWN,UNKNOWN,UNKNOWN,false
ozdemir,https://ankaraozdemirnakliyat.com/islemler/ankara/camlidere/beyler,ankara_district_service,IMPROVE,200,true,175,0.0310,0.5814,0.8538,https://ankaraozdemirnakliyat.com/islemler/ankara/camlidere/yayalar,false,false,true,3,49,Ankara Çamlıdere Beyler Evden Eve Nakliyat | Ankara Özdemir Nakliyat,Çamlıdere Beyler . EVDEN EVE,https://ankaraozdemirnakliyat.com/islemler/ankara/camlidere/beyler,UNKNOWN,UNKNOWN,UNKNOWN,UNKNOWN,UNKNOWN,false
ozdemir,https://ankaraozdemirnakliyat.com/islemler/ankara/camlidere/yayalar,ankara_district_service,IMPROVE,200,true,175,0.0310,0.5814,0.4085,https://ankaraozdemirnakliyat.com/islemler/ankara/kalecik/ahikemal,false,false,true,3,49,Ankara Çamlıdere Yayalar Evden Eve Nakliyat | Ankara Özdemir Nakliyat,Çamlıdere Yayalar . EVDEN EVE,https://ankaraozdemirnakliyat.com/islemler/ankara/camlidere/yayalar,UNKNOWN,UNKNOWN,UNKNOWN,UNKNOWN,UNKNOWN,false
ozdemir,https://ankaraozdemirnakliyat.com/islemler/ankara/cankaya,ankara_district,KEEP,200,true,489,0.2389,0.7611,0.3274,https://ankaraozdemirnakliyat.com/islemler/ankara/evren,false,false,false,965,81,Çankaya Evden Eve Nakliyat | Sigortalı Taşıma | Ankara Özdemir Nakliyat,Çankaya . NAKLİYAT,https://ankaraozdemirnakliyat.com/islemler/ankara/cankaya,UNKNOWN,UNKNOWN,UNKNOWN,UNKNOWN,UNKNOWN,false
ozdemir,https://ankaraozdemirnakliyat.com/islemler/ankara/cankaya/evden-eve-nakliyat,ankara_district_service,IMPROVE,200,true,260,0.0161,0.8153,0.2840,https://ankaraozdemirnakliyat.com/islemler/ankara/cankaya/ofis-tasima,false,false,false,27,61,Çankaya Evden Eve Nakliyat | Garantili Hizmet | Ankara Özdemir Nakliyat,Çankaya Evden Eve Nakliyat,https://ankaraozdemirnakliyat.com/islemler/ankara/cankaya/evden-eve-nakliyat,UNKNOWN,UNKNOWN,UNKNOWN,UNKNOWN,UNKNOWN,false
ozdemir,https://ankaraozdemirnakliyat.com/islemler/ankara/cankaya/ofis-tasima,ankara_district_service,IMPROVE,200,true,240,0.0189,0.7783,0.2387,https://ankaraozdemirnakliyat.com/islemler/ankara/haymana/ofis-tasima,false,false,false,27,61,Çankaya Ofis Taşıma | Garantili Hizmet | Ankara Özdemir Nakliyat,Çankaya Ofis Taşıma,https://ankaraozdemirnakliyat.com/islemler/ankara/cankaya/ofis-tasima,UNKNOWN,UNKNOWN,UNKNOWN,UNKNOWN,UNKNOWN,false
ozdemir,https://ankaraozdemirnakliyat.com/islemler/ankara/cankaya/nakliyat-fiyatlari,ankara_district_service,IMPROVE,200,true,260,0.0172,0.7759,0.2852,https://ankaraozdemirnakliyat.com/islemler/ankara/haymana/nakliyat-fiyatlari,false,false,false,26,61,Çankaya Nakliyat Fiyatları | Garantili Hizmet | Ankara Özdemir Nakliyat,Çankaya Nakliyat Fiyatları,https://ankaraozdemirnakliyat.com/islemler/ankara/cankaya/nakliyat-fiyatlari,UNKNOWN,UNKNOWN,UNKNOWN,UNKNOWN,UNKNOWN,false
ozdemir,https://ankaraozdemirnakliyat.com/islemler/ankara/cankaya/ayranci,ankara_district_service,IMPROVE,200,true,245,0.0199,0.4627,0.5413,https://ankaraozdemirnakliyat.com/islemler/ankara/cankaya/balgat,false,false,false,28,65,Ankara Çankaya Ayrancı Evden Eve Nakliyat | Ankara Özdemir Nakliyat,Çankaya Ayrancı . EVDEN EVE,https://ankaraozdemirnakliyat.com/islemler/ankara/cankaya/ayranci,UNKNOWN,UNKNOWN,UNKNOWN,UNKNOWN,UNKNOWN,false
ozdemir,https://ankaraozdemirnakliyat.com/islemler/ankara/cankaya/bahcelievler,ankara_district_service,MANUAL_REVIEW,200,true,244,0.0199,0.1194,0.5394,https://ankaraozdemirnakliyat.com/islemler/ankara/cankaya/beysukent,true,false,false,28,65,Ankara Çankaya Bahçelievler Evden Eve Nakliyat | Ankara Özdemir Nakliyat,Çankaya Bahçelievler . LOJİSTİK,https://ankaraozdemirnakliyat.com/islemler/ankara/cankaya/bahcelievler,UNKNOWN,UNKNOWN,UNKNOWN,UNKNOWN,UNKNOWN,false
ozdemir,https://ankaraozdemirnakliyat.com/islemler/ankara/cankaya/balgat,ankara_district_service,MANUAL_REVIEW,200,true,245,0.0199,0.4627,0.9144,https://ankaraozdemirnakliyat.com/islemler/ankara/cankaya/cebeci,true,false,false,28,65,Ankara Çankaya Balgat Evden Eve Nakliyat | Ankara Özdemir Nakliyat,Çankaya Balgat . EVDEN EVE,https://ankaraozdemirnakliyat.com/islemler/ankara/cankaya/balgat,UNKNOWN,UNKNOWN,UNKNOWN,UNKNOWN,UNKNOWN,false
ozdemir,https://ankaraozdemirnakliyat.com/islemler/ankara/cankaya/beysukent,ankara_district_service,MERGE,200,true,244,0.0199,0.4627,0.9454,https://ankaraozdemirnakliyat.com/islemler/ankara/cankaya/beytepe,true,true,false,28,65,Ankara Çankaya Beysukent Evden Eve Nakliyat | Ankara Özdemir Nakliyat,Çankaya Beysukent . LOJİSTİK,https://ankaraozdemirnakliyat.com/islemler/ankara/cankaya/beysukent,UNKNOWN,UNKNOWN,UNKNOWN,UNKNOWN,UNKNOWN,false
ozdemir,https://ankaraozdemirnakliyat.com/islemler/ankara/cankaya/beytepe,ankara_district_service,MANUAL_REVIEW,200,true,244,0.0199,0.4627,0.8984,https://ankaraozdemirnakliyat.com/islemler/ankara/cankaya/birlik,true,false,false,28,65,Ankara Çankaya Beytepe Evden Eve Nakliyat | Ankara Özdemir Nakliyat,Çankaya Beytepe . LOJİSTİK,https://ankaraozdemirnakliyat.com/islemler/ankara/cankaya/beytepe,UNKNOWN,UNKNOWN,UNKNOWN,UNKNOWN,UNKNOWN,false
ozdemir,https://ankaraozdemirnakliyat.com/islemler/ankara/cankaya/birlik,ankara_district_service,MANUAL_REVIEW,200,true,244,0.0199,0.4627,0.9135,https://ankaraozdemirnakliyat.com/islemler/ankara/cankaya/dikmen,true,false,false,28,65,Ankara Çankaya Birlik Evden Eve Nakliyat | Ankara Özdemir Nakliyat,Çankaya Birlik . TAŞIMACILIK,https://ankaraozdemirnakliyat.com/islemler/ankara/cankaya/birlik,UNKNOWN,UNKNOWN,UNKNOWN,UNKNOWN,UNKNOWN,false
ozdemir,https://ankaraozdemirnakliyat.com/islemler/ankara/cankaya/cebeci,ankara_district_service,MANUAL_REVIEW,200,true,245,0.0199,0.4627,0.9043,https://ankaraozdemirnakliyat.com/islemler/ankara/cankaya/mustafa-kemal,true,false,false,28,65,Ankara Çankaya Cebeci Evden Eve Nakliyat | Ankara Özdemir Nakliyat,Çankaya Cebeci . EVDEN EVE,https://ankaraozdemirnakliyat.com/islemler/ankara/cankaya/cebeci,UNKNOWN,UNKNOWN,UNKNOWN,UNKNOWN,UNKNOWN,false
ozdemir,https://ankaraozdemirnakliyat.com/islemler/ankara/cankaya/cayyolu,ankara_district_service,IMPROVE,200,true,244,0.0199,0.4627,0.5353,https://ankaraozdemirnakliyat.com/islemler/ankara/cankaya/dikmen,false,false,false,28,65,Ankara Çankaya Çayyolu Evden Eve Nakliyat | Ankara Özdemir Nakliyat,Çankaya Çayyolu . LOJİSTİK,https://ankaraozdemirnakliyat.com/islemler/ankara/cankaya/cayyolu,UNKNOWN,UNKNOWN,UNKNOWN,UNKNOWN,UNKNOWN,false
ozdemir,https://ankaraozdemirnakliyat.com/islemler/ankara/cankaya/cukurambar,ankara_district_service,IMPROVE,200,true,244,0.0199,0.4627,0.5439,https://ankaraozdemirnakliyat.com/islemler/ankara/cankaya/dikmen,false,false,false,28,65,Ankara Çankaya Çukurambar Evden Eve Nakliyat | Ankara Özdemir Nakliyat,Çankaya Çukurambar . TAŞIMACILIK,https://ankaraozdemirnakliyat.com/islemler/ankara/cankaya/cukurambar,UNKNOWN,UNKNOWN,UNKNOWN,UNKNOWN,UNKNOWN,false
ozdemir,https://ankaraozdemirnakliyat.com/islemler/ankara/cankaya/dikmen,ankara_district_service,MERGE,200,true,244,0.0199,0.4627,0.9451,https://ankaraozdemirnakliyat.com/islemler/ankara/cankaya/esat,true,true,false,28,65,Ankara Çankaya Dikmen Evden Eve Nakliyat | Ankara Özdemir Nakliyat,Çankaya Dikmen . NAKLİYAT,https://ankaraozdemirnakliyat.com/islemler/ankara/cankaya/dikmen,UNKNOWN,UNKNOWN,UNKNOWN,UNKNOWN,UNKNOWN,false
ozdemir,https://ankaraozdemirnakliyat.com/islemler/ankara/cankaya/esat,ankara_district_service,MANUAL_REVIEW,200,true,244,0.0199,0.4627,0.9032,https://ankaraozdemirnakliyat.com/islemler/ankara/cankaya/maltepe,true,false,false,28,65,Ankara Çankaya Esat Evden Eve Nakliyat | Ankara Özdemir Nakliyat,Çankaya Esat . TAŞIMACILIK,https://ankaraozdemirnakliyat.com/islemler/ankara/cankaya/esat,UNKNOWN,UNKNOWN,UNKNOWN,UNKNOWN,UNKNOWN,false
ozdemir,https://ankaraozdemirnakliyat.com/islemler/ankara/cankaya/gaziosmanpasa,ankara_district_service,MANUAL_REVIEW,200,true,244,0.0199,0.1194,0.5226,https://ankaraozdemirnakliyat.com/islemler/ankara/cankaya/maltepe,true,false,false,28,65,Ankara Çankaya Gaziosmanpaşa Evden Eve Nakliyat | Ankara Özdemir Nakliyat,Çankaya Gaziosmanpaşa . LOJİSTİK,https://ankaraozdemirnakliyat.com/islemler/ankara/cankaya/gaziosmanpasa,UNKNOWN,UNKNOWN,UNKNOWN,UNKNOWN,UNKNOWN,false
ozdemir,https://ankaraozdemirnakliyat.com/islemler/ankara/cankaya/kavaklidere,ankara_district_service,IMPROVE,200,true,245,0.0199,0.4627,0.5267,https://ankaraozdemirnakliyat.com/islemler/ankara/cankaya/maltepe,false,false,false,28,65,Ankara Çankaya Kavaklıdere Evden Eve Nakliyat | Ankara Özdemir Nakliyat,Çankaya Kavaklıdere . EVDEN EVE,https://ankaraozdemirnakliyat.com/islemler/ankara/cankaya/kavaklidere,UNKNOWN,UNKNOWN,UNKNOWN,UNKNOWN,UNKNOWN,false
ozdemir,https://ankaraozdemirnakliyat.com/islemler/ankara/cankaya/kirkkonaklar,ankara_district_service,IMPROVE,200,true,244,0.0199,0.4627,0.5375,https://ankaraozdemirnakliyat.com/islemler/ankara/cankaya/maltepe,false,false,false,28,65,Ankara Çankaya Kırkkonaklar Evden Eve Nakliyat | Ankara Özdemir Nakliyat,Çankaya Kırkkonaklar . NAKLİYAT,https://ankaraozdemirnakliyat.com/islemler/ankara/cankaya/kirkkonaklar,UNKNOWN,UNKNOWN,UNKNOWN,UNKNOWN,UNKNOWN,false
ozdemir,https://ankaraozdemirnakliyat.com/islemler/ankara/cankaya/kizilay,ankara_district_service,IMPROVE,200,true,244,0.0199,0.4627,0.5439,https://ankaraozdemirnakliyat.com/islemler/ankara/cankaya/maltepe,false,false,false,28,65,Ankara Çankaya Kızılay Evden Eve Nakliyat | Ankara Özdemir Nakliyat,Çankaya Kızılay . TAŞIMACILIK,https://ankaraozdemirnakliyat.com/islemler/ankara/cankaya/kizilay,UNKNOWN,UNKNOWN,UNKNOWN,UNKNOWN,UNKNOWN,false
ozdemir,https://ankaraozdemirnakliyat.com/islemler/ankara/cankaya/maltepe,ankara_district_service,MERGE,200,true,244,0.0199,0.4627,0.9451,https://ankaraozdemirnakliyat.com/islemler/ankara/cankaya/oran,true,true,false,28,65,Ankara Çankaya Maltepe Evden Eve Nakliyat | Ankara Özdemir Nakliyat,Çankaya Maltepe . NAKLİYAT,https://ankaraozdemirnakliyat.com/islemler/ankara/cankaya/maltepe,UNKNOWN,UNKNOWN,UNKNOWN,UNKNOWN,UNKNOWN,false
ozdemir,https://ankaraozdemirnakliyat.com/islemler/ankara/cankaya/oran,ankara_district_service,MANUAL_REVIEW,200,true,244,0.0199,0.4627,0.8836,https://ankaraozdemirnakliyat.com/islemler/ankara/cankaya/mustafa-kemal,true,false,false,28,65,Ankara Çankaya Oran Evden Eve Nakliyat | Ankara Özdemir Nakliyat,Çankaya Oran . NAKLİYAT,https://ankaraozdemirnakliyat.com/islemler/ankara/cankaya/oran,UNKNOWN,UNKNOWN,UNKNOWN,UNKNOWN,UNKNOWN,false
ozdemir,https://ankaraozdemirnakliyat.com/islemler/ankara/cankaya/ovecler,ankara_district_service,IMPROVE,200,true,245,0.0199,0.4627,0.5477,https://ankaraozdemirnakliyat.com/islemler/ankara/cankaya/mustafa-kemal,false,false,false,28,65,Ankara Çankaya Öveçler Evden Eve Nakliyat | Ankara Özdemir Nakliyat,Çankaya Öveçler . EVDEN EVE,https://ankaraozdemirnakliyat.com/islemler/ankara/cankaya/ovecler,UNKNOWN,UNKNOWN,UNKNOWN,UNKNOWN,UNKNOWN,false
ozdemir,https://ankaraozdemirnakliyat.com/islemler/ankara/cankaya/sogutozu,ankara_district_service,IMPROVE,200,true,244,0.0199,0.3731,0.5720,https://ankaraozdemirnakliyat.com/islemler/ankara/cankaya/mustafa-kemal,false,false,false,19,65,Ankara Çankaya Söğütözü Evden Eve Nakliyat | Ankara Özdemir Nakliyat,Çankaya Söğütözü . NAKLİYAT,https://ankaraozdemirnakliyat.com/islemler/ankara/cankaya/sogutozu,UNKNOWN,UNKNOWN,UNKNOWN,UNKNOWN,UNKNOWN,false
ozdemir,https://ankaraozdemirnakliyat.com/islemler/ankara/cankaya/yildiz,ankara_district_service,IMPROVE,200,true,244,0.0199,0.3731,0.5720,https://ankaraozdemirnakliyat.com/islemler/ankara/cankaya/mustafa-kemal,false,false,false,1,65,Ankara Çankaya Yıldız Evden Eve Nakliyat | Ankara Özdemir Nakliyat,Çankaya Yıldız . TAŞIMACILIK,https://ankaraozdemirnakliyat.com/islemler/ankara/cankaya/yildiz,UNKNOWN,UNKNOWN,UNKNOWN,UNKNOWN,UNKNOWN,false
ozdemir,https://ankaraozdemirnakliyat.com/islemler/ankara/cankaya/yuzuncuyil,ankara_district_service,IMPROVE,200,true,244,0.0199,0.3731,0.5696,https://ankaraozdemirnakliyat.com/islemler/ankara/cankaya/mustafa-kemal,false,false,false,1,65,Ankara Çankaya Yüzüncüyıl Evden Eve Nakliyat | Ankara Özdemir Nakliyat,Çankaya Yüzüncüyıl . LOJİSTİK,https://ankaraozdemirnakliyat.com/islemler/ankara/cankaya/yuzuncuyil,UNKNOWN,UNKNOWN,UNKNOWN,UNKNOWN,UNKNOWN,false
ozdemir,https://ankaraozdemirnakliyat.com/islemler/ankara/cankaya/umitkoy,ankara_district_service,IMPROVE,200,true,244,0.0199,0.3731,0.5720,https://ankaraozdemirnakliyat.com/islemler/ankara/cankaya/mustafa-kemal,false,false,false,1,65,Ankara Çankaya Ümitköy Evden Eve Nakliyat | Ankara Özdemir Nakliyat,Çankaya Ümitköy . NAKLİYAT,https://ankaraozdemirnakliyat.com/islemler/ankara/cankaya/umitkoy,UNKNOWN,UNKNOWN,UNKNOWN,UNKNOWN,UNKNOWN,false
ozdemir,https://ankaraozdemirnakliyat.com/islemler/ankara/cankaya/yasamkent,ankara_district_service,IMPROVE,200,true,244,0.0199,0.3731,0.5720,https://ankaraozdemirnakliyat.com/islemler/ankara/cankaya/mustafa-kemal,false,false,false,1,65,Ankara Çankaya Yaşamkent Evden Eve Nakliyat | Ankara Özdemir Nakliyat,Çankaya Yaşamkent . TAŞIMACILIK,https://ankaraozdemirnakliyat.com/islemler/ankara/cankaya/yasamkent,UNKNOWN,UNKNOWN,UNKNOWN,UNKNOWN,UNKNOWN,false
ozdemir,https://ankaraozdemirnakliyat.com/islemler/ankara/cankaya/mustafa-kemal,ankara_district_service,MERGE,200,true,261,0.0171,0.4615,1.0000,https://ankaraozdemirnakliyat.com/islemler/ankara/cankaya/malazgirt,true,true,false,1,65,Ankara Çankaya Mustafa Kemal Evden Eve Nakliyat | Ankara Özdemir Nakliyat,Çankaya Mustafa Kemal . EVDEN EVE,https://ankaraozdemirnakliyat.com/islemler/ankara/cankaya/mustafa-kemal,UNKNOWN,UNKNOWN,UNKNOWN,UNKNOWN,UNKNOWN,false
ozdemir,https://ankaraozdemirnakliyat.com/islemler/ankara/cankaya/mursel-uluc,ankara_district_service,IMPROVE,200,true,260,0.0171,0.4615,0.5378,https://ankaraozdemirnakliyat.com/islemler/ankara/cankaya/malazgirt,false,false,false,1,65,Ankara Çankaya Mürsel Uluç Evden Eve Nakliyat | Ankara Özdemir Nakliyat,Çankaya Mürsel Uluç . NAKLİYAT,https://ankaraozdemirnakliyat.com/islemler/ankara/cankaya/mursel-uluc,UNKNOWN,UNKNOWN,UNKNOWN,UNKNOWN,UNKNOWN,false
ozdemir,https://ankaraozdemirnakliyat.com/islemler/ankara/cankaya/malazgirt,ankara_district_service,MANUAL_REVIEW,200,true,245,0.0199,0.0299,0.5696,https://ankaraozdemirnakliyat.com/islemler/ankara/cankaya/keklik-pinari,true,false,false,1,65,Ankara Çankaya Malazgirt Evden Eve Nakliyat | Ankara Özdemir Nakliyat,Çankaya Malazgirt . EVDEN EVE,https://ankaraozdemirnakliyat.com/islemler/ankara/cankaya/malazgirt,UNKNOWN,UNKNOWN,UNKNOWN,UNKNOWN,UNKNOWN,false
ozdemir,https://ankaraozdemirnakliyat.com/islemler/ankara/cankaya/keklik-pinari,ankara_district_service,IMPROVE,200,true,260,0.0171,0.4615,0.5440,https://ankaraozdemirnakliyat.com/islemler/ankara/cankaya/akpinar,false,false,false,1,65,Ankara Çankaya Keklik Pınarı Evden Eve Nakliyat | Ankara Özdemir Nakliyat,Çankaya Keklik Pınarı . LOJİSTİK,https://ankaraozdemirnakliyat.com/islemler/ankara/cankaya/keklik-pinari,UNKNOWN,UNKNOWN,UNKNOWN,UNKNOWN,UNKNOWN,false
ozdemir,https://ankaraozdemirnakliyat.com/islemler/ankara/cankaya/akpinar,ankara_district_service,IMPROVE,200,true,244,0.0199,0.3731,0.1264,https://ankaraozdemirnakliyat.com/islemler/ankara/kalecik/ahikemal,false,false,false,1,65,Ankara Çankaya Akpınar Evden Eve Nakliyat | Ankara Özdemir Nakliyat,Çankaya Akpınar . LOJİSTİK,https://ankaraozdemirnakliyat.com/islemler/ankara/cankaya/akpinar,UNKNOWN,UNKNOWN,UNKNOWN,UNKNOWN,UNKNOWN,false
ozdemir,https://ankaraozdemirnakliyat.com/islemler/ankara/cubuk,ankara_district,IMPROVE,200,true,433,0.2771,0.7229,0.3634,https://ankaraozdemirnakliyat.com/islemler/ankara/evren,false,false,false,965,57,Çubuk Evden Eve Nakliyat | Sigortalı Taşıma | Ankara Özdemir Nakliyat,Çubuk . NAKLİYAT,https://ankaraozdemirnakliyat.com/islemler/ankara/cubuk,UNKNOWN,UNKNOWN,UNKNOWN,UNKNOWN,UNKNOWN,false
ozdemir,https://ankaraozdemirnakliyat.com/islemler/ankara/cubuk/evden-eve-nakliyat,ankara_district_service,IMPROVE,200,true,260,0.0161,0.8153,0.2840,https://ankaraozdemirnakliyat.com/islemler/ankara/cubuk/ofis-tasima,false,false,false,27,61,Çubuk Evden Eve Nakliyat | Garantili Hizmet | Ankara Özdemir Nakliyat,Çubuk Evden Eve Nakliyat,https://ankaraozdemirnakliyat.com/islemler/ankara/cubuk/evden-eve-nakliyat,UNKNOWN,UNKNOWN,UNKNOWN,UNKNOWN,UNKNOWN,false
ozdemir,https://ankaraozdemirnakliyat.com/islemler/ankara/cubuk/ofis-tasima,ankara_district_service,IMPROVE,200,true,240,0.0189,0.7783,0.2387,https://ankaraozdemirnakliyat.com/islemler/ankara/etimesgut/ofis-tasima,false,false,false,27,61,Çubuk Ofis Taşıma | Garantili Hizmet | Ankara Özdemir Nakliyat,Çubuk Ofis Taşıma,https://ankaraozdemirnakliyat.com/islemler/ankara/cubuk/ofis-tasima,UNKNOWN,UNKNOWN,UNKNOWN,UNKNOWN,UNKNOWN,false
ozdemir,https://ankaraozdemirnakliyat.com/islemler/ankara/cubuk/nakliyat-fiyatlari,ankara_district_service,IMPROVE,200,true,260,0.0172,0.7759,0.2852,https://ankaraozdemirnakliyat.com/islemler/ankara/etimesgut/nakliyat-fiyatlari,false,false,false,26,61,Çubuk Nakliyat Fiyatları | Garantili Hizmet | Ankara Özdemir Nakliyat,Çubuk Nakliyat Fiyatları,https://ankaraozdemirnakliyat.com/islemler/ankara/cubuk/nakliyat-fiyatlari,UNKNOWN,UNKNOWN,UNKNOWN,UNKNOWN,UNKNOWN,false
ozdemir,https://ankaraozdemirnakliyat.com/islemler/ankara/cubuk/yavuz-selim,ankara_district_service,MANUAL_REVIEW,200,true,215,0.0212,0.0635,0.8313,https://ankaraozdemirnakliyat.com/islemler/ankara/cubuk/barbaros,true,false,true,4,50,Ankara Çubuk Yavuz Selim Evden Eve Nakliyat | Ankara Özdemir Nakliyat,Çubuk Yavuz Selim . TAŞIMACILIK,https://ankaraozdemirnakliyat.com/islemler/ankara/cubuk/yavuz-selim,UNKNOWN,UNKNOWN,UNKNOWN,UNKNOWN,UNKNOWN,false
ozdemir,https://ankaraozdemirnakliyat.com/islemler/ankara/cubuk/cumhuriyet,ankara_district_service,MANUAL_REVIEW,200,true,201,0.0255,0.0701,0.8000,https://ankaraozdemirnakliyat.com/islemler/ankara/cubuk/barbaros,true,false,true,4,50,Ankara Çubuk Cumhuriyet Evden Eve Nakliyat | Ankara Özdemir Nakliyat,Çubuk Cumhuriyet . EVDEN EVE,https://ankaraozdemirnakliyat.com/islemler/ankara/cubuk/cumhuriyet,UNKNOWN,UNKNOWN,UNKNOWN,UNKNOWN,UNKNOWN,false
ozdemir,https://ankaraozdemirnakliyat.com/islemler/ankara/cubuk/yildirim-beyazit,ankara_district_service,IMPROVE,200,true,216,0.0212,0.5926,0.4405,https://ankaraozdemirnakliyat.com/islemler/ankara/cubuk/barbaros,false,false,true,4,50,Ankara Çubuk Yıldırım Beyazıt Evden Eve Nakliyat | Ankara Özdemir Nakliyat,Çubuk Yıldırım Beyazıt . EVDEN EVE,https://ankaraozdemirnakliyat.com/islemler/ankara/cubuk/yildirim-beyazit,UNKNOWN,UNKNOWN,UNKNOWN,UNKNOWN,UNKNOWN,false
ozdemir,https://ankaraozdemirnakliyat.com/islemler/ankara/cubuk/barbaros,ankara_district_service,IMPROVE,200,true,200,0.0255,0.5096,0.3508,https://ankaraozdemirnakliyat.com/islemler/ankara/kalecik/ahikemal,false,false,true,4,50,Ankara Çubuk Barbaros Evden Eve Nakliyat | Ankara Özdemir Nakliyat,Çubuk Barbaros . NAKLİYAT,https://ankaraozdemirnakliyat.com/islemler/ankara/cubuk/barbaros,UNKNOWN,UNKNOWN,UNKNOWN,UNKNOWN,UNKNOWN,false
ozdemir,https://ankaraozdemirnakliyat.com/islemler/ankara/elmadag,ankara_district,IMPROVE,200,true,425,0.2878,0.7122,0.3759,https://ankaraozdemirnakliyat.com/islemler/ankara/evren,false,false,false,965,57,Elmadağ Evden Eve Nakliyat | Sigortalı Taşıma | Ankara Özdemir Nakliyat,Elmadağ . NAKLİYAT,https://ankaraozdemirnakliyat.com/islemler/ankara/elmadag,UNKNOWN,UNKNOWN,UNKNOWN,UNKNOWN,UNKNOWN,false
ozdemir,https://ankaraozdemirnakliyat.com/islemler/ankara/elmadag/evden-eve-nakliyat,ankara_district_service,IMPROVE,200,true,260,0.0161,0.8153,0.2840,https://ankaraozdemirnakliyat.com/islemler/ankara/elmadag/ofis-tasima,false,false,false,27,61,Elmadağ Evden Eve Nakliyat | Garantili Hizmet | Ankara Özdemir Nakliyat,Elmadağ Evden Eve Nakliyat,https://ankaraozdemirnakliyat.com/islemler/ankara/elmadag/evden-eve-nakliyat,UNKNOWN,UNKNOWN,UNKNOWN,UNKNOWN,UNKNOWN,false
ozdemir,https://ankaraozdemirnakliyat.com/islemler/ankara/elmadag/ofis-tasima,ankara_district_service,IMPROVE,200,true,240,0.0189,0.7783,0.2438,https://ankaraozdemirnakliyat.com/islemler/ankara/etimesgut/ofis-tasima,false,false,false,27,61,Elmadağ Ofis Taşıma | Garantili Hizmet | Ankara Özdemir Nakliyat,Elmadağ Ofis Taşıma,https://ankaraozdemirnakliyat.com/islemler/ankara/elmadag/ofis-tasima,UNKNOWN,UNKNOWN,UNKNOWN,UNKNOWN,UNKNOWN,false
ozdemir,https://ankaraozdemirnakliyat.com/islemler/ankara/elmadag/nakliyat-fiyatlari,ankara_district_service,IMPROVE,200,true,260,0.0172,0.7759,0.2899,https://ankaraozdemirnakliyat.com/islemler/ankara/etimesgut/nakliyat-fiyatlari,false,false,false,26,61,Elmadağ Nakliyat Fiyatları | Garantili Hizmet | Ankara Özdemir Nakliyat,Elmadağ Nakliyat Fiyatları,https://ankaraozdemirnakliyat.com/islemler/ankara/elmadag/nakliyat-fiyatlari,UNKNOWN,UNKNOWN,UNKNOWN,UNKNOWN,UNKNOWN,false
ozdemir,https://ankaraozdemirnakliyat.com/islemler/ankara/elmadag/yenimahalle,ankara_district_service,IMPROVE,200,true,192,0.0284,0.5319,0.8456,https://ankaraozdemirnakliyat.com/islemler/ankara/elmadag/lalabel,false,false,true,4,50,Ankara Elmadağ Yenimahalle Evden Eve Nakliyat | Ankara Özdemir Nakliyat,Elmadağ Yenimahalle . TAŞIMACILIK,https://ankaraozdemirnakliyat.com/islemler/ankara/elmadag/yenimahalle,UNKNOWN,UNKNOWN,UNKNOWN,UNKNOWN,UNKNOWN,false
ozdemir,https://ankaraozdemirnakliyat.com/islemler/ankara/elmadag/tatlica,ankara_district_service,IMPROVE,200,true,192,0.0284,0.5319,0.4455,https://ankaraozdemirnakliyat.com/islemler/ankara/elmadag/lalabel,false,false,true,4,50,Ankara Elmadağ Tatlıca Evden Eve Nakliyat | Ankara Özdemir Nakliyat,Elmadağ Tatlıca . LOJİSTİK,https://ankaraozdemirnakliyat.com/islemler/ankara/elmadag/tatlica,UNKNOWN,UNKNOWN,UNKNOWN,UNKNOWN,UNKNOWN,false
ozdemir,https://ankaraozdemirnakliyat.com/islemler/ankara/elmadag/hasanoglan,ankara_district_service,IMPROVE,200,true,192,0.0284,0.5319,0.4550,https://ankaraozdemirnakliyat.com/islemler/ankara/elmadag/lalabel,false,false,true,4,50,Ankara Elmadağ Hasanoğlan Evden Eve Nakliyat | Ankara Özdemir Nakliyat,Elmadağ Hasanoğlan . NAKLİYAT,https://ankaraozdemirnakliyat.com/islemler/ankara/elmadag/hasanoglan,UNKNOWN,UNKNOWN,UNKNOWN,UNKNOWN,UNKNOWN,false
ozdemir,https://ankaraozdemirnakliyat.com/islemler/ankara/elmadag/lalabel,ankara_district_service,IMPROVE,200,true,192,0.0284,0.5319,0.3702,https://ankaraozdemirnakliyat.com/islemler/ankara/kalecik/ahikemal,false,false,true,4,50,Ankara Elmadağ Lalabel Evden Eve Nakliyat | Ankara Özdemir Nakliyat,Elmadağ Lalabel . TAŞIMACILIK,https://ankaraozdemirnakliyat.com/islemler/ankara/elmadag/lalabel,UNKNOWN,UNKNOWN,UNKNOWN,UNKNOWN,UNKNOWN,false
ozdemir,https://ankaraozdemirnakliyat.com/islemler/ankara/etimesgut,ankara_district,KEEP,200,true,458,0.2587,0.7413,0.5965,https://ankaraozdemirnakliyat.com/islemler/ankara/evren,false,false,false,965,66,Etimesgut Evden Eve Nakliyat | Sigortalı Taşıma | Ankara Özdemir Nakliyat,Etimesgut . NAKLİYAT,https://ankaraozdemirnakliyat.com/islemler/ankara/etimesgut,UNKNOWN,UNKNOWN,UNKNOWN,UNKNOWN,UNKNOWN,false
ozdemir,https://ankaraozdemirnakliyat.com/islemler/ankara/etimesgut/evden-eve-nakliyat,ankara_district_service,MANUAL_REVIEW,200,true,260,0.0161,0.8153,0.9301,https://ankaraozdemirnakliyat.com/islemler/ankara/evren/evden-eve-nakliyat,true,false,false,27,61,Etimesgut Evden Eve Nakliyat | Garantili Hizmet | Ankara Özdemir Nakliyat,Etimesgut Evden Eve Nakliyat,https://ankaraozdemirnakliyat.com/islemler/ankara/etimesgut/evden-eve-nakliyat,UNKNOWN,UNKNOWN,UNKNOWN,UNKNOWN,UNKNOWN,false
ozdemir,https://ankaraozdemirnakliyat.com/islemler/ankara/etimesgut/ofis-tasima,ankara_district_service,MANUAL_REVIEW,200,true,240,0.0189,0.7783,0.9296,https://ankaraozdemirnakliyat.com/islemler/ankara/evren/ofis-tasima,true,false,false,27,61,Etimesgut Ofis Taşıma | Garantili Hizmet | Ankara Özdemir Nakliyat,Etimesgut Ofis Taşıma,https://ankaraozdemirnakliyat.com/islemler/ankara/etimesgut/ofis-tasima,UNKNOWN,UNKNOWN,UNKNOWN,UNKNOWN,UNKNOWN,false
ozdemir,https://ankaraozdemirnakliyat.com/islemler/ankara/etimesgut/nakliyat-fiyatlari,ankara_district_service,MERGE,200,true,260,0.0172,0.7759,0.9408,https://ankaraozdemirnakliyat.com/islemler/ankara/evren/nakliyat-fiyatlari,true,true,false,26,61,Etimesgut Nakliyat Fiyatları | Garantili Hizmet | Ankara Özdemir Nakliyat,Etimesgut Nakliyat Fiyatları,https://ankaraozdemirnakliyat.com/islemler/ankara/etimesgut/nakliyat-fiyatlari,UNKNOWN,UNKNOWN,UNKNOWN,UNKNOWN,UNKNOWN,false
ozdemir,https://ankaraozdemirnakliyat.com/islemler/ankara/etimesgut/eryaman,ankara_district_service,IMPROVE,200,true,225,0.0220,0.4890,0.7966,https://ankaraozdemirnakliyat.com/islemler/ankara/etimesgut/piyade,false,false,false,13,59,Ankara Etimesgut Eryaman Evden Eve Nakliyat | Ankara Özdemir Nakliyat,Etimesgut Eryaman . TAŞIMACILIK,https://ankaraozdemirnakliyat.com/islemler/ankara/etimesgut/eryaman,UNKNOWN,UNKNOWN,UNKNOWN,UNKNOWN,UNKNOWN,false
ozdemir,https://ankaraozdemirnakliyat.com/islemler/ankara/etimesgut/baglica,ankara_district_service,IMPROVE,200,true,226,0.0220,0.4890,0.4978,https://ankaraozdemirnakliyat.com/islemler/ankara/etimesgut/piyade,false,false,false,13,59,Ankara Etimesgut Bağlıca Evden Eve Nakliyat | Ankara Özdemir Nakliyat,Etimesgut Bağlıca . EVDEN EVE,https://ankaraozdemirnakliyat.com/islemler/ankara/etimesgut/baglica,UNKNOWN,UNKNOWN,UNKNOWN,UNKNOWN,UNKNOWN,false
ozdemir,https://ankaraozdemirnakliyat.com/islemler/ankara/etimesgut/elvankent,ankara_district_service,IMPROVE,200,true,225,0.0220,0.4890,0.8171,https://ankaraozdemirnakliyat.com/islemler/ankara/etimesgut/piyade,false,false,false,13,59,Ankara Etimesgut Elvankent Evden Eve Nakliyat | Ankara Özdemir Nakliyat,Etimesgut Elvankent . NAKLİYAT,https://ankaraozdemirnakliyat.com/islemler/ankara/etimesgut/elvankent,UNKNOWN,UNKNOWN,UNKNOWN,UNKNOWN,UNKNOWN,false
ozdemir,https://ankaraozdemirnakliyat.com/islemler/ankara/etimesgut/guzelkent,ankara_district_service,IMPROVE,200,true,225,0.0220,0.4890,0.5158,https://ankaraozdemirnakliyat.com/islemler/ankara/etimesgut/piyade,false,false,false,13,59,Ankara Etimesgut Güzelkent Evden Eve Nakliyat | Ankara Özdemir Nakliyat,Etimesgut Güzelkent . NAKLİYAT,https://ankaraozdemirnakliyat.com/islemler/ankara/etimesgut/guzelkent,UNKNOWN,UNKNOWN,UNKNOWN,UNKNOWN,UNKNOWN,false
ozdemir,https://ankaraozdemirnakliyat.com/islemler/ankara/etimesgut/seker,ankara_district_service,IMPROVE,200,true,225,0.0220,0.4890,0.5227,https://ankaraozdemirnakliyat.com/islemler/ankara/etimesgut/piyade,false,false,false,13,59,Ankara Etimesgut Şeker Evden Eve Nakliyat | Ankara Özdemir Nakliyat,Etimesgut Şeker . TAŞIMACILIK,https://ankaraozdemirnakliyat.com/islemler/ankara/etimesgut/seker,UNKNOWN,UNKNOWN,UNKNOWN,UNKNOWN,UNKNOWN,false
ozdemir,https://ankaraozdemirnakliyat.com/islemler/ankara/etimesgut/piyade,ankara_district_service,MANUAL_REVIEW,200,true,225,0.0220,0.4890,0.8935,https://ankaraozdemirnakliyat.com/islemler/ankara/etimesgut/istasyon,true,false,false,13,59,Ankara Etimesgut Piyade Evden Eve Nakliyat | Ankara Özdemir Nakliyat,Etimesgut Piyade . NAKLİYAT,https://ankaraozdemirnakliyat.com/islemler/ankara/etimesgut/piyade,UNKNOWN,UNKNOWN,UNKNOWN,UNKNOWN,UNKNOWN,false
ozdemir,https://ankaraozdemirnakliyat.com/islemler/ankara/etimesgut/topcu,ankara_district_service,IMPROVE,200,true,226,0.0220,0.4890,0.4937,https://ankaraozdemirnakliyat.com/islemler/ankara/etimesgut/ayyildiz,false,false,false,13,59,Ankara Etimesgut Topçu Evden Eve Nakliyat | Ankara Özdemir Nakliyat,Etimesgut Topçu . EVDEN EVE,https://ankaraozdemirnakliyat.com/islemler/ankara/etimesgut/topcu,UNKNOWN,UNKNOWN,UNKNOWN,UNKNOWN,UNKNOWN,false
ozdemir,https://ankaraozdemirnakliyat.com/islemler/ankara/etimesgut/ayyildiz,ankara_district_service,IMPROVE,200,true,226,0.0220,0.4890,0.4956,https://ankaraozdemirnakliyat.com/islemler/ankara/etimesgut/alsancak,false,false,false,13,59,Ankara Etimesgut Ayyıldız Evden Eve Nakliyat | Ankara Özdemir Nakliyat,Etimesgut Ayyıldız . EVDEN EVE,https://ankaraozdemirnakliyat.com/islemler/ankara/etimesgut/ayyildiz,UNKNOWN,UNKNOWN,UNKNOWN,UNKNOWN,UNKNOWN,false
ozdemir,https://ankaraozdemirnakliyat.com/islemler/ankara/etimesgut/yapracik,ankara_district_service,IMPROVE,200,true,225,0.0220,0.4890,0.5067,https://ankaraozdemirnakliyat.com/islemler/ankara/etimesgut/alsancak,false,false,false,13,59,Ankara Etimesgut Yapracık Evden Eve Nakliyat | Ankara Özdemir Nakliyat,Etimesgut Yapracık . NAKLİYAT,https://ankaraozdemirnakliyat.com/islemler/ankara/etimesgut/yapracik,UNKNOWN,UNKNOWN,UNKNOWN,UNKNOWN,UNKNOWN,false
ozdemir,https://ankaraozdemirnakliyat.com/islemler/ankara/etimesgut/30-agustos,ankara_district_service,IMPROVE,200,true,240,0.0187,0.5654,0.5158,https://ankaraozdemirnakliyat.com/islemler/ankara/etimesgut/alsancak,false,false,false,13,59,Ankara Etimesgut 30 Ağustos Evden Eve Nakliyat | Ankara Özdemir Nakliyat,Etimesgut 30 Ağustos . TAŞIMACILIK,https://ankaraozdemirnakliyat.com/islemler/ankara/etimesgut/30-agustos,UNKNOWN,UNKNOWN,UNKNOWN,UNKNOWN,UNKNOWN,false
ozdemir,https://ankaraozdemirnakliyat.com/islemler/ankara/etimesgut/alsancak,ankara_district_service,MANUAL_REVIEW,200,true,225,0.0220,0.4890,0.9107,https://ankaraozdemirnakliyat.com/islemler/ankara/etimesgut/istasyon,true,false,false,13,59,Ankara Etimesgut Alsancak Evden Eve Nakliyat | Ankara Özdemir Nakliyat,Etimesgut Alsancak . LOJİSTİK,https://ankaraozdemirnakliyat.com/islemler/ankara/etimesgut/alsancak,UNKNOWN,UNKNOWN,UNKNOWN,UNKNOWN,UNKNOWN,false
ozdemir,https://ankaraozdemirnakliyat.com/islemler/ankara/etimesgut/istasyon,ankara_district_service,MANUAL_REVIEW,200,true,225,0.0220,0.1099,0.5182,https://ankaraozdemirnakliyat.com/islemler/ankara/etimesgut/kazim-karabekir,true,false,false,13,59,Ankara Etimesgut İstasyon Evden Eve Nakliyat | Ankara Özdemir Nakliyat,Etimesgut İstasyon . TAŞIMACILIK,https://ankaraozdemirnakliyat.com/islemler/ankara/etimesgut/istasyon,UNKNOWN,UNKNOWN,UNKNOWN,UNKNOWN,UNKNOWN,false
ozdemir,https://ankaraozdemirnakliyat.com/islemler/ankara/etimesgut/kazim-karabekir,ankara_district_service,IMPROVE,200,true,240,0.0187,0.5654,0.3185,https://ankaraozdemirnakliyat.com/islemler/ankara/mamak/kazim-orbay,false,false,false,13,59,Ankara Etimesgut Kazım Karabekir Evden Eve Nakliyat | Ankara Özdemir Nakliyat,Etimesgut Kazım Karabekir . NAKLİYAT,https://ankaraozdemirnakliyat.com/islemler/ankara/etimesgut/kazim-karabekir,UNKNOWN,UNKNOWN,UNKNOWN,UNKNOWN,UNKNOWN,false
ozdemir,https://ankaraozdemirnakliyat.com/islemler/ankara/evren,ankara_district,IMPROVE,200,true,407,0.3012,0.6988,0.6634,https://ankaraozdemirnakliyat.com/islemler/ankara/kalecik,false,false,false,965,55,Evren Evden Eve Nakliyat | Sigortalı Taşıma | Ankara Özdemir Nakliyat,Evren . NAKLİYAT,https://ankaraozdemirnakliyat.com/islemler/ankara/evren,UNKNOWN,UNKNOWN,UNKNOWN,UNKNOWN,UNKNOWN,false
ozdemir,https://ankaraozdemirnakliyat.com/islemler/ankara/evren/evden-eve-nakliyat,ankara_district_service,MANUAL_REVIEW,200,true,260,0.0161,0.8153,0.9167,https://ankaraozdemirnakliyat.com/islemler/ankara/haymana/evden-eve-nakliyat,true,false,false,27,61,Evren Evden Eve Nakliyat | Garantili Hizmet | Ankara Özdemir Nakliyat,Evren Evden Eve Nakliyat,https://ankaraozdemirnakliyat.com/islemler/ankara/evren/evden-eve-nakliyat,UNKNOWN,UNKNOWN,UNKNOWN,UNKNOWN,UNKNOWN,false
ozdemir,https://ankaraozdemirnakliyat.com/islemler/ankara/evren/ofis-tasima,ankara_district_service,MANUAL_REVIEW,200,true,240,0.0189,0.7783,0.9161,https://ankaraozdemirnakliyat.com/islemler/ankara/haymana/ofis-tasima,true,false,false,27,61,Evren Ofis Taşıma | Garantili Hizmet | Ankara Özdemir Nakliyat,Evren Ofis Taşıma,https://ankaraozdemirnakliyat.com/islemler/ankara/evren/ofis-tasima,UNKNOWN,UNKNOWN,UNKNOWN,UNKNOWN,UNKNOWN,false
ozdemir,https://ankaraozdemirnakliyat.com/islemler/ankara/evren/nakliyat-fiyatlari,ankara_district_service,MANUAL_REVIEW,200,true,260,0.0172,0.7759,0.9294,https://ankaraozdemirnakliyat.com/islemler/ankara/haymana/nakliyat-fiyatlari,true,false,false,26,61,Evren Nakliyat Fiyatları | Garantili Hizmet | Ankara Özdemir Nakliyat,Evren Nakliyat Fiyatları,https://ankaraozdemirnakliyat.com/islemler/ankara/evren/nakliyat-fiyatlari,UNKNOWN,UNKNOWN,UNKNOWN,UNKNOWN,UNKNOWN,false
ozdemir,https://ankaraozdemirnakliyat.com/islemler/ankara/evren/modern,ankara_district_service,IMPROVE,200,true,174,0.0308,0.5769,0.4671,https://ankaraozdemirnakliyat.com/islemler/ankara/kalecik/ahikemal,false,false,true,2,48,Ankara Evren Modern Evden Eve Nakliyat | Ankara Özdemir Nakliyat,Evren Modern . TAŞIMACILIK,https://ankaraozdemirnakliyat.com/islemler/ankara/evren/modern,UNKNOWN,UNKNOWN,UNKNOWN,UNKNOWN,UNKNOWN,false
ozdemir,https://ankaraozdemirnakliyat.com/islemler/ankara/evren/cikinagil,ankara_district_service,IMPROVE,200,true,175,0.0308,0.5769,0.1765,https://ankaraozdemirnakliyat.com/islemler/ankara/kalecik/ahikemal,false,false,true,2,48,Ankara Evren Çıkinağıl Evden Eve Nakliyat | Ankara Özdemir Nakliyat,Evren Çıkinağıl . EVDEN EVE,https://ankaraozdemirnakliyat.com/islemler/ankara/evren/cikinagil,UNKNOWN,UNKNOWN,UNKNOWN,UNKNOWN,UNKNOWN,false
ozdemir,https://ankaraozdemirnakliyat.com/islemler/ankara/golbasi,ankara_district,IMPROVE,200,true,443,0.2694,0.7306,0.3601,https://ankaraozdemirnakliyat.com/islemler/ankara/kalecik,false,false,false,965,62,Gölbaşı Evden Eve Nakliyat | Sigortalı Taşıma | Ankara Özdemir Nakliyat,Gölbaşı . NAKLİYAT,https://ankaraozdemirnakliyat.com/islemler/ankara/golbasi,UNKNOWN,UNKNOWN,UNKNOWN,UNKNOWN,UNKNOWN,false
ozdemir,https://ankaraozdemirnakliyat.com/islemler/ankara/golbasi/evden-eve-nakliyat,ankara_district_service,IMPROVE,200,true,260,0.0161,0.8153,0.2840,https://ankaraozdemirnakliyat.com/islemler/ankara/golbasi/ofis-tasima,false,false,false,27,61,Gölbaşı Evden Eve Nakliyat | Garantili Hizmet | Ankara Özdemir Nakliyat,Gölbaşı Evden Eve Nakliyat,https://ankaraozdemirnakliyat.com/islemler/ankara/golbasi/evden-eve-nakliyat,UNKNOWN,UNKNOWN,UNKNOWN,UNKNOWN,UNKNOWN,false
ozdemir,https://ankaraozdemirnakliyat.com/islemler/ankara/golbasi/ofis-tasima,ankara_district_service,IMPROVE,200,true,240,0.0189,0.7783,0.2594,https://ankaraozdemirnakliyat.com/islemler/ankara/haymana/ofis-tasima,false,false,false,27,61,Gölbaşı Ofis Taşıma | Garantili Hizmet | Ankara Özdemir Nakliyat,Gölbaşı Ofis Taşıma,https://ankaraozdemirnakliyat.com/islemler/ankara/golbasi/ofis-tasima,UNKNOWN,UNKNOWN,UNKNOWN,UNKNOWN,UNKNOWN,false
ozdemir,https://ankaraozdemirnakliyat.com/islemler/ankara/golbasi/nakliyat-fiyatlari,ankara_district_service,IMPROVE,200,true,260,0.0172,0.7759,0.3040,https://ankaraozdemirnakliyat.com/islemler/ankara/haymana/nakliyat-fiyatlari,false,false,false,26,61,Gölbaşı Nakliyat Fiyatları | Garantili Hizmet | Ankara Özdemir Nakliyat,Gölbaşı Nakliyat Fiyatları,https://ankaraozdemirnakliyat.com/islemler/ankara/golbasi/nakliyat-fiyatlari,UNKNOWN,UNKNOWN,UNKNOWN,UNKNOWN,UNKNOWN,false
ozdemir,https://ankaraozdemirnakliyat.com/islemler/ankara/golbasi/incek,ankara_district_service,IMPROVE,200,true,210,0.0240,0.4970,0.7964,https://ankaraozdemirnakliyat.com/islemler/ankara/golbasi/eymir,false,false,true,9,55,Ankara Gölbaşı İncek Evden Eve Nakliyat | Ankara Özdemir Nakliyat,Gölbaşı İncek . TAŞIMACILIK,https://ankaraozdemirnakliyat.com/islemler/ankara/golbasi/incek,UNKNOWN,UNKNOWN,UNKNOWN,UNKNOWN,UNKNOWN,false
ozdemir,https://ankaraozdemirnakliyat.com/islemler/ankara/golbasi/tuluntas,ankara_district_service,IMPROVE,200,true,210,0.0240,0.4970,0.4698,https://ankaraozdemirnakliyat.com/islemler/ankara/golbasi/eymir,false,false,true,9,55,Ankara Gölbaşı Tuluntaş Evden Eve Nakliyat | Ankara Özdemir Nakliyat,Gölbaşı Tuluntaş . NAKLİYAT,https://ankaraozdemirnakliyat.com/islemler/ankara/golbasi/tuluntas,UNKNOWN,UNKNOWN,UNKNOWN,UNKNOWN,UNKNOWN,false
ozdemir,https://ankaraozdemirnakliyat.com/islemler/ankara/golbasi/kizilcasar,ankara_district_service,IMPROVE,200,true,210,0.0240,0.4970,0.4766,https://ankaraozdemirnakliyat.com/islemler/ankara/golbasi/eymir,false,false,true,9,55,Ankara Gölbaşı Kızılcaşar Evden Eve Nakliyat | Ankara Özdemir Nakliyat,Gölbaşı Kızılcaşar . TAŞIMACILIK,https://ankaraozdemirnakliyat.com/islemler/ankara/golbasi/kizilcasar,UNKNOWN,UNKNOWN,UNKNOWN,UNKNOWN,UNKNOWN,false
ozdemir,https://ankaraozdemirnakliyat.com/islemler/ankara/golbasi/karsiyaka,ankara_district_service,MANUAL_REVIEW,200,true,210,0.0240,0.0838,0.4836,https://ankaraozdemirnakliyat.com/islemler/ankara/golbasi/eymir,true,false,true,9,55,Ankara Gölbaşı Karşıyaka Evden Eve Nakliyat | Ankara Özdemir Nakliyat,Gölbaşı Karşıyaka . NAKLİYAT,https://ankaraozdemirnakliyat.com/islemler/ankara/golbasi/karsiyaka,UNKNOWN,UNKNOWN,UNKNOWN,UNKNOWN,UNKNOWN,false
ozdemir,https://ankaraozdemirnakliyat.com/islemler/ankara/golbasi/eymir,ankara_district_service,IMPROVE,200,true,210,0.0240,0.4970,0.4836,https://ankaraozdemirnakliyat.com/islemler/ankara/golbasi/safak,false,false,true,9,55,Ankara Gölbaşı Eymir Evden Eve Nakliyat | Ankara Özdemir Nakliyat,Gölbaşı Eymir . LOJİSTİK,https://ankaraozdemirnakliyat.com/islemler/ankara/golbasi/eymir,UNKNOWN,UNKNOWN,UNKNOWN,UNKNOWN,UNKNOWN,false
ozdemir,https://ankaraozdemirnakliyat.com/islemler/ankara/golbasi/safak,ankara_district_service,IMPROVE,200,true,210,0.0240,0.4970,0.4518,https://ankaraozdemirnakliyat.com/islemler/ankara/golbasi/segmenler,false,false,true,9,55,Ankara Gölbaşı Şafak Evden Eve Nakliyat | Ankara Özdemir Nakliyat,Gölbaşı Şafak . TAŞIMACILIK,https://ankaraozdemirnakliyat.com/islemler/ankara/golbasi/safak,UNKNOWN,UNKNOWN,UNKNOWN,UNKNOWN,UNKNOWN,false
ozdemir,https://ankaraozdemirnakliyat.com/islemler/ankara/golbasi/segmenler,ankara_district_service,IMPROVE,200,true,210,0.0240,0.4970,0.4561,https://ankaraozdemirnakliyat.com/islemler/ankara/golbasi/gaziosmanpasa,false,false,true,9,55,Ankara Gölbaşı Seğmenler Evden Eve Nakliyat | Ankara Özdemir Nakliyat,Gölbaşı Seğmenler . LOJİSTİK,https://ankaraozdemirnakliyat.com/islemler/ankara/golbasi/segmenler,UNKNOWN,UNKNOWN,UNKNOWN,UNKNOWN,UNKNOWN,false
ozdemir,https://ankaraozdemirnakliyat.com/islemler/ankara/golbasi/gaziosmanpasa,ankara_district_service,MANUAL_REVIEW,200,true,210,0.0240,0.0838,0.4561,https://ankaraozdemirnakliyat.com/islemler/ankara/golbasi/bahcelievler,true,false,true,9,55,Ankara Gölbaşı Gaziosmanpaşa Evden Eve Nakliyat | Ankara Özdemir Nakliyat,Gölbaşı Gaziosmanpaşa . LOJİSTİK,https://ankaraozdemirnakliyat.com/islemler/ankara/golbasi/gaziosmanpasa,UNKNOWN,UNKNOWN,UNKNOWN,UNKNOWN,UNKNOWN,false
ozdemir,https://ankaraozdemirnakliyat.com/islemler/ankara/golbasi/bahcelievler,ankara_district_service,MANUAL_REVIEW,200,true,210,0.0240,0.0838,0.1405,https://ankaraozdemirnakliyat.com/islemler/ankara/kalecik/ahikemal,true,false,true,9,55,Ankara Gölbaşı Bahçelievler Evden Eve Nakliyat | Ankara Özdemir Nakliyat,Gölbaşı Bahçelievler . LOJİSTİK,https://ankaraozdemirnakliyat.com/islemler/ankara/golbasi/bahcelievler,UNKNOWN,UNKNOWN,UNKNOWN,UNKNOWN,UNKNOWN,false
ozdemir,https://ankaraozdemirnakliyat.com/islemler/ankara/gudul,ankara_district,IMPROVE,200,true,402,0.3070,0.6930,0.3952,https://ankaraozdemirnakliyat.com/islemler/ankara/kalecik,false,false,false,965,56,Güdül Evden Eve Nakliyat | Sigortalı Taşıma | Ankara Özdemir Nakliyat,Güdül . NAKLİYAT,https://ankaraozdemirnakliyat.com/islemler/ankara/gudul,UNKNOWN,UNKNOWN,UNKNOWN,UNKNOWN,UNKNOWN,false
ozdemir,https://ankaraozdemirnakliyat.com/islemler/ankara/gudul/evden-eve-nakliyat,ankara_district_service,IMPROVE,200,true,260,0.0161,0.8153,0.2840,https://ankaraozdemirnakliyat.com/islemler/ankara/gudul/ofis-tasima,false,false,false,15,61,Güdül Evden Eve Nakliyat | Garantili Hizmet | Ankara Özdemir Nakliyat,Güdül Evden Eve Nakliyat,https://ankaraozdemirnakliyat.com/islemler/ankara/gudul/evden-eve-nakliyat,UNKNOWN,UNKNOWN,UNKNOWN,UNKNOWN,UNKNOWN,false
ozdemir,https://ankaraozdemirnakliyat.com/islemler/ankara/gudul/ofis-tasima,ankara_district_service,IMPROVE,200,true,240,0.0189,0.7783,0.2647,https://ankaraozdemirnakliyat.com/islemler/ankara/haymana/ofis-tasima,false,false,false,15,61,Güdül Ofis Taşıma | Garantili Hizmet | Ankara Özdemir Nakliyat,Güdül Ofis Taşıma,https://ankaraozdemirnakliyat.com/islemler/ankara/gudul/ofis-tasima,UNKNOWN,UNKNOWN,UNKNOWN,UNKNOWN,UNKNOWN,false
ozdemir,https://ankaraozdemirnakliyat.com/islemler/ankara/gudul/nakliyat-fiyatlari,ankara_district_service,IMPROVE,200,true,260,0.0172,0.7759,0.3088,https://ankaraozdemirnakliyat.com/islemler/ankara/haymana/nakliyat-fiyatlari,false,false,false,14,61,Güdül Nakliyat Fiyatları | Garantili Hizmet | Ankara Özdemir Nakliyat,Güdül Nakliyat Fiyatları,https://ankaraozdemirnakliyat.com/islemler/ankara/gudul/nakliyat-fiyatlari,UNKNOWN,UNKNOWN,UNKNOWN,UNKNOWN,UNKNOWN,false
ozdemir,https://ankaraozdemirnakliyat.com/islemler/ankara/gudul/asagi,ankara_district_service,IMPROVE,200,true,169,0.0323,0.6048,0.3608,https://ankaraozdemirnakliyat.com/islemler/ankara/gudul/yukari,false,false,true,3,49,Ankara Güdül Aşağı Evden Eve Nakliyat | Ankara Özdemir Nakliyat,Güdül Aşağı . TAŞIMACILIK,https://ankaraozdemirnakliyat.com/islemler/ankara/gudul/asagi,UNKNOWN,UNKNOWN,UNKNOWN,UNKNOWN,UNKNOWN,false
ozdemir,https://ankaraozdemirnakliyat.com/islemler/ankara/gudul/yukari,ankara_district_service,IMPROVE,200,true,169,0.0323,0.6048,0.3571,https://ankaraozdemirnakliyat.com/islemler/ankara/gudul/yeni,false,false,true,3,49,Ankara Güdül Yukarı Evden Eve Nakliyat | Ankara Özdemir Nakliyat,Güdül Yukarı . TAŞIMACILIK,https://ankaraozdemirnakliyat.com/islemler/ankara/gudul/yukari,UNKNOWN,UNKNOWN,UNKNOWN,UNKNOWN,UNKNOWN,false
ozdemir,https://ankaraozdemirnakliyat.com/islemler/ankara/gudul/yeni,ankara_district_service,MANUAL_REVIEW,200,true,169,0.0323,0.0484,0.4151,https://ankaraozdemirnakliyat.com/islemler/ankara/kalecik/ahikemal,true,false,true,3,49,Ankara Güdül Yeni Evden Eve Nakliyat | Ankara Özdemir Nakliyat,Güdül Yeni . TAŞIMACILIK,https://ankaraozdemirnakliyat.com/islemler/ankara/gudul/yeni,UNKNOWN,UNKNOWN,UNKNOWN,UNKNOWN,UNKNOWN,false
ozdemir,https://ankaraozdemirnakliyat.com/islemler/ankara/haymana,ankara_district,IMPROVE,200,true,416,0.2939,0.7061,0.6613,https://ankaraozdemirnakliyat.com/islemler/ankara/kalecik,false,false,false,965,56,Haymana Evden Eve Nakliyat | Sigortalı Taşıma | Ankara Özdemir Nakliyat,Haymana . NAKLİYAT,https://ankaraozdemirnakliyat.com/islemler/ankara/haymana,UNKNOWN,UNKNOWN,UNKNOWN,UNKNOWN,UNKNOWN,false
ozdemir,https://ankaraozdemirnakliyat.com/islemler/ankara/haymana/evden-eve-nakliyat,ankara_district_service,MERGE,200,true,260,0.0161,0.8153,1.0000,https://ankaraozdemirnakliyat.com/islemler/ankara/kahramankazan/evden-eve-nakliyat,true,true,false,3,61,Haymana Evden Eve Nakliyat | Garantili Hizmet | Ankara Özdemir Nakliyat,Haymana Evden Eve Nakliyat,https://ankaraozdemirnakliyat.com/islemler/ankara/haymana/evden-eve-nakliyat,UNKNOWN,UNKNOWN,UNKNOWN,UNKNOWN,UNKNOWN,false
ozdemir,https://ankaraozdemirnakliyat.com/islemler/ankara/haymana/ofis-tasima,ankara_district_service,MERGE,200,true,240,0.0189,0.7783,1.0000,https://ankaraozdemirnakliyat.com/islemler/ankara/kahramankazan/ofis-tasima,true,true,false,3,61,Haymana Ofis Taşıma | Garantili Hizmet | Ankara Özdemir Nakliyat,Haymana Ofis Taşıma,https://ankaraozdemirnakliyat.com/islemler/ankara/haymana/ofis-tasima,UNKNOWN,UNKNOWN,UNKNOWN,UNKNOWN,UNKNOWN,false
ozdemir,https://ankaraozdemirnakliyat.com/islemler/ankara/haymana/nakliyat-fiyatlari,ankara_district_service,MERGE,200,true,260,0.0172,0.7759,1.0000,https://ankaraozdemirnakliyat.com/islemler/ankara/kahramankazan/nakliyat-fiyatlari,true,true,false,2,61,Haymana Nakliyat Fiyatları | Garantili Hizmet | Ankara Özdemir Nakliyat,Haymana Nakliyat Fiyatları,https://ankaraozdemirnakliyat.com/islemler/ankara/haymana/nakliyat-fiyatlari,UNKNOWN,UNKNOWN,UNKNOWN,UNKNOWN,UNKNOWN,false
ozdemir,https://ankaraozdemirnakliyat.com/islemler/ankara/haymana/seyran,ankara_district_service,IMPROVE,200,true,183,0.0290,0.5435,0.8162,https://ankaraozdemirnakliyat.com/islemler/ankara/haymana/medrese,false,false,true,3,49,Ankara Haymana Seyran Evden Eve Nakliyat | Ankara Özdemir Nakliyat,Haymana Seyran . LOJİSTİK,https://ankaraozdemirnakliyat.com/islemler/ankara/haymana/seyran,UNKNOWN,UNKNOWN,UNKNOWN,UNKNOWN,UNKNOWN,false
ozdemir,https://ankaraozdemirnakliyat.com/islemler/ankara/haymana/medrese,ankara_district_service,IMPROVE,200,true,183,0.0290,0.5435,0.4472,https://ankaraozdemirnakliyat.com/islemler/ankara/kalecik/ahikemal,false,false,true,3,49,Ankara Haymana Medrese Evden Eve Nakliyat | Ankara Özdemir Nakliyat,Haymana Medrese . TAŞIMACILIK,https://ankaraozdemirnakliyat.com/islemler/ankara/haymana/medrese,UNKNOWN,UNKNOWN,UNKNOWN,UNKNOWN,UNKNOWN,false
ozdemir,https://ankaraozdemirnakliyat.com/islemler/ankara/haymana/caldag,ankara_district_service,IMPROVE,200,true,183,0.0290,0.5435,0.1690,https://ankaraozdemirnakliyat.com/islemler/ankara/kalecik/ahikemal,false,false,true,3,49,Ankara Haymana Çaldağ Evden Eve Nakliyat | Ankara Özdemir Nakliyat,Haymana Çaldağ . NAKLİYAT,https://ankaraozdemirnakliyat.com/islemler/ankara/haymana/caldag,UNKNOWN,UNKNOWN,UNKNOWN,UNKNOWN,UNKNOWN,false
ozdemir,https://ankaraozdemirnakliyat.com/islemler/ankara/kahramankazan,ankara_district,IMPROVE,200,true,429,0.2803,0.7197,0.6426,https://ankaraozdemirnakliyat.com/islemler/ankara/kalecik,false,false,false,965,57,Kahramankazan Evden Eve Nakliyat | Sigortalı Taşıma | Ankara Özdemir Nakliyat,Kahramankazan . NAKLİYAT,https://ankaraozdemirnakliyat.com/islemler/ankara/kahramankazan,UNKNOWN,UNKNOWN,UNKNOWN,UNKNOWN,UNKNOWN,false
ozdemir,https://ankaraozdemirnakliyat.com/islemler/ankara/kahramankazan/evden-eve-nakliyat,ankara_district_service,MERGE,200,true,260,0.0161,0.8153,1.0000,https://ankaraozdemirnakliyat.com/islemler/ankara/kalecik/evden-eve-nakliyat,true,true,false,3,61,Kahramankazan Evden Eve Nakliyat | Garantili Hizmet | Ankara Özdemir Nakliyat,Kahramankazan Evden Eve Nakliyat,https://ankaraozdemirnakliyat.com/islemler/ankara/kahramankazan/evden-eve-nakliyat,UNKNOWN,UNKNOWN,UNKNOWN,UNKNOWN,UNKNOWN,false
ozdemir,https://ankaraozdemirnakliyat.com/islemler/ankara/kahramankazan/ofis-tasima,ankara_district_service,MERGE,200,true,240,0.0189,0.7783,1.0000,https://ankaraozdemirnakliyat.com/islemler/ankara/kalecik/ofis-tasima,true,true,false,3,61,Kahramankazan Ofis Taşıma | Garantili Hizmet | Ankara Özdemir Nakliyat,Kahramankazan Ofis Taşıma,https://ankaraozdemirnakliyat.com/islemler/ankara/kahramankazan/ofis-tasima,UNKNOWN,UNKNOWN,UNKNOWN,UNKNOWN,UNKNOWN,false
ozdemir,https://ankaraozdemirnakliyat.com/islemler/ankara/kahramankazan/nakliyat-fiyatlari,ankara_district_service,MERGE,200,true,260,0.0172,0.7759,1.0000,https://ankaraozdemirnakliyat.com/islemler/ankara/kalecik/nakliyat-fiyatlari,true,true,false,2,61,Kahramankazan Nakliyat Fiyatları | Garantili Hizmet | Ankara Özdemir Nakliyat,Kahramankazan Nakliyat Fiyatları,https://ankaraozdemirnakliyat.com/islemler/ankara/kahramankazan/nakliyat-fiyatlari,UNKNOWN,UNKNOWN,UNKNOWN,UNKNOWN,UNKNOWN,false
ozdemir,https://ankaraozdemirnakliyat.com/islemler/ankara/kahramankazan/satikadin,ankara_district_service,IMPROVE,200,true,196,0.0267,0.5000,0.4410,https://ankaraozdemirnakliyat.com/islemler/ankara/kahramankazan/fatih,false,false,true,4,50,Ankara Kahramankazan Satıkadın Evden Eve Nakliyat | Ankara Özdemir Nakliyat,Kahramankazan Satıkadın . NAKLİYAT,https://ankaraozdemirnakliyat.com/islemler/ankara/kahramankazan/satikadin,UNKNOWN,UNKNOWN,UNKNOWN,UNKNOWN,UNKNOWN,false
ozdemir,https://ankaraozdemirnakliyat.com/islemler/ankara/kahramankazan/kayi,ankara_district_service,IMPROVE,200,true,196,0.0267,0.5000,0.4462,https://ankaraozdemirnakliyat.com/islemler/ankara/kahramankazan/fatih,false,false,true,4,50,Ankara Kahramankazan Kayı Evden Eve Nakliyat | Ankara Özdemir Nakliyat,Kahramankazan Kayı . LOJİSTİK,https://ankaraozdemirnakliyat.com/islemler/ankara/kahramankazan/kayi,UNKNOWN,UNKNOWN,UNKNOWN,UNKNOWN,UNKNOWN,false
ozdemir,https://ankaraozdemirnakliyat.com/islemler/ankara/kahramankazan/ataturk,ankara_district_service,MANUAL_REVIEW,200,true,197,0.0267,0.0400,0.4513,https://ankaraozdemirnakliyat.com/islemler/ankara/kahramankazan/fatih,true,false,true,4,50,Ankara Kahramankazan Atatürk Evden Eve Nakliyat | Ankara Özdemir Nakliyat,Kahramankazan Atatürk . EVDEN EVE,https://ankaraozdemirnakliyat.com/islemler/ankara/kahramankazan/ataturk,UNKNOWN,UNKNOWN,UNKNOWN,UNKNOWN,UNKNOWN,false
ozdemir,https://ankaraozdemirnakliyat.com/islemler/ankara/kahramankazan/fatih,ankara_district_service,MANUAL_REVIEW,200,true,196,0.0267,0.0400,0.4128,https://ankaraozdemirnakliyat.com/islemler/ankara/kalecik/ahikemal,true,false,true,4,50,Ankara Kahramankazan Fatih Evden Eve Nakliyat | Ankara Özdemir Nakliyat,Kahramankazan Fatih . NAKLİYAT,https://ankaraozdemirnakliyat.com/islemler/ankara/kahramankazan/fatih,UNKNOWN,UNKNOWN,UNKNOWN,UNKNOWN,UNKNOWN,false
ozdemir,https://ankaraozdemirnakliyat.com/islemler/ankara/kalecik,ankara_district,IMPROVE,200,true,402,0.3070,0.6930,0.5970,https://ankaraozdemirnakliyat.com/islemler/ankara/pursaklar,false,false,false,965,56,Kalecik Evden Eve Nakliyat | Sigortalı Taşıma | Ankara Özdemir Nakliyat,Kalecik . NAKLİYAT,https://ankaraozdemirnakliyat.com/islemler/ankara/kalecik,UNKNOWN,UNKNOWN,UNKNOWN,UNKNOWN,UNKNOWN,false
ozdemir,https://ankaraozdemirnakliyat.com/islemler/ankara/kalecik/evden-eve-nakliyat,ankara_district_service,MERGE,200,true,260,0.0161,0.8153,1.0000,https://ankaraozdemirnakliyat.com/islemler/ankara/mamak/evden-eve-nakliyat,true,true,false,3,61,Kalecik Evden Eve Nakliyat | Garantili Hizmet | Ankara Özdemir Nakliyat,Kalecik Evden Eve Nakliyat,https://ankaraozdemirnakliyat.com/islemler/ankara/kalecik/evden-eve-nakliyat,UNKNOWN,UNKNOWN,UNKNOWN,UNKNOWN,UNKNOWN,false
ozdemir,https://ankaraozdemirnakliyat.com/islemler/ankara/kalecik/ofis-tasima,ankara_district_service,MERGE,200,true,240,0.0189,0.7783,1.0000,https://ankaraozdemirnakliyat.com/islemler/ankara/mamak/ofis-tasima,true,true,false,3,61,Kalecik Ofis Taşıma | Garantili Hizmet | Ankara Özdemir Nakliyat,Kalecik Ofis Taşıma,https://ankaraozdemirnakliyat.com/islemler/ankara/kalecik/ofis-tasima,UNKNOWN,UNKNOWN,UNKNOWN,UNKNOWN,UNKNOWN,false
ozdemir,https://ankaraozdemirnakliyat.com/islemler/ankara/kalecik/nakliyat-fiyatlari,ankara_district_service,MERGE,200,true,260,0.0172,0.7759,1.0000,https://ankaraozdemirnakliyat.com/islemler/ankara/mamak/nakliyat-fiyatlari,true,true,false,2,61,Kalecik Nakliyat Fiyatları | Garantili Hizmet | Ankara Özdemir Nakliyat,Kalecik Nakliyat Fiyatları,https://ankaraozdemirnakliyat.com/islemler/ankara/kalecik/nakliyat-fiyatlari,UNKNOWN,UNKNOWN,UNKNOWN,UNKNOWN,UNKNOWN,false
ozdemir,https://ankaraozdemirnakliyat.com/islemler/ankara/kalecik/ahikemal,ankara_district_service,MANUAL_REVIEW,200,true,169,0.0323,0.6048,0.9130,https://ankaraozdemirnakliyat.com/islemler/ankara/kalecik/yenice,true,false,true,3,49,Ankara Kalecik Ahikemal Evden Eve Nakliyat | Ankara Özdemir Nakliyat,Kalecik Ahikemal . NAKLİYAT,https://ankaraozdemirnakliyat.com/islemler/ankara/kalecik/ahikemal,UNKNOWN,UNKNOWN,UNKNOWN,UNKNOWN,UNKNOWN,false
ozdemir,https://ankaraozdemirnakliyat.com/islemler/ankara/kalecik/yenice,ankara_district_service,MANUAL_REVIEW,200,true,169,0.0323,0.0484,0.4012,https://ankaraozdemirnakliyat.com/islemler/ankara/kizilcahamam/yenice,true,false,true,3,49,Ankara Kalecik Yenice Evden Eve Nakliyat | Ankara Özdemir Nakliyat,Kalecik Yenice . TAŞIMACILIK,https://ankaraozdemirnakliyat.com/islemler/ankara/kalecik/yenice,UNKNOWN,UNKNOWN,UNKNOWN,UNKNOWN,UNKNOWN,false
ozdemir,https://ankaraozdemirnakliyat.com/islemler/ankara/kalecik/caykaya,ankara_district_service,IMPROVE,200,true,170,0.0323,0.6048,0.1638,https://ankaraozdemirnakliyat.com/islemler/ankara/pursaklar/mimar-sinan,false,false,true,3,49,Ankara Kalecik Çaykaya Evden Eve Nakliyat | Ankara Özdemir Nakliyat,Kalecik Çaykaya . EVDEN EVE,https://ankaraozdemirnakliyat.com/islemler/ankara/kalecik/caykaya,UNKNOWN,UNKNOWN,UNKNOWN,UNKNOWN,UNKNOWN,false
ozdemir,https://ankaraozdemirnakliyat.com/islemler/ankara/kecioren,ankara_district,KEEP,200,true,476,0.2468,0.7532,0.3213,https://ankaraozdemirnakliyat.com/islemler/ankara/kizilcahamam,false,false,false,965,82,Keçiören Evden Eve Nakliyat | Sigortalı Taşıma | Ankara Özdemir Nakliyat,Keçiören . NAKLİYAT,https://ankaraozdemirnakliyat.com/islemler/ankara/kecioren,UNKNOWN,UNKNOWN,UNKNOWN,UNKNOWN,UNKNOWN,false
ozdemir,https://ankaraozdemirnakliyat.com/islemler/ankara/kecioren/evden-eve-nakliyat,ankara_district_service,IMPROVE,200,true,260,0.0161,0.8153,0.2840,https://ankaraozdemirnakliyat.com/islemler/ankara/kecioren/ofis-tasima,false,false,false,3,61,Keçiören Evden Eve Nakliyat | Garantili Hizmet | Ankara Özdemir Nakliyat,Keçiören Evden Eve Nakliyat,https://ankaraozdemirnakliyat.com/islemler/ankara/kecioren/evden-eve-nakliyat,UNKNOWN,UNKNOWN,UNKNOWN,UNKNOWN,UNKNOWN,false
ozdemir,https://ankaraozdemirnakliyat.com/islemler/ankara/kecioren/ofis-tasima,ankara_district_service,IMPROVE,200,true,240,0.0189,0.7783,0.2647,https://ankaraozdemirnakliyat.com/islemler/ankara/mamak/ofis-tasima,false,false,false,3,61,Keçiören Ofis Taşıma | Garantili Hizmet | Ankara Özdemir Nakliyat,Keçiören Ofis Taşıma,https://ankaraozdemirnakliyat.com/islemler/ankara/kecioren/ofis-tasima,UNKNOWN,UNKNOWN,UNKNOWN,UNKNOWN,UNKNOWN,false
ozdemir,https://ankaraozdemirnakliyat.com/islemler/ankara/kecioren/nakliyat-fiyatlari,ankara_district_service,IMPROVE,200,true,260,0.0172,0.7759,0.3088,https://ankaraozdemirnakliyat.com/islemler/ankara/mamak/nakliyat-fiyatlari,false,false,false,2,61,Keçiören Nakliyat Fiyatları | Garantili Hizmet | Ankara Özdemir Nakliyat,Keçiören Nakliyat Fiyatları,https://ankaraozdemirnakliyat.com/islemler/ankara/kecioren/nakliyat-fiyatlari,UNKNOWN,UNKNOWN,UNKNOWN,UNKNOWN,UNKNOWN,false
ozdemir,https://ankaraozdemirnakliyat.com/islemler/ankara/kecioren/etlik,ankara_district_service,MANUAL_REVIEW,200,true,233,0.0211,0.5000,0.8883,https://ankaraozdemirnakliyat.com/islemler/ankara/kecioren/incirli,true,false,false,29,65,Ankara Keçiören Etlik Evden Eve Nakliyat | Ankara Özdemir Nakliyat,Keçiören Etlik . TAŞIMACILIK,https://ankaraozdemirnakliyat.com/islemler/ankara/kecioren/etlik,UNKNOWN,UNKNOWN,UNKNOWN,UNKNOWN,UNKNOWN,false
ozdemir,https://ankaraozdemirnakliyat.com/islemler/ankara/kecioren/incirli,ankara_district_service,IMPROVE,200,true,233,0.0211,0.5000,0.8626,https://ankaraozdemirnakliyat.com/islemler/ankara/kecioren/kalaba,false,false,false,29,65,Ankara Keçiören İncirli Evden Eve Nakliyat | Ankara Özdemir Nakliyat,Keçiören İncirli . TAŞIMACILIK,https://ankaraozdemirnakliyat.com/islemler/ankara/kecioren/incirli,UNKNOWN,UNKNOWN,UNKNOWN,UNKNOWN,UNKNOWN,false
ozdemir,https://ankaraozdemirnakliyat.com/islemler/ankara/kecioren/ayvali,ankara_district_service,IMPROVE,200,true,233,0.0211,0.5000,0.5322,https://ankaraozdemirnakliyat.com/islemler/ankara/kecioren/aktepe,false,false,false,29,65,Ankara Keçiören Ayvalı Evden Eve Nakliyat | Ankara Özdemir Nakliyat,Keçiören Ayvalı . LOJİSTİK,https://ankaraozdemirnakliyat.com/islemler/ankara/kecioren/ayvali,UNKNOWN,UNKNOWN,UNKNOWN,UNKNOWN,UNKNOWN,false
ozdemir,https://ankaraozdemirnakliyat.com/islemler/ankara/kecioren/aktepe,ankara_district_service,MANUAL_REVIEW,200,true,233,0.0211,0.5000,0.9000,https://ankaraozdemirnakliyat.com/islemler/ankara/kecioren/kanuni,true,false,false,29,65,Ankara Keçiören Aktepe Evden Eve Nakliyat | Ankara Özdemir Nakliyat,Keçiören Aktepe . LOJİSTİK,https://ankaraozdemirnakliyat.com/islemler/ankara/kecioren/aktepe,UNKNOWN,UNKNOWN,UNKNOWN,UNKNOWN,UNKNOWN,false
ozdemir,https://ankaraozdemirnakliyat.com/islemler/ankara/kecioren/baglum,ankara_district_service,IMPROVE,200,true,233,0.0211,0.5000,0.5302,https://ankaraozdemirnakliyat.com/islemler/ankara/kecioren/kalaba,false,false,false,29,65,Ankara Keçiören Bağlum Evden Eve Nakliyat | Ankara Özdemir Nakliyat,Keçiören Bağlum . NAKLİYAT,https://ankaraozdemirnakliyat.com/islemler/ankara/kecioren/baglum,UNKNOWN,UNKNOWN,UNKNOWN,UNKNOWN,UNKNOWN,false
ozdemir,https://ankaraozdemirnakliyat.com/islemler/ankara/kecioren/kalaba,ankara_district_service,MANUAL_REVIEW,200,true,233,0.0211,0.5000,0.8994,https://ankaraozdemirnakliyat.com/islemler/ankara/kecioren/ufuktepe,true,false,false,29,65,Ankara Keçiören Kalaba Evden Eve Nakliyat | Ankara Özdemir Nakliyat,Keçiören Kalaba . NAKLİYAT,https://ankaraozdemirnakliyat.com/islemler/ankara/kecioren/kalaba,UNKNOWN,UNKNOWN,UNKNOWN,UNKNOWN,UNKNOWN,false
ozdemir,https://ankaraozdemirnakliyat.com/islemler/ankara/kecioren/kuscagiz,ankara_district_service,IMPROVE,200,true,233,0.0211,0.5000,0.5256,https://ankaraozdemirnakliyat.com/islemler/ankara/kecioren/sanatoryum,false,false,false,29,65,Ankara Keçiören Kuşcağız Evden Eve Nakliyat | Ankara Özdemir Nakliyat,Keçiören Kuşcağız . TAŞIMACILIK,https://ankaraozdemirnakliyat.com/islemler/ankara/kecioren/kuscagiz,UNKNOWN,UNKNOWN,UNKNOWN,UNKNOWN,UNKNOWN,false
ozdemir,https://ankaraozdemirnakliyat.com/islemler/ankara/kecioren/sanatoryum,ankara_district_service,MANUAL_REVIEW,200,true,234,0.0211,0.5000,0.9006,https://ankaraozdemirnakliyat.com/islemler/ankara/kecioren/hisar,true,false,false,29,65,Ankara Keçiören Sanatoryum Evden Eve Nakliyat | Ankara Özdemir Nakliyat,Keçiören Sanatoryum . EVDEN EVE,https://ankaraozdemirnakliyat.com/islemler/ankara/kecioren/sanatoryum,UNKNOWN,UNKNOWN,UNKNOWN,UNKNOWN,UNKNOWN,false
ozdemir,https://ankaraozdemirnakliyat.com/islemler/ankara/kecioren/sefkat,ankara_district_service,IMPROVE,200,true,233,0.0211,0.5000,0.5236,https://ankaraozdemirnakliyat.com/islemler/ankara/kecioren/ufuktepe,false,false,false,29,65,Ankara Keçiören Şefkat Evden Eve Nakliyat | Ankara Özdemir Nakliyat,Keçiören Şefkat . TAŞIMACILIK,https://ankaraozdemirnakliyat.com/islemler/ankara/kecioren/sefkat,UNKNOWN,UNKNOWN,UNKNOWN,UNKNOWN,UNKNOWN,false
ozdemir,https://ankaraozdemirnakliyat.com/islemler/ankara/kecioren/tepebasi,ankara_district_service,IMPROVE,200,true,233,0.0211,0.5000,0.5302,https://ankaraozdemirnakliyat.com/islemler/ankara/kecioren/ufuktepe,false,false,false,29,65,Ankara Keçiören Tepebaşı Evden Eve Nakliyat | Ankara Özdemir Nakliyat,Keçiören Tepebaşı . TAŞIMACILIK,https://ankaraozdemirnakliyat.com/islemler/ankara/kecioren/tepebasi,UNKNOWN,UNKNOWN,UNKNOWN,UNKNOWN,UNKNOWN,false
ozdemir,https://ankaraozdemirnakliyat.com/islemler/ankara/kecioren/ufuktepe,ankara_district_service,MANUAL_REVIEW,200,true,233,0.0211,0.5000,0.9209,https://ankaraozdemirnakliyat.com/islemler/ankara/kecioren/esertepe,true,false,false,29,65,Ankara Keçiören Ufuktepe Evden Eve Nakliyat | Ankara Özdemir Nakliyat,Keçiören Ufuktepe . TAŞIMACILIK,https://ankaraozdemirnakliyat.com/islemler/ankara/kecioren/ufuktepe,UNKNOWN,UNKNOWN,UNKNOWN,UNKNOWN,UNKNOWN,false
ozdemir,https://ankaraozdemirnakliyat.com/islemler/ankara/kecioren/yukseltepe,ankara_district_service,IMPROVE,200,true,233,0.0211,0.5000,0.5214,https://ankaraozdemirnakliyat.com/islemler/ankara/kecioren/esertepe,false,false,false,29,65,Ankara Keçiören Yükseltepe Evden Eve Nakliyat | Ankara Özdemir Nakliyat,Keçiören Yükseltepe . LOJİSTİK,https://ankaraozdemirnakliyat.com/islemler/ankara/kecioren/yukseltepe,UNKNOWN,UNKNOWN,UNKNOWN,UNKNOWN,UNKNOWN,false
ozdemir,https://ankaraozdemirnakliyat.com/islemler/ankara/kecioren/ovacik,ankara_district_service,IMPROVE,200,true,233,0.0211,0.5000,0.5302,https://ankaraozdemirnakliyat.com/islemler/ankara/kecioren/esertepe,false,false,false,29,65,Ankara Keçiören Ovacık Evden Eve Nakliyat | Ankara Özdemir Nakliyat,Keçiören Ovacık . TAŞIMACILIK,https://ankaraozdemirnakliyat.com/islemler/ankara/kecioren/ovacik,UNKNOWN,UNKNOWN,UNKNOWN,UNKNOWN,UNKNOWN,false
ozdemir,https://ankaraozdemirnakliyat.com/islemler/ankara/kecioren/esertepe,ankara_district_service,MANUAL_REVIEW,200,true,233,0.0211,0.5000,0.9153,https://ankaraozdemirnakliyat.com/islemler/ankara/kecioren/adnan-menderes,true,false,false,29,65,Ankara Keçiören Esertepe Evden Eve Nakliyat | Ankara Özdemir Nakliyat,Keçiören Esertepe . TAŞIMACILIK,https://ankaraozdemirnakliyat.com/islemler/ankara/kecioren/esertepe,UNKNOWN,UNKNOWN,UNKNOWN,UNKNOWN,UNKNOWN,false
ozdemir,https://ankaraozdemirnakliyat.com/islemler/ankara/kecioren/23-nisan,ankara_district_service,MANUAL_REVIEW,200,true,248,0.0180,0.5721,0.8944,https://ankaraozdemirnakliyat.com/islemler/ankara/kecioren/kanuni,true,false,false,29,65,Ankara Keçiören 23 Nisan Evden Eve Nakliyat | Ankara Özdemir Nakliyat,Keçiören 23 Nisan . LOJİSTİK,https://ankaraozdemirnakliyat.com/islemler/ankara/kecioren/23-nisan,UNKNOWN,UNKNOWN,UNKNOWN,UNKNOWN,UNKNOWN,false
ozdemir,https://ankaraozdemirnakliyat.com/islemler/ankara/kecioren/adnan-menderes,ankara_district_service,MANUAL_REVIEW,200,true,248,0.0180,0.5721,0.9371,https://ankaraozdemirnakliyat.com/islemler/ankara/kecioren/atapark,true,false,false,29,65,Ankara Keçiören Adnan Menderes Evden Eve Nakliyat | Ankara Özdemir Nakliyat,Keçiören Adnan Menderes . TAŞIMACILIK,https://ankaraozdemirnakliyat.com/islemler/ankara/kecioren/adnan-menderes,UNKNOWN,UNKNOWN,UNKNOWN,UNKNOWN,UNKNOWN,false
ozdemir,https://ankaraozdemirnakliyat.com/islemler/ankara/kecioren/atapark,ankara_district_service,MERGE,200,true,233,0.0211,0.5000,0.9429,https://ankaraozdemirnakliyat.com/islemler/ankara/kecioren/bademlik,true,true,false,29,65,Ankara Keçiören Atapark Evden Eve Nakliyat | Ankara Özdemir Nakliyat,Keçiören Atapark . NAKLİYAT,https://ankaraozdemirnakliyat.com/islemler/ankara/kecioren/atapark,UNKNOWN,UNKNOWN,UNKNOWN,UNKNOWN,UNKNOWN,false
ozdemir,https://ankaraozdemirnakliyat.com/islemler/ankara/kecioren/bademlik,ankara_district_service,MERGE,200,true,233,0.0211,0.5000,0.9429,https://ankaraozdemirnakliyat.com/islemler/ankara/kecioren/osmangazi,true,true,false,29,65,Ankara Keçiören Bademlik Evden Eve Nakliyat | Ankara Özdemir Nakliyat,Keçiören Bademlik . TAŞIMACILIK,https://ankaraozdemirnakliyat.com/islemler/ankara/kecioren/bademlik,UNKNOWN,UNKNOWN,UNKNOWN,UNKNOWN,UNKNOWN,false
ozdemir,https://ankaraozdemirnakliyat.com/islemler/ankara/kecioren/haskoy,ankara_district_service,IMPROVE,200,true,233,0.0211,0.3947,0.5658,https://ankaraozdemirnakliyat.com/islemler/ankara/kecioren/kanuni,false,false,false,19,65,Ankara Keçiören Hasköy Evden Eve Nakliyat | Ankara Özdemir Nakliyat,Keçiören Hasköy . LOJİSTİK,https://ankaraozdemirnakliyat.com/islemler/ankara/kecioren/haskoy,UNKNOWN,UNKNOWN,UNKNOWN,UNKNOWN,UNKNOWN,false
ozdemir,https://ankaraozdemirnakliyat.com/islemler/ankara/kecioren/hisar,ankara_district_service,MERGE,200,true,234,0.0211,0.3947,1.0000,https://ankaraozdemirnakliyat.com/islemler/ankara/kecioren/karargahtepe,true,true,false,1,65,Ankara Keçiören Hisar Evden Eve Nakliyat | Ankara Özdemir Nakliyat,Keçiören Hisar . EVDEN EVE,https://ankaraozdemirnakliyat.com/islemler/ankara/kecioren/hisar,UNKNOWN,UNKNOWN,UNKNOWN,UNKNOWN,UNKNOWN,false
ozdemir,https://ankaraozdemirnakliyat.com/islemler/ankara/kecioren/kanuni,ankara_district_service,MERGE,200,true,233,0.0211,0.3947,0.9486,https://ankaraozdemirnakliyat.com/islemler/ankara/kecioren/osmangazi,true,true,false,1,65,Ankara Keçiören Kanuni Evden Eve Nakliyat | Ankara Özdemir Nakliyat,Keçiören Kanuni . LOJİSTİK,https://ankaraozdemirnakliyat.com/islemler/ankara/kecioren/kanuni,UNKNOWN,UNKNOWN,UNKNOWN,UNKNOWN,UNKNOWN,false
ozdemir,https://ankaraozdemirnakliyat.com/islemler/ankara/kecioren/karargahtepe,ankara_district_service,MERGE,200,true,234,0.0211,0.3947,1.0000,https://ankaraozdemirnakliyat.com/islemler/ankara/kecioren/sancaktepe,true,true,false,1,65,Ankara Keçiören Karargahtepe Evden Eve Nakliyat | Ankara Özdemir Nakliyat,Keçiören Karargahtepe . EVDEN EVE,https://ankaraozdemirnakliyat.com/islemler/ankara/kecioren/karargahtepe,UNKNOWN,UNKNOWN,UNKNOWN,UNKNOWN,UNKNOWN,false
ozdemir,https://ankaraozdemirnakliyat.com/islemler/ankara/kecioren/kosk,ankara_district_service,IMPROVE,200,true,234,0.0211,0.3947,0.5677,https://ankaraozdemirnakliyat.com/islemler/ankara/kecioren/sancaktepe,false,false,false,1,65,Ankara Keçiören Köşk Evden Eve Nakliyat | Ankara Özdemir Nakliyat,Keçiören Köşk . EVDEN EVE,https://ankaraozdemirnakliyat.com/islemler/ankara/kecioren/kosk,UNKNOWN,UNKNOWN,UNKNOWN,UNKNOWN,UNKNOWN,false
ozdemir,https://ankaraozdemirnakliyat.com/islemler/ankara/kecioren/osmangazi,ankara_district_service,MERGE,200,true,233,0.0211,0.3947,1.0000,https://ankaraozdemirnakliyat.com/islemler/ankara/kecioren/yayla,true,true,false,1,65,Ankara Keçiören Osmangazi Evden Eve Nakliyat | Ankara Özdemir Nakliyat,Keçiören Osmangazi . TAŞIMACILIK,https://ankaraozdemirnakliyat.com/islemler/ankara/kecioren/osmangazi,UNKNOWN,UNKNOWN,UNKNOWN,UNKNOWN,UNKNOWN,false
ozdemir,https://ankaraozdemirnakliyat.com/islemler/ankara/kecioren/pinarbasi,ankara_district_service,MANUAL_REVIEW,200,true,233,0.0211,0.0316,0.5639,https://ankaraozdemirnakliyat.com/islemler/ankara/kecioren/yayla,true,false,false,1,65,Ankara Keçiören Pınarbaşı Evden Eve Nakliyat | Ankara Özdemir Nakliyat,Keçiören Pınarbaşı . TAŞIMACILIK,https://ankaraozdemirnakliyat.com/islemler/ankara/kecioren/pinarbasi,UNKNOWN,UNKNOWN,UNKNOWN,UNKNOWN,UNKNOWN,false
ozdemir,https://ankaraozdemirnakliyat.com/islemler/ankara/kecioren/sancaktepe,ankara_district_service,MERGE,200,true,234,0.0211,0.3947,0.9432,https://ankaraozdemirnakliyat.com/islemler/ankara/kecioren/yayla,true,true,false,1,65,Ankara Keçiören Sancaktepe Evden Eve Nakliyat | Ankara Özdemir Nakliyat,Keçiören Sancaktepe . EVDEN EVE,https://ankaraozdemirnakliyat.com/islemler/ankara/kecioren/sancaktepe,UNKNOWN,UNKNOWN,UNKNOWN,UNKNOWN,UNKNOWN,false
ozdemir,https://ankaraozdemirnakliyat.com/islemler/ankara/kecioren/sehitkubilay,ankara_district_service,IMPROVE,200,true,233,0.0211,0.3947,0.5639,https://ankaraozdemirnakliyat.com/islemler/ankara/kecioren/yayla,false,false,false,1,65,Ankara Keçiören Şehitkubilay Evden Eve Nakliyat | Ankara Özdemir Nakliyat,Keçiören Şehitkubilay . TAŞIMACILIK,https://ankaraozdemirnakliyat.com/islemler/ankara/kecioren/sehitkubilay,UNKNOWN,UNKNOWN,UNKNOWN,UNKNOWN,UNKNOWN,false
ozdemir,https://ankaraozdemirnakliyat.com/islemler/ankara/kecioren/yayla,ankara_district_service,IMPROVE,200,true,233,0.0211,0.3947,0.5639,https://ankaraozdemirnakliyat.com/islemler/ankara/kecioren/yesiltepe,false,false,false,1,65,Ankara Keçiören Yayla Evden Eve Nakliyat | Ankara Özdemir Nakliyat,Keçiören Yayla . NAKLİYAT,https://ankaraozdemirnakliyat.com/islemler/ankara/kecioren/yayla,UNKNOWN,UNKNOWN,UNKNOWN,UNKNOWN,UNKNOWN,false
ozdemir,https://ankaraozdemirnakliyat.com/islemler/ankara/kecioren/yesiltepe,ankara_district_service,IMPROVE,200,true,233,0.0211,0.3947,0.1236,https://ankaraozdemirnakliyat.com/islemler/ankara/kizilcahamam/yenice,false,false,false,1,65,Ankara Keçiören Yeşiltepe Evden Eve Nakliyat | Ankara Özdemir Nakliyat,Keçiören Yeşiltepe . NAKLİYAT,https://ankaraozdemirnakliyat.com/islemler/ankara/kecioren/yesiltepe,UNKNOWN,UNKNOWN,UNKNOWN,UNKNOWN,UNKNOWN,false
ozdemir,https://ankaraozdemirnakliyat.com/islemler/ankara/kizilcahamam,ankara_district,IMPROVE,200,true,414,0.2975,0.7025,0.3623,https://ankaraozdemirnakliyat.com/islemler/ankara/nallihan,false,false,false,965,57,Kızılcahamam Evden Eve Nakliyat | Sigortalı Taşıma | Ankara Özdemir Nakliyat,Kızılcahamam . NAKLİYAT,https://ankaraozdemirnakliyat.com/islemler/ankara/kizilcahamam,UNKNOWN,UNKNOWN,UNKNOWN,UNKNOWN,UNKNOWN,false
ozdemir,https://ankaraozdemirnakliyat.com/islemler/ankara/kizilcahamam/evden-eve-nakliyat,ankara_district_service,IMPROVE,200,true,260,0.0161,0.8153,0.2840,https://ankaraozdemirnakliyat.com/islemler/ankara/kizilcahamam/ofis-tasima,false,false,false,3,61,Kızılcahamam Evden Eve Nakliyat | Garantili Hizmet | Ankara Özdemir Nakliyat,Kızılcahamam Evden Eve Nakliyat,https://ankaraozdemirnakliyat.com/islemler/ankara/kizilcahamam/evden-eve-nakliyat,UNKNOWN,UNKNOWN,UNKNOWN,UNKNOWN,UNKNOWN,false
ozdemir,https://ankaraozdemirnakliyat.com/islemler/ankara/kizilcahamam/ofis-tasima,ankara_district_service,IMPROVE,200,true,240,0.0189,0.7783,0.2647,https://ankaraozdemirnakliyat.com/islemler/ankara/mamak/ofis-tasima,false,false,false,3,61,Kızılcahamam Ofis Taşıma | Garantili Hizmet | Ankara Özdemir Nakliyat,Kızılcahamam Ofis Taşıma,https://ankaraozdemirnakliyat.com/islemler/ankara/kizilcahamam/ofis-tasima,UNKNOWN,UNKNOWN,UNKNOWN,UNKNOWN,UNKNOWN,false
ozdemir,https://ankaraozdemirnakliyat.com/islemler/ankara/kizilcahamam/nakliyat-fiyatlari,ankara_district_service,IMPROVE,200,true,260,0.0172,0.7759,0.3088,https://ankaraozdemirnakliyat.com/islemler/ankara/mamak/nakliyat-fiyatlari,false,false,false,2,61,Kızılcahamam Nakliyat Fiyatları | Garantili Hizmet | Ankara Özdemir Nakliyat,Kızılcahamam Nakliyat Fiyatları,https://ankaraozdemirnakliyat.com/islemler/ankara/kizilcahamam/nakliyat-fiyatlari,UNKNOWN,UNKNOWN,UNKNOWN,UNKNOWN,UNKNOWN,false
ozdemir,https://ankaraozdemirnakliyat.com/islemler/ankara/kizilcahamam/yenice,ankara_district_service,MANUAL_REVIEW,200,true,181,0.0308,0.0462,0.3822,https://ankaraozdemirnakliyat.com/islemler/ankara/kizilcahamam/akcay,true,false,true,4,50,Ankara Kızılcahamam Yenice Evden Eve Nakliyat | Ankara Özdemir Nakliyat,Kızılcahamam Yenice . TAŞIMACILIK,https://ankaraozdemirnakliyat.com/islemler/ankara/kizilcahamam/yenice,UNKNOWN,UNKNOWN,UNKNOWN,UNKNOWN,UNKNOWN,false
ozdemir,https://ankaraozdemirnakliyat.com/islemler/ankara/kizilcahamam/akcay,ankara_district_service,IMPROVE,200,true,181,0.0308,0.5769,0.3861,https://ankaraozdemirnakliyat.com/islemler/ankara/kizilcahamam/karsiyaka,false,false,true,4,50,Ankara Kızılcahamam Akçay Evden Eve Nakliyat | Ankara Özdemir Nakliyat,Kızılcahamam Akçay . TAŞIMACILIK,https://ankaraozdemirnakliyat.com/islemler/ankara/kizilcahamam/akcay,UNKNOWN,UNKNOWN,UNKNOWN,UNKNOWN,UNKNOWN,false
ozdemir,https://ankaraozdemirnakliyat.com/islemler/ankara/kizilcahamam/karsiyaka,ankara_district_service,MANUAL_REVIEW,200,true,181,0.0308,0.0462,0.3842,https://ankaraozdemirnakliyat.com/islemler/ankara/kizilcahamam/ismetpasa,true,false,true,4,50,Ankara Kızılcahamam Karşıyaka Evden Eve Nakliyat | Ankara Özdemir Nakliyat,Kızılcahamam Karşıyaka . NAKLİYAT,https://ankaraozdemirnakliyat.com/islemler/ankara/kizilcahamam/karsiyaka,UNKNOWN,UNKNOWN,UNKNOWN,UNKNOWN,UNKNOWN,false
ozdemir,https://ankaraozdemirnakliyat.com/islemler/ankara/kizilcahamam/ismetpasa,ankara_district_service,IMPROVE,200,true,181,0.0308,0.5769,0.1472,https://ankaraozdemirnakliyat.com/islemler/ankara/sereflikochisar/sanayi,false,false,true,4,50,Ankara Kızılcahamam İsmetpaşa Evden Eve Nakliyat | Ankara Özdemir Nakliyat,Kızılcahamam İsmetpaşa . LOJİSTİK,https://ankaraozdemirnakliyat.com/islemler/ankara/kizilcahamam/ismetpasa,UNKNOWN,UNKNOWN,UNKNOWN,UNKNOWN,UNKNOWN,false
ozdemir,https://ankaraozdemirnakliyat.com/islemler/ankara/mamak,ankara_district,KEEP,200,true,487,0.2401,0.7599,0.4951,https://ankaraozdemirnakliyat.com/islemler/ankara/pursaklar,false,false,false,965,88,Mamak Evden Eve Nakliyat | Sigortalı Taşıma | Ankara Özdemir Nakliyat,Mamak . NAKLİYAT,https://ankaraozdemirnakliyat.com/islemler/ankara/mamak,UNKNOWN,UNKNOWN,UNKNOWN,UNKNOWN,UNKNOWN,false
ozdemir,https://ankaraozdemirnakliyat.com/islemler/ankara/mamak/evden-eve-nakliyat,ankara_district_service,MERGE,200,true,260,0.0161,0.8153,1.0000,https://ankaraozdemirnakliyat.com/islemler/ankara/pursaklar/evden-eve-nakliyat,true,true,false,3,61,Mamak Evden Eve Nakliyat | Garantili Hizmet | Ankara Özdemir Nakliyat,Mamak Evden Eve Nakliyat,https://ankaraozdemirnakliyat.com/islemler/ankara/mamak/evden-eve-nakliyat,UNKNOWN,UNKNOWN,UNKNOWN,UNKNOWN,UNKNOWN,false
ozdemir,https://ankaraozdemirnakliyat.com/islemler/ankara/mamak/ofis-tasima,ankara_district_service,MERGE,200,true,240,0.0189,0.7783,1.0000,https://ankaraozdemirnakliyat.com/islemler/ankara/pursaklar/ofis-tasima,true,true,false,3,61,Mamak Ofis Taşıma | Garantili Hizmet | Ankara Özdemir Nakliyat,Mamak Ofis Taşıma,https://ankaraozdemirnakliyat.com/islemler/ankara/mamak/ofis-tasima,UNKNOWN,UNKNOWN,UNKNOWN,UNKNOWN,UNKNOWN,false
ozdemir,https://ankaraozdemirnakliyat.com/islemler/ankara/mamak/nakliyat-fiyatlari,ankara_district_service,MERGE,200,true,260,0.0172,0.7759,1.0000,https://ankaraozdemirnakliyat.com/islemler/ankara/pursaklar/nakliyat-fiyatlari,true,true,false,2,61,Mamak Nakliyat Fiyatları | Garantili Hizmet | Ankara Özdemir Nakliyat,Mamak Nakliyat Fiyatları,https://ankaraozdemirnakliyat.com/islemler/ankara/mamak/nakliyat-fiyatlari,UNKNOWN,UNKNOWN,UNKNOWN,UNKNOWN,UNKNOWN,false
ozdemir,https://ankaraozdemirnakliyat.com/islemler/ankara/mamak/akdere,ankara_district_service,IMPROVE,200,true,235,0.0208,0.5104,0.8500,https://ankaraozdemirnakliyat.com/islemler/ankara/mamak/balkiraz,false,false,false,35,65,Ankara Mamak Akdere Evden Eve Nakliyat | Ankara Özdemir Nakliyat,Mamak Akdere . NAKLİYAT,https://ankaraozdemirnakliyat.com/islemler/ankara/mamak/akdere,UNKNOWN,UNKNOWN,UNKNOWN,UNKNOWN,UNKNOWN,false
ozdemir,https://ankaraozdemirnakliyat.com/islemler/ankara/mamak/bogazici,ankara_district_service,IMPROVE,200,true,235,0.0208,0.5104,0.5108,https://ankaraozdemirnakliyat.com/islemler/ankara/mamak/balkiraz,false,false,false,35,65,Ankara Mamak Boğaziçi Evden Eve Nakliyat | Ankara Özdemir Nakliyat,Mamak Boğaziçi . NAKLİYAT,https://ankaraozdemirnakliyat.com/islemler/ankara/mamak/bogazici,UNKNOWN,UNKNOWN,UNKNOWN,UNKNOWN,UNKNOWN,false
ozdemir,https://ankaraozdemirnakliyat.com/islemler/ankara/mamak/ege-mahallesi,ankara_district_service,IMPROVE,200,true,250,0.0179,0.5804,0.8389,https://ankaraozdemirnakliyat.com/islemler/ankara/mamak/balkiraz,false,false,false,35,65,Ankara Mamak Ege Mahallesi Evden Eve Nakliyat | Ankara Özdemir Nakliyat,Mamak Ege Mahallesi . TAŞIMACILIK,https://ankaraozdemirnakliyat.com/islemler/ankara/mamak/ege-mahallesi,UNKNOWN,UNKNOWN,UNKNOWN,UNKNOWN,UNKNOWN,false
ozdemir,https://ankaraozdemirnakliyat.com/islemler/ankara/mamak/nato-yolu,ankara_district_service,IMPROVE,200,true,251,0.0179,0.5804,0.8407,https://ankaraozdemirnakliyat.com/islemler/ankara/mamak/harman,false,false,false,35,65,Ankara Mamak Nato Yolu Evden Eve Nakliyat | Ankara Özdemir Nakliyat,Mamak Nato Yolu . EVDEN EVE,https://ankaraozdemirnakliyat.com/islemler/ankara/mamak/nato-yolu,UNKNOWN,UNKNOWN,UNKNOWN,UNKNOWN,UNKNOWN,false
ozdemir,https://ankaraozdemirnakliyat.com/islemler/ankara/mamak/abidinpasa,ankara_district_service,IMPROVE,200,true,235,0.0208,0.5104,0.5108,https://ankaraozdemirnakliyat.com/islemler/ankara/mamak/balkiraz,false,false,false,35,65,Ankara Mamak Abidinpaşa Evden Eve Nakliyat | Ankara Özdemir Nakliyat,Mamak Abidinpaşa . NAKLİYAT,https://ankaraozdemirnakliyat.com/islemler/ankara/mamak/abidinpasa,UNKNOWN,UNKNOWN,UNKNOWN,UNKNOWN,UNKNOWN,false
ozdemir,https://ankaraozdemirnakliyat.com/islemler/ankara/mamak/tuzlucayir,ankara_district_service,IMPROVE,200,true,235,0.0208,0.5104,0.5108,https://ankaraozdemirnakliyat.com/islemler/ankara/mamak/balkiraz,false,false,false,35,65,Ankara Mamak Tuzluçayır Evden Eve Nakliyat | Ankara Özdemir Nakliyat,Mamak Tuzluçayır . NAKLİYAT,https://ankaraozdemirnakliyat.com/islemler/ankara/mamak/tuzlucayir,UNKNOWN,UNKNOWN,UNKNOWN,UNKNOWN,UNKNOWN,false
ozdemir,https://ankaraozdemirnakliyat.com/islemler/ankara/mamak/saimekadin,ankara_district_service,IMPROVE,200,true,235,0.0208,0.5104,0.5086,https://ankaraozdemirnakliyat.com/islemler/ankara/mamak/balkiraz,false,false,false,35,65,Ankara Mamak Saimekadın Evden Eve Nakliyat | Ankara Özdemir Nakliyat,Mamak Saimekadın . LOJİSTİK,https://ankaraozdemirnakliyat.com/islemler/ankara/mamak/saimekadin,UNKNOWN,UNKNOWN,UNKNOWN,UNKNOWN,UNKNOWN,false
ozdemir,https://ankaraozdemirnakliyat.com/islemler/ankara/mamak/lalahan,ankara_district_service,IMPROVE,200,true,235,0.0208,0.5104,0.8603,https://ankaraozdemirnakliyat.com/islemler/ankara/mamak/balkiraz,false,false,false,35,65,Ankara Mamak Lalahan Evden Eve Nakliyat | Ankara Özdemir Nakliyat,Mamak Lalahan . TAŞIMACILIK,https://ankaraozdemirnakliyat.com/islemler/ankara/mamak/lalahan,UNKNOWN,UNKNOWN,UNKNOWN,UNKNOWN,UNKNOWN,false
ozdemir,https://ankaraozdemirnakliyat.com/islemler/ankara/mamak/kibris-koyu,ankara_district_service,IMPROVE,200,true,250,0.0179,0.5804,0.4918,https://ankaraozdemirnakliyat.com/islemler/ankara/mamak/balkiraz,false,false,false,35,65,Ankara Mamak Kıbrıs Köyü Evden Eve Nakliyat | Ankara Özdemir Nakliyat,Mamak Kıbrıs Köyü . LOJİSTİK,https://ankaraozdemirnakliyat.com/islemler/ankara/mamak/kibris-koyu,UNKNOWN,UNKNOWN,UNKNOWN,UNKNOWN,UNKNOWN,false
ozdemir,https://ankaraozdemirnakliyat.com/islemler/ankara/mamak/bahcelerici,ankara_district_service,IMPROVE,200,true,236,0.0208,0.5104,0.5328,https://ankaraozdemirnakliyat.com/islemler/ankara/mamak/balkiraz,false,false,false,35,65,Ankara Mamak Bahçeleriçi Evden Eve Nakliyat | Ankara Özdemir Nakliyat,Mamak Bahçeleriçi . EVDEN EVE,https://ankaraozdemirnakliyat.com/islemler/ankara/mamak/bahcelerici,UNKNOWN,UNKNOWN,UNKNOWN,UNKNOWN,UNKNOWN,false
ozdemir,https://ankaraozdemirnakliyat.com/islemler/ankara/mamak/balkiraz,ankara_district_service,MANUAL_REVIEW,200,true,235,0.0208,0.5104,0.9195,https://ankaraozdemirnakliyat.com/islemler/ankara/mamak/derbent,true,false,false,35,65,Ankara Mamak Balkiraz Evden Eve Nakliyat | Ankara Özdemir Nakliyat,Mamak Balkiraz . NAKLİYAT,https://ankaraozdemirnakliyat.com/islemler/ankara/mamak/balkiraz,UNKNOWN,UNKNOWN,UNKNOWN,UNKNOWN,UNKNOWN,false
ozdemir,https://ankaraozdemirnakliyat.com/islemler/ankara/mamak/basak,ankara_district_service,IMPROVE,200,true,235,0.0208,0.5104,0.5284,https://ankaraozdemirnakliyat.com/islemler/ankara/mamak/derbent,false,false,false,35,65,Ankara Mamak Başak Evden Eve Nakliyat | Ankara Özdemir Nakliyat,Mamak Başak . LOJİSTİK,https://ankaraozdemirnakliyat.com/islemler/ankara/mamak/basak,UNKNOWN,UNKNOWN,UNKNOWN,UNKNOWN,UNKNOWN,false
ozdemir,https://ankaraozdemirnakliyat.com/islemler/ankara/mamak/demirlibahce,ankara_district_service,IMPROVE,200,true,235,0.0208,0.5104,0.5374,https://ankaraozdemirnakliyat.com/islemler/ankara/mamak/derbent,false,false,false,35,65,Ankara Mamak Demirlibahçe Evden Eve Nakliyat | Ankara Özdemir Nakliyat,Mamak Demirlibahçe . TAŞIMACILIK,https://ankaraozdemirnakliyat.com/islemler/ankara/mamak/demirlibahce,UNKNOWN,UNKNOWN,UNKNOWN,UNKNOWN,UNKNOWN,false
ozdemir,https://ankaraozdemirnakliyat.com/islemler/ankara/mamak/derbent,ankara_district_service,MERGE,200,true,235,0.0208,0.5104,0.9419,https://ankaraozdemirnakliyat.com/islemler/ankara/mamak/dostlar,true,true,false,35,65,Ankara Mamak Derbent Evden Eve Nakliyat | Ankara Özdemir Nakliyat,Mamak Derbent . NAKLİYAT,https://ankaraozdemirnakliyat.com/islemler/ankara/mamak/derbent,UNKNOWN,UNKNOWN,UNKNOWN,UNKNOWN,UNKNOWN,false
ozdemir,https://ankaraozdemirnakliyat.com/islemler/ankara/mamak/dostlar,ankara_district_service,MANUAL_REVIEW,200,true,235,0.0208,0.5104,0.8977,https://ankaraozdemirnakliyat.com/islemler/ankara/mamak/kartaltepe,true,false,false,35,65,Ankara Mamak Dostlar Evden Eve Nakliyat | Ankara Özdemir Nakliyat,Mamak Dostlar . TAŞIMACILIK,https://ankaraozdemirnakliyat.com/islemler/ankara/mamak/dostlar,UNKNOWN,UNKNOWN,UNKNOWN,UNKNOWN,UNKNOWN,false
ozdemir,https://ankaraozdemirnakliyat.com/islemler/ankara/mamak/durali-alic,ankara_district_service,IMPROVE,200,true,250,0.0179,0.5804,0.5108,https://ankaraozdemirnakliyat.com/islemler/ankara/mamak/kartaltepe,false,false,false,35,65,Ankara Mamak Durali Alıç Evden Eve Nakliyat | Ankara Özdemir Nakliyat,Mamak Durali Alıç . LOJİSTİK,https://ankaraozdemirnakliyat.com/islemler/ankara/mamak/durali-alic,UNKNOWN,UNKNOWN,UNKNOWN,UNKNOWN,UNKNOWN,false
ozdemir,https://ankaraozdemirnakliyat.com/islemler/ankara/mamak/fahri-koruturk,ankara_district_service,IMPROVE,200,true,250,0.0179,0.5804,0.5263,https://ankaraozdemirnakliyat.com/islemler/ankara/mamak/kartaltepe,false,false,false,35,65,Ankara Mamak Fahri Korutürk Evden Eve Nakliyat | Ankara Özdemir Nakliyat,Mamak Fahri Korutürk . NAKLİYAT,https://ankaraozdemirnakliyat.com/islemler/ankara/mamak/fahri-koruturk,UNKNOWN,UNKNOWN,UNKNOWN,UNKNOWN,UNKNOWN,false
ozdemir,https://ankaraozdemirnakliyat.com/islemler/ankara/mamak/gokceyurt,ankara_district_service,IMPROVE,200,true,235,0.0208,0.5104,0.5374,https://ankaraozdemirnakliyat.com/islemler/ankara/mamak/kartaltepe,false,false,false,35,65,Ankara Mamak Gökçeyurt Evden Eve Nakliyat | Ankara Özdemir Nakliyat,Mamak Gökçeyurt . NAKLİYAT,https://ankaraozdemirnakliyat.com/islemler/ankara/mamak/gokceyurt,UNKNOWN,UNKNOWN,UNKNOWN,UNKNOWN,UNKNOWN,false
ozdemir,https://ankaraozdemirnakliyat.com/islemler/ankara/mamak/gulveren,ankara_district_service,MANUAL_REVIEW,200,true,236,0.0208,0.0313,0.5759,https://ankaraozdemirnakliyat.com/islemler/ankara/mamak/harman,true,false,false,19,65,Ankara Mamak Gülveren Evden Eve Nakliyat | Ankara Özdemir Nakliyat,Mamak Gülveren . EVDEN EVE,https://ankaraozdemirnakliyat.com/islemler/ankara/mamak/gulveren,UNKNOWN,UNKNOWN,UNKNOWN,UNKNOWN,UNKNOWN,false
ozdemir,https://ankaraozdemirnakliyat.com/islemler/ankara/mamak/harman,ankara_district_service,MERGE,200,true,236,0.0208,0.3906,1.0000,https://ankaraozdemirnakliyat.com/islemler/ankara/mamak/mutlu,true,true,false,1,65,Ankara Mamak Harman Evden Eve Nakliyat | Ankara Özdemir Nakliyat,Mamak Harman . EVDEN EVE,https://ankaraozdemirnakliyat.com/islemler/ankara/mamak/harman,UNKNOWN,UNKNOWN,UNKNOWN,UNKNOWN,UNKNOWN,false
ozdemir,https://ankaraozdemirnakliyat.com/islemler/ankara/mamak/hurel,ankara_district_service,IMPROVE,200,true,236,0.0208,0.3906,0.5759,https://ankaraozdemirnakliyat.com/islemler/ankara/mamak/mutlu,false,false,false,1,65,Ankara Mamak Hürel Evden Eve Nakliyat | Ankara Özdemir Nakliyat,Mamak Hürel . EVDEN EVE,https://ankaraozdemirnakliyat.com/islemler/ankara/mamak/hurel,UNKNOWN,UNKNOWN,UNKNOWN,UNKNOWN,UNKNOWN,false
ozdemir,https://ankaraozdemirnakliyat.com/islemler/ankara/mamak/huseyingazi,ankara_district_service,IMPROVE,200,true,236,0.0208,0.3906,0.5759,https://ankaraozdemirnakliyat.com/islemler/ankara/mamak/mutlu,false,false,false,1,65,Ankara Mamak Hüseyingazi Evden Eve Nakliyat | Ankara Özdemir Nakliyat,Mamak Hüseyingazi . EVDEN EVE,https://ankaraozdemirnakliyat.com/islemler/ankara/mamak/huseyingazi,UNKNOWN,UNKNOWN,UNKNOWN,UNKNOWN,UNKNOWN,false
ozdemir,https://ankaraozdemirnakliyat.com/islemler/ankara/mamak/kartaltepe,ankara_district_service,MERGE,200,true,235,0.0208,0.0313,1.0000,https://ankaraozdemirnakliyat.com/islemler/ankara/mamak/tepecik,true,true,false,1,65,Ankara Mamak Kartaltepe Evden Eve Nakliyat | Ankara Özdemir Nakliyat,Mamak Kartaltepe . TAŞIMACILIK,https://ankaraozdemirnakliyat.com/islemler/ankara/mamak/kartaltepe,UNKNOWN,UNKNOWN,UNKNOWN,UNKNOWN,UNKNOWN,false
ozdemir,https://ankaraozdemirnakliyat.com/islemler/ankara/mamak/kayas,ankara_district_service,IMPROVE,200,true,235,0.0208,0.3906,0.5721,https://ankaraozdemirnakliyat.com/islemler/ankara/mamak/tepecik,false,false,false,1,65,Ankara Mamak Kayaş Evden Eve Nakliyat | Ankara Özdemir Nakliyat,Mamak Kayaş . TAŞIMACILIK,https://ankaraozdemirnakliyat.com/islemler/ankara/mamak/kayas,UNKNOWN,UNKNOWN,UNKNOWN,UNKNOWN,UNKNOWN,false
ozdemir,https://ankaraozdemirnakliyat.com/islemler/ankara/mamak/kazim-orbay,ankara_district_service,IMPROVE,200,true,251,0.0178,0.4800,0.5721,https://ankaraozdemirnakliyat.com/islemler/ankara/mamak/tepecik,false,false,false,1,65,Ankara Mamak Kazım Orbay Evden Eve Nakliyat | Ankara Özdemir Nakliyat,Mamak Kazım Orbay . TAŞIMACILIK,https://ankaraozdemirnakliyat.com/islemler/ankara/mamak/kazim-orbay,UNKNOWN,UNKNOWN,UNKNOWN,UNKNOWN,UNKNOWN,false
ozdemir,https://ankaraozdemirnakliyat.com/islemler/ankara/mamak/kostence,ankara_district_service,IMPROVE,200,true,236,0.0208,0.3906,0.5759,https://ankaraozdemirnakliyat.com/islemler/ankara/mamak/mutlu,false,false,false,1,65,Ankara Mamak Köstence Evden Eve Nakliyat | Ankara Özdemir Nakliyat,Mamak Köstence . EVDEN EVE,https://ankaraozdemirnakliyat.com/islemler/ankara/mamak/kostence,UNKNOWN,UNKNOWN,UNKNOWN,UNKNOWN,UNKNOWN,false
ozdemir,https://ankaraozdemirnakliyat.com/islemler/ankara/mamak/kucuk-kayas,ankara_district_service,IMPROVE,200,true,251,0.0178,0.4800,0.5336,https://ankaraozdemirnakliyat.com/islemler/ankara/mamak/tepecik,false,false,false,1,65,Ankara Mamak Küçük Kayaş Evden Eve Nakliyat | Ankara Özdemir Nakliyat,Mamak Küçük Kayaş . LOJİSTİK,https://ankaraozdemirnakliyat.com/islemler/ankara/mamak/kucuk-kayas,UNKNOWN,UNKNOWN,UNKNOWN,UNKNOWN,UNKNOWN,false
ozdemir,https://ankaraozdemirnakliyat.com/islemler/ankara/mamak/mutlu,ankara_district_service,MERGE,200,true,236,0.0208,0.3906,0.9649,https://ankaraozdemirnakliyat.com/islemler/ankara/mamak/tepecik,true,true,false,1,65,Ankara Mamak Mutlu Evden Eve Nakliyat | Ankara Özdemir Nakliyat,Mamak Mutlu . EVDEN EVE,https://ankaraozdemirnakliyat.com/islemler/ankara/mamak/mutlu,UNKNOWN,UNKNOWN,UNKNOWN,UNKNOWN,UNKNOWN,false
ozdemir,https://ankaraozdemirnakliyat.com/islemler/ankara/mamak/safaktepe,ankara_district_service,IMPROVE,200,true,236,0.0208,0.3906,0.5670,https://ankaraozdemirnakliyat.com/islemler/ankara/mamak/tepecik,false,false,false,1,65,Ankara Mamak Şafaktepe Evden Eve Nakliyat | Ankara Özdemir Nakliyat,Mamak Şafaktepe . EVDEN EVE,https://ankaraozdemirnakliyat.com/islemler/ankara/mamak/safaktepe,UNKNOWN,UNKNOWN,UNKNOWN,UNKNOWN,UNKNOWN,false
ozdemir,https://ankaraozdemirnakliyat.com/islemler/ankara/mamak/sahap-gurler,ankara_district_service,IMPROVE,200,true,251,0.0178,0.4800,0.5359,https://ankaraozdemirnakliyat.com/islemler/ankara/mamak/tepecik,false,false,false,1,65,Ankara Mamak Şahap Gürler Evden Eve Nakliyat | Ankara Özdemir Nakliyat,Mamak Şahap Gürler . NAKLİYAT,https://ankaraozdemirnakliyat.com/islemler/ankara/mamak/sahap-gurler,UNKNOWN,UNKNOWN,UNKNOWN,UNKNOWN,UNKNOWN,false
ozdemir,https://ankaraozdemirnakliyat.com/islemler/ankara/mamak/sahintepe,ankara_district_service,IMPROVE,200,true,235,0.0208,0.3906,0.5721,https://ankaraozdemirnakliyat.com/islemler/ankara/mamak/tepecik,false,false,false,1,65,Ankara Mamak Şahintepe Evden Eve Nakliyat | Ankara Özdemir Nakliyat,Mamak Şahintepe . NAKLİYAT,https://ankaraozdemirnakliyat.com/islemler/ankara/mamak/sahintepe,UNKNOWN,UNKNOWN,UNKNOWN,UNKNOWN,UNKNOWN,false
ozdemir,https://ankaraozdemirnakliyat.com/islemler/ankara/mamak/tepecik,ankara_district_service,IMPROVE,200,true,235,0.0208,0.3906,0.5721,https://ankaraozdemirnakliyat.com/islemler/ankara/mamak/turkozu,false,false,false,1,65,Ankara Mamak Tepecik Evden Eve Nakliyat | Ankara Özdemir Nakliyat,Mamak Tepecik . TAŞIMACILIK,https://ankaraozdemirnakliyat.com/islemler/ankara/mamak/tepecik,UNKNOWN,UNKNOWN,UNKNOWN,UNKNOWN,UNKNOWN,false
ozdemir,https://ankaraozdemirnakliyat.com/islemler/ankara/mamak/turkozu,ankara_district_service,IMPROVE,200,true,235,0.0208,0.3906,0.5359,https://ankaraozdemirnakliyat.com/islemler/ankara/mamak/yesilbayir,false,false,false,1,65,Ankara Mamak Türközü Evden Eve Nakliyat | Ankara Özdemir Nakliyat,Mamak Türközü . TAŞIMACILIK,https://ankaraozdemirnakliyat.com/islemler/ankara/mamak/turkozu,UNKNOWN,UNKNOWN,UNKNOWN,UNKNOWN,UNKNOWN,false
ozdemir,https://ankaraozdemirnakliyat.com/islemler/ankara/mamak/uregil,ankara_district_service,IMPROVE,200,true,236,0.0208,0.3906,0.5314,https://ankaraozdemirnakliyat.com/islemler/ankara/mamak/yesilbayir,false,false,false,1,65,Ankara Mamak Üreğil Evden Eve Nakliyat | Ankara Özdemir Nakliyat,Mamak Üreğil . EVDEN EVE,https://ankaraozdemirnakliyat.com/islemler/ankara/mamak/uregil,UNKNOWN,UNKNOWN,UNKNOWN,UNKNOWN,UNKNOWN,false
ozdemir,https://ankaraozdemirnakliyat.com/islemler/ankara/mamak/yesilbayir,ankara_district_service,IMPROVE,200,true,235,0.0208,0.3906,0.1254,https://ankaraozdemirnakliyat.com/islemler/ankara/pursaklar/yavuz-selim,false,false,false,1,65,Ankara Mamak Yeşilbayır Evden Eve Nakliyat | Ankara Özdemir Nakliyat,Mamak Yeşilbayır . TAŞIMACILIK,https://ankaraozdemirnakliyat.com/islemler/ankara/mamak/yesilbayir,UNKNOWN,UNKNOWN,UNKNOWN,UNKNOWN,UNKNOWN,false
ozdemir,https://ankaraozdemirnakliyat.com/islemler/ankara/nallihan,ankara_district,IMPROVE,200,true,414,0.2957,0.7043,0.3614,https://ankaraozdemirnakliyat.com/islemler/ankara/pursaklar,false,false,false,965,56,Nallıhan Evden Eve Nakliyat | Sigortalı Taşıma | Ankara Özdemir Nakliyat,Nallıhan . NAKLİYAT,https://ankaraozdemirnakliyat.com/islemler/ankara/nallihan,UNKNOWN,UNKNOWN,UNKNOWN,UNKNOWN,UNKNOWN,false
ozdemir,https://ankaraozdemirnakliyat.com/islemler/ankara/nallihan/evden-eve-nakliyat,ankara_district_service,IMPROVE,200,true,260,0.0161,0.8153,0.2840,https://ankaraozdemirnakliyat.com/islemler/ankara/nallihan/ofis-tasima,false,false,false,3,61,Nallıhan Evden Eve Nakliyat | Garantili Hizmet | Ankara Özdemir Nakliyat,Nallıhan Evden Eve Nakliyat,https://ankaraozdemirnakliyat.com/islemler/ankara/nallihan/evden-eve-nakliyat,UNKNOWN,UNKNOWN,UNKNOWN,UNKNOWN,UNKNOWN,false
ozdemir,https://ankaraozdemirnakliyat.com/islemler/ankara/nallihan/ofis-tasima,ankara_district_service,IMPROVE,200,true,240,0.0189,0.7783,0.2647,https://ankaraozdemirnakliyat.com/islemler/ankara/pursaklar/ofis-tasima,false,false,false,3,61,Nallıhan Ofis Taşıma | Garantili Hizmet | Ankara Özdemir Nakliyat,Nallıhan Ofis Taşıma,https://ankaraozdemirnakliyat.com/islemler/ankara/nallihan/ofis-tasima,UNKNOWN,UNKNOWN,UNKNOWN,UNKNOWN,UNKNOWN,false
ozdemir,https://ankaraozdemirnakliyat.com/islemler/ankara/nallihan/nakliyat-fiyatlari,ankara_district_service,IMPROVE,200,true,260,0.0172,0.7759,0.3088,https://ankaraozdemirnakliyat.com/islemler/ankara/pursaklar/nakliyat-fiyatlari,false,false,false,2,61,Nallıhan Nakliyat Fiyatları | Garantili Hizmet | Ankara Özdemir Nakliyat,Nallıhan Nakliyat Fiyatları,https://ankaraozdemirnakliyat.com/islemler/ankara/nallihan/nakliyat-fiyatlari,UNKNOWN,UNKNOWN,UNKNOWN,UNKNOWN,UNKNOWN,false
ozdemir,https://ankaraozdemirnakliyat.com/islemler/ankara/nallihan/nasuhpasa,ankara_district_service,IMPROVE,200,true,181,0.0294,0.5515,0.3762,https://ankaraozdemirnakliyat.com/islemler/ankara/nallihan/aliaga,false,false,true,3,49,Ankara Nallıhan Nasuhpaşa Evden Eve Nakliyat | Ankara Özdemir Nakliyat,Nallıhan Nasuhpaşa . NAKLİYAT,https://ankaraozdemirnakliyat.com/islemler/ankara/nallihan/nasuhpasa,UNKNOWN,UNKNOWN,UNKNOWN,UNKNOWN,UNKNOWN,false
ozdemir,https://ankaraozdemirnakliyat.com/islemler/ankara/nallihan/aliaga,ankara_district_service,IMPROVE,200,true,182,0.0294,0.5515,0.3762,https://ankaraozdemirnakliyat.com/islemler/ankara/nallihan/yazi,false,false,true,3,49,Ankara Nallıhan Aliağa Evden Eve Nakliyat | Ankara Özdemir Nakliyat,Nallıhan Aliağa . EVDEN EVE,https://ankaraozdemirnakliyat.com/islemler/ankara/nallihan/aliaga,UNKNOWN,UNKNOWN,UNKNOWN,UNKNOWN,UNKNOWN,false
ozdemir,https://ankaraozdemirnakliyat.com/islemler/ankara/nallihan/yazi,ankara_district_service,IMPROVE,200,true,181,0.0294,0.5515,0.1491,https://ankaraozdemirnakliyat.com/islemler/ankara/sereflikochisar/sanayi,false,false,true,3,49,Ankara Nallıhan Yazı Evden Eve Nakliyat | Ankara Özdemir Nakliyat,Nallıhan Yazı . TAŞIMACILIK,https://ankaraozdemirnakliyat.com/islemler/ankara/nallihan/yazi,UNKNOWN,UNKNOWN,UNKNOWN,UNKNOWN,UNKNOWN,false
ozdemir,https://ankaraozdemirnakliyat.com/islemler/ankara/polatli,ankara_district,IMPROVE,200,true,442,0.2702,0.7298,0.3416,https://ankaraozdemirnakliyat.com/islemler/ankara/pursaklar,false,false,false,965,59,Polatlı Evden Eve Nakliyat | Sigortalı Taşıma | Ankara Özdemir Nakliyat,Polatlı . NAKLİYAT,https://ankaraozdemirnakliyat.com/islemler/ankara/polatli,UNKNOWN,UNKNOWN,UNKNOWN,UNKNOWN,UNKNOWN,false
ozdemir,https://ankaraozdemirnakliyat.com/islemler/ankara/polatli/evden-eve-nakliyat,ankara_district_service,IMPROVE,200,true,260,0.0161,0.8153,0.2840,https://ankaraozdemirnakliyat.com/islemler/ankara/polatli/ofis-tasima,false,false,false,3,61,Polatlı Evden Eve Nakliyat | Garantili Hizmet | Ankara Özdemir Nakliyat,Polatlı Evden Eve Nakliyat,https://ankaraozdemirnakliyat.com/islemler/ankara/polatli/evden-eve-nakliyat,UNKNOWN,UNKNOWN,UNKNOWN,UNKNOWN,UNKNOWN,false
ozdemir,https://ankaraozdemirnakliyat.com/islemler/ankara/polatli/ofis-tasima,ankara_district_service,IMPROVE,200,true,240,0.0189,0.7783,0.2647,https://ankaraozdemirnakliyat.com/islemler/ankara/pursaklar/ofis-tasima,false,false,false,3,61,Polatlı Ofis Taşıma | Garantili Hizmet | Ankara Özdemir Nakliyat,Polatlı Ofis Taşıma,https://ankaraozdemirnakliyat.com/islemler/ankara/polatli/ofis-tasima,UNKNOWN,UNKNOWN,UNKNOWN,UNKNOWN,UNKNOWN,false
ozdemir,https://ankaraozdemirnakliyat.com/islemler/ankara/polatli/nakliyat-fiyatlari,ankara_district_service,IMPROVE,200,true,260,0.0172,0.7759,0.3088,https://ankaraozdemirnakliyat.com/islemler/ankara/pursaklar/nakliyat-fiyatlari,false,false,false,2,61,Polatlı Nakliyat Fiyatları | Garantili Hizmet | Ankara Özdemir Nakliyat,Polatlı Nakliyat Fiyatları,https://ankaraozdemirnakliyat.com/islemler/ankara/polatli/nakliyat-fiyatlari,UNKNOWN,UNKNOWN,UNKNOWN,UNKNOWN,UNKNOWN,false
ozdemir,https://ankaraozdemirnakliyat.com/islemler/ankara/polatli/gulveren,ankara_district_service,MANUAL_REVIEW,200,true,210,0.0241,0.0663,0.4700,https://ankaraozdemirnakliyat.com/islemler/ankara/polatli/fatih,true,false,true,6,52,Ankara Polatlı Gülveren Evden Eve Nakliyat | Ankara Özdemir Nakliyat,Polatlı Gülveren . EVDEN EVE,https://ankaraozdemirnakliyat.com/islemler/ankara/polatli/gulveren,UNKNOWN,UNKNOWN,UNKNOWN,UNKNOWN,UNKNOWN,false
ozdemir,https://ankaraozdemirnakliyat.com/islemler/ankara/polatli/cumhuriyet,ankara_district_service,MANUAL_REVIEW,200,true,210,0.0241,0.0663,0.8144,https://ankaraozdemirnakliyat.com/islemler/ankara/polatli/fatih,true,false,true,6,52,Ankara Polatlı Cumhuriyet Evden Eve Nakliyat | Ankara Özdemir Nakliyat,Polatlı Cumhuriyet . EVDEN EVE,https://ankaraozdemirnakliyat.com/islemler/ankara/polatli/cumhuriyet,UNKNOWN,UNKNOWN,UNKNOWN,UNKNOWN,UNKNOWN,false
ozdemir,https://ankaraozdemirnakliyat.com/islemler/ankara/polatli/sehitlik,ankara_district_service,IMPROVE,200,true,209,0.0241,0.4819,0.4883,https://ankaraozdemirnakliyat.com/islemler/ankara/polatli/fatih,false,false,true,6,52,Ankara Polatlı Şehitlik Evden Eve Nakliyat | Ankara Özdemir Nakliyat,Polatlı Şehitlik . NAKLİYAT,https://ankaraozdemirnakliyat.com/islemler/ankara/polatli/sehitlik,UNKNOWN,UNKNOWN,UNKNOWN,UNKNOWN,UNKNOWN,false
ozdemir,https://ankaraozdemirnakliyat.com/islemler/ankara/polatli/fatih,ankara_district_service,MANUAL_REVIEW,200,true,209,0.0241,0.0663,0.9236,https://ankaraozdemirnakliyat.com/islemler/ankara/polatli/basri,true,false,true,6,52,Ankara Polatlı Fatih Evden Eve Nakliyat | Ankara Özdemir Nakliyat,Polatlı Fatih . NAKLİYAT,https://ankaraozdemirnakliyat.com/islemler/ankara/polatli/fatih,UNKNOWN,UNKNOWN,UNKNOWN,UNKNOWN,UNKNOWN,false
ozdemir,https://ankaraozdemirnakliyat.com/islemler/ankara/polatli/yeni,ankara_district_service,MANUAL_REVIEW,200,true,209,0.0241,0.0663,0.9295,https://ankaraozdemirnakliyat.com/islemler/ankara/polatli/basri,true,false,true,6,52,Ankara Polatlı Yeni Evden Eve Nakliyat | Ankara Özdemir Nakliyat,Polatlı Yeni . TAŞIMACILIK,https://ankaraozdemirnakliyat.com/islemler/ankara/polatli/yeni,UNKNOWN,UNKNOWN,UNKNOWN,UNKNOWN,UNKNOWN,false
ozdemir,https://ankaraozdemirnakliyat.com/islemler/ankara/polatli/basri,ankara_district_service,IMPROVE,200,true,209,0.0241,0.4819,0.3221,https://ankaraozdemirnakliyat.com/islemler/ankara/sereflikochisar/sanayi,false,false,true,6,52,Ankara Polatlı Basri Evden Eve Nakliyat | Ankara Özdemir Nakliyat,Polatlı Basri . TAŞIMACILIK,https://ankaraozdemirnakliyat.com/islemler/ankara/polatli/basri,UNKNOWN,UNKNOWN,UNKNOWN,UNKNOWN,UNKNOWN,false
ozdemir,https://ankaraozdemirnakliyat.com/islemler/ankara/pursaklar,ankara_district,IMPROVE,200,true,442,0.2740,0.7260,0.5397,https://ankaraozdemirnakliyat.com/islemler/ankara/sincan,false,false,false,965,60,Pursaklar Evden Eve Nakliyat | Sigortalı Taşıma | Ankara Özdemir Nakliyat,Pursaklar . NAKLİYAT,https://ankaraozdemirnakliyat.com/islemler/ankara/pursaklar,UNKNOWN,UNKNOWN,UNKNOWN,UNKNOWN,UNKNOWN,false
ozdemir,https://ankaraozdemirnakliyat.com/islemler/ankara/pursaklar/evden-eve-nakliyat,ankara_district_service,MERGE,200,true,260,0.0161,0.8153,1.0000,https://ankaraozdemirnakliyat.com/islemler/ankara/sincan/evden-eve-nakliyat,true,true,false,3,61,Pursaklar Evden Eve Nakliyat | Garantili Hizmet | Ankara Özdemir Nakliyat,Pursaklar Evden Eve Nakliyat,https://ankaraozdemirnakliyat.com/islemler/ankara/pursaklar/evden-eve-nakliyat,UNKNOWN,UNKNOWN,UNKNOWN,UNKNOWN,UNKNOWN,false
ozdemir,https://ankaraozdemirnakliyat.com/islemler/ankara/pursaklar/ofis-tasima,ankara_district_service,MERGE,200,true,240,0.0189,0.7783,1.0000,https://ankaraozdemirnakliyat.com/islemler/ankara/sincan/ofis-tasima,true,true,false,3,61,Pursaklar Ofis Taşıma | Garantili Hizmet | Ankara Özdemir Nakliyat,Pursaklar Ofis Taşıma,https://ankaraozdemirnakliyat.com/islemler/ankara/pursaklar/ofis-tasima,UNKNOWN,UNKNOWN,UNKNOWN,UNKNOWN,UNKNOWN,false
ozdemir,https://ankaraozdemirnakliyat.com/islemler/ankara/pursaklar/nakliyat-fiyatlari,ankara_district_service,MERGE,200,true,260,0.0172,0.7759,1.0000,https://ankaraozdemirnakliyat.com/islemler/ankara/sincan/nakliyat-fiyatlari,true,true,false,2,61,Pursaklar Nakliyat Fiyatları | Garantili Hizmet | Ankara Özdemir Nakliyat,Pursaklar Nakliyat Fiyatları,https://ankaraozdemirnakliyat.com/islemler/ankara/pursaklar/nakliyat-fiyatlari,UNKNOWN,UNKNOWN,UNKNOWN,UNKNOWN,UNKNOWN,false
ozdemir,https://ankaraozdemirnakliyat.com/islemler/ankara/pursaklar/saray,ankara_district_service,IMPROVE,200,true,209,0.0248,0.5217,0.8280,https://ankaraozdemirnakliyat.com/islemler/ankara/pursaklar/fatih,false,false,true,7,53,Ankara Pursaklar Saray Evden Eve Nakliyat | Ankara Özdemir Nakliyat,Pursaklar Saray . NAKLİYAT,https://ankaraozdemirnakliyat.com/islemler/ankara/pursaklar/saray,UNKNOWN,UNKNOWN,UNKNOWN,UNKNOWN,UNKNOWN,false
ozdemir,https://ankaraozdemirnakliyat.com/islemler/ankara/pursaklar/altinova,ankara_district_service,IMPROVE,200,true,209,0.0248,0.5217,0.4593,https://ankaraozdemirnakliyat.com/islemler/ankara/pursaklar/merkez,false,false,true,7,53,Ankara Pursaklar Altınova Evden Eve Nakliyat | Ankara Özdemir Nakliyat,Pursaklar Altınova . LOJİSTİK,https://ankaraozdemirnakliyat.com/islemler/ankara/pursaklar/altinova,UNKNOWN,UNKNOWN,UNKNOWN,UNKNOWN,UNKNOWN,false
ozdemir,https://ankaraozdemirnakliyat.com/islemler/ankara/pursaklar/mimar-sinan,ankara_district_service,IMPROVE,200,true,225,0.0207,0.6010,0.8089,https://ankaraozdemirnakliyat.com/islemler/ankara/pursaklar/yavuz-selim,false,false,false,7,53,Ankara Pursaklar Mimar Sinan Evden Eve Nakliyat | Ankara Özdemir Nakliyat,Pursaklar Mimar Sinan . EVDEN EVE,https://ankaraozdemirnakliyat.com/islemler/ankara/pursaklar/mimar-sinan,UNKNOWN,UNKNOWN,UNKNOWN,UNKNOWN,UNKNOWN,false
ozdemir,https://ankaraozdemirnakliyat.com/islemler/ankara/pursaklar/yavuz-selim,ankara_district_service,MANUAL_REVIEW,200,true,224,0.0207,0.0829,0.8506,https://ankaraozdemirnakliyat.com/islemler/ankara/pursaklar/fatih,true,false,false,7,53,Ankara Pursaklar Yavuz Selim Evden Eve Nakliyat | Ankara Özdemir Nakliyat,Pursaklar Yavuz Selim . TAŞIMACILIK,https://ankaraozdemirnakliyat.com/islemler/ankara/pursaklar/yavuz-selim,UNKNOWN,UNKNOWN,UNKNOWN,UNKNOWN,UNKNOWN,false
ozdemir,https://ankaraozdemirnakliyat.com/islemler/ankara/pursaklar/merkez,ankara_district_service,MANUAL_REVIEW,200,true,209,0.0248,0.5217,0.9013,https://ankaraozdemirnakliyat.com/islemler/ankara/pursaklar/fatih,true,false,true,7,53,Ankara Pursaklar Merkez Evden Eve Nakliyat | Ankara Özdemir Nakliyat,Pursaklar Merkez . LOJİSTİK,https://ankaraozdemirnakliyat.com/islemler/ankara/pursaklar/merkez,UNKNOWN,UNKNOWN,UNKNOWN,UNKNOWN,UNKNOWN,false
ozdemir,https://ankaraozdemirnakliyat.com/islemler/ankara/pursaklar/fatih,ankara_district_service,MANUAL_REVIEW,200,true,209,0.0248,0.0932,0.9262,https://ankaraozdemirnakliyat.com/islemler/ankara/pursaklar/yunus-emre,true,false,true,7,53,Ankara Pursaklar Fatih Evden Eve Nakliyat | Ankara Özdemir Nakliyat,Pursaklar Fatih . NAKLİYAT,https://ankaraozdemirnakliyat.com/islemler/ankara/pursaklar/fatih,UNKNOWN,UNKNOWN,UNKNOWN,UNKNOWN,UNKNOWN,false
ozdemir,https://ankaraozdemirnakliyat.com/islemler/ankara/pursaklar/yunus-emre,ankara_district_service,IMPROVE,200,true,224,0.0207,0.6010,0.3350,https://ankaraozdemirnakliyat.com/islemler/ankara/sereflikochisar/sanayi,false,false,false,7,53,Ankara Pursaklar Yunus Emre Evden Eve Nakliyat | Ankara Özdemir Nakliyat,Pursaklar Yunus Emre . TAŞIMACILIK,https://ankaraozdemirnakliyat.com/islemler/ankara/pursaklar/yunus-emre,UNKNOWN,UNKNOWN,UNKNOWN,UNKNOWN,UNKNOWN,false
ozdemir,https://ankaraozdemirnakliyat.com/islemler/ankara/sincan,ankara_district,KEEP,200,true,460,0.2573,0.7427,0.4845,https://ankaraozdemirnakliyat.com/islemler/ankara/yenimahalle,false,false,false,965,71,Sincan Evden Eve Nakliyat | Sigortalı Taşıma | Ankara Özdemir Nakliyat,Sincan . NAKLİYAT,https://ankaraozdemirnakliyat.com/islemler/ankara/sincan,UNKNOWN,UNKNOWN,UNKNOWN,UNKNOWN,UNKNOWN,false
ozdemir,https://ankaraozdemirnakliyat.com/islemler/ankara/sincan/evden-eve-nakliyat,ankara_district_service,MERGE,200,true,260,0.0161,0.8153,1.0000,https://ankaraozdemirnakliyat.com/islemler/ankara/yenimahalle/evden-eve-nakliyat,true,true,false,3,61,Sincan Evden Eve Nakliyat | Garantili Hizmet | Ankara Özdemir Nakliyat,Sincan Evden Eve Nakliyat,https://ankaraozdemirnakliyat.com/islemler/ankara/sincan/evden-eve-nakliyat,UNKNOWN,UNKNOWN,UNKNOWN,UNKNOWN,UNKNOWN,false
ozdemir,https://ankaraozdemirnakliyat.com/islemler/ankara/sincan/ofis-tasima,ankara_district_service,MERGE,200,true,240,0.0189,0.7783,1.0000,https://ankaraozdemirnakliyat.com/islemler/ankara/yenimahalle/ofis-tasima,true,true,false,3,61,Sincan Ofis Taşıma | Garantili Hizmet | Ankara Özdemir Nakliyat,Sincan Ofis Taşıma,https://ankaraozdemirnakliyat.com/islemler/ankara/sincan/ofis-tasima,UNKNOWN,UNKNOWN,UNKNOWN,UNKNOWN,UNKNOWN,false
ozdemir,https://ankaraozdemirnakliyat.com/islemler/ankara/sincan/nakliyat-fiyatlari,ankara_district_service,MERGE,200,true,260,0.0172,0.7759,1.0000,https://ankaraozdemirnakliyat.com/islemler/ankara/yenimahalle/nakliyat-fiyatlari,true,true,false,2,61,Sincan Nakliyat Fiyatları | Garantili Hizmet | Ankara Özdemir Nakliyat,Sincan Nakliyat Fiyatları,https://ankaraozdemirnakliyat.com/islemler/ankara/sincan/nakliyat-fiyatlari,UNKNOWN,UNKNOWN,UNKNOWN,UNKNOWN,UNKNOWN,false
ozdemir,https://ankaraozdemirnakliyat.com/islemler/ankara/sincan/fatih,ankara_district_service,MANUAL_REVIEW,200,true,227,0.0217,0.1359,0.8471,https://ankaraozdemirnakliyat.com/islemler/ankara/sincan/yenikent,true,false,false,18,64,Ankara Sincan Fatih Evden Eve Nakliyat | Ankara Özdemir Nakliyat,Sincan Fatih . NAKLİYAT,https://ankaraozdemirnakliyat.com/islemler/ankara/sincan/fatih,UNKNOWN,UNKNOWN,UNKNOWN,UNKNOWN,UNKNOWN,false
ozdemir,https://ankaraozdemirnakliyat.com/islemler/ankara/sincan/yenikent,ankara_district_service,IMPROVE,200,true,228,0.0217,0.5109,0.8430,https://ankaraozdemirnakliyat.com/islemler/ankara/sincan/cumhuriyet,false,false,false,18,64,Ankara Sincan Yenikent Evden Eve Nakliyat | Ankara Özdemir Nakliyat,Sincan Yenikent . EVDEN EVE,https://ankaraozdemirnakliyat.com/islemler/ankara/sincan/yenikent,UNKNOWN,UNKNOWN,UNKNOWN,UNKNOWN,UNKNOWN,false
ozdemir,https://ankaraozdemirnakliyat.com/islemler/ankara/sincan/torekent,ankara_district_service,IMPROVE,200,true,228,0.0217,0.5109,0.4977,https://ankaraozdemirnakliyat.com/islemler/ankara/sincan/mevlana,false,false,false,18,64,Ankara Sincan Törekent Evden Eve Nakliyat | Ankara Özdemir Nakliyat,Sincan Törekent . EVDEN EVE,https://ankaraozdemirnakliyat.com/islemler/ankara/sincan/torekent,UNKNOWN,UNKNOWN,UNKNOWN,UNKNOWN,UNKNOWN,false
ozdemir,https://ankaraozdemirnakliyat.com/islemler/ankara/sincan/plevne,ankara_district_service,IMPROVE,200,true,227,0.0217,0.5109,0.8521,https://ankaraozdemirnakliyat.com/islemler/ankara/sincan/istasyon,false,false,false,18,64,Ankara Sincan Plevne Evden Eve Nakliyat | Ankara Özdemir Nakliyat,Sincan Plevne . LOJİSTİK,https://ankaraozdemirnakliyat.com/islemler/ankara/sincan/plevne,UNKNOWN,UNKNOWN,UNKNOWN,UNKNOWN,UNKNOWN,false
ozdemir,https://ankaraozdemirnakliyat.com/islemler/ankara/sincan/istasyon,ankara_district_service,MANUAL_REVIEW,200,true,227,0.0217,0.1359,0.8855,https://ankaraozdemirnakliyat.com/islemler/ankara/sincan/mevlana,true,false,false,18,64,Ankara Sincan İstasyon Evden Eve Nakliyat | Ankara Özdemir Nakliyat,Sincan İstasyon . TAŞIMACILIK,https://ankaraozdemirnakliyat.com/islemler/ankara/sincan/istasyon,UNKNOWN,UNKNOWN,UNKNOWN,UNKNOWN,UNKNOWN,false
ozdemir,https://ankaraozdemirnakliyat.com/islemler/ankara/sincan/mevlana,ankara_district_service,IMPROVE,200,true,227,0.0217,0.5109,0.8588,https://ankaraozdemirnakliyat.com/islemler/ankara/sincan/cumhuriyet,false,false,false,18,64,Ankara Sincan Mevlana Evden Eve Nakliyat | Ankara Özdemir Nakliyat,Sincan Mevlana . NAKLİYAT,https://ankaraozdemirnakliyat.com/islemler/ankara/sincan/mevlana,UNKNOWN,UNKNOWN,UNKNOWN,UNKNOWN,UNKNOWN,false
ozdemir,https://ankaraozdemirnakliyat.com/islemler/ankara/sincan/ulubatli-hasan,ankara_district_service,IMPROVE,200,true,242,0.0185,0.5833,0.4865,https://ankaraozdemirnakliyat.com/islemler/ankara/sincan/cumhuriyet,false,false,false,18,64,Ankara Sincan Ulubatlı Hasan Evden Eve Nakliyat | Ankara Özdemir Nakliyat,Sincan Ulubatlı Hasan . TAŞIMACILIK,https://ankaraozdemirnakliyat.com/islemler/ankara/sincan/ulubatli-hasan,UNKNOWN,UNKNOWN,UNKNOWN,UNKNOWN,UNKNOWN,false
ozdemir,https://ankaraozdemirnakliyat.com/islemler/ankara/sincan/aksemsettin,ankara_district_service,IMPROVE,200,true,227,0.0217,0.5109,0.4977,https://ankaraozdemirnakliyat.com/islemler/ankara/sincan/cumhuriyet,false,false,false,18,64,Ankara Sincan Akşemsettin Evden Eve Nakliyat | Ankara Özdemir Nakliyat,Sincan Akşemsettin . NAKLİYAT,https://ankaraozdemirnakliyat.com/islemler/ankara/sincan/aksemsettin,UNKNOWN,UNKNOWN,UNKNOWN,UNKNOWN,UNKNOWN,false
ozdemir,https://ankaraozdemirnakliyat.com/islemler/ankara/sincan/andicen,ankara_district_service,IMPROVE,200,true,227,0.0217,0.5109,0.5023,https://ankaraozdemirnakliyat.com/islemler/ankara/sincan/cumhuriyet,false,false,false,18,64,Ankara Sincan Andiçen Evden Eve Nakliyat | Ankara Özdemir Nakliyat,Sincan Andiçen . LOJİSTİK,https://ankaraozdemirnakliyat.com/islemler/ankara/sincan/andicen,UNKNOWN,UNKNOWN,UNKNOWN,UNKNOWN,UNKNOWN,false
ozdemir,https://ankaraozdemirnakliyat.com/islemler/ankara/sincan/ataturk,ankara_district_service,MANUAL_REVIEW,200,true,228,0.0217,0.1359,0.5205,https://ankaraozdemirnakliyat.com/islemler/ankara/sincan/cumhuriyet,true,false,false,18,64,Ankara Sincan Atatürk Evden Eve Nakliyat | Ankara Özdemir Nakliyat,Sincan Atatürk . EVDEN EVE,https://ankaraozdemirnakliyat.com/islemler/ankara/sincan/ataturk,UNKNOWN,UNKNOWN,UNKNOWN,UNKNOWN,UNKNOWN,false
ozdemir,https://ankaraozdemirnakliyat.com/islemler/ankara/sincan/cumhuriyet,ankara_district_service,MANUAL_REVIEW,200,true,228,0.0217,0.1359,0.9273,https://ankaraozdemirnakliyat.com/islemler/ankara/sincan/malazgirt,true,false,false,18,64,Ankara Sincan Cumhuriyet Evden Eve Nakliyat | Ankara Özdemir Nakliyat,Sincan Cumhuriyet . EVDEN EVE,https://ankaraozdemirnakliyat.com/islemler/ankara/sincan/cumhuriyet,UNKNOWN,UNKNOWN,UNKNOWN,UNKNOWN,UNKNOWN,false
ozdemir,https://ankaraozdemirnakliyat.com/islemler/ankara/sincan/gokcek,ankara_district_service,IMPROVE,200,true,228,0.0217,0.5109,0.5205,https://ankaraozdemirnakliyat.com/islemler/ankara/sincan/malazgirt,false,false,false,18,64,Ankara Sincan Gökçek Evden Eve Nakliyat | Ankara Özdemir Nakliyat,Sincan Gökçek . EVDEN EVE,https://ankaraozdemirnakliyat.com/islemler/ankara/sincan/gokcek,UNKNOWN,UNKNOWN,UNKNOWN,UNKNOWN,UNKNOWN,false
ozdemir,https://ankaraozdemirnakliyat.com/islemler/ankara/sincan/malazgirt,ankara_district_service,MANUAL_REVIEW,200,true,228,0.0217,0.1359,0.5068,https://ankaraozdemirnakliyat.com/islemler/ankara/sincan/osmanli,true,false,false,18,64,Ankara Sincan Malazgirt Evden Eve Nakliyat | Ankara Özdemir Nakliyat,Sincan Malazgirt . EVDEN EVE,https://ankaraozdemirnakliyat.com/islemler/ankara/sincan/malazgirt,UNKNOWN,UNKNOWN,UNKNOWN,UNKNOWN,UNKNOWN,false
ozdemir,https://ankaraozdemirnakliyat.com/islemler/ankara/sincan/marasal-cakmak,ankara_district_service,IMPROVE,200,true,242,0.0185,0.5833,0.4458,https://ankaraozdemirnakliyat.com/islemler/ankara/sincan/osmanli,false,false,false,18,64,Ankara Sincan Maraşal Çakmak Evden Eve Nakliyat | Ankara Özdemir Nakliyat,Sincan Maraşal Çakmak . TAŞIMACILIK,https://ankaraozdemirnakliyat.com/islemler/ankara/sincan/marasal-cakmak,UNKNOWN,UNKNOWN,UNKNOWN,UNKNOWN,UNKNOWN,false
ozdemir,https://ankaraozdemirnakliyat.com/islemler/ankara/sincan/osmanli,ankara_district_service,IMPROVE,200,true,228,0.0217,0.5109,0.4786,https://ankaraozdemirnakliyat.com/islemler/ankara/sincan/pinarbasi,false,false,false,18,64,Ankara Sincan Osmanlı Evden Eve Nakliyat | Ankara Özdemir Nakliyat,Sincan Osmanlı . EVDEN EVE,https://ankaraozdemirnakliyat.com/islemler/ankara/sincan/osmanli,UNKNOWN,UNKNOWN,UNKNOWN,UNKNOWN,UNKNOWN,false
ozdemir,https://ankaraozdemirnakliyat.com/islemler/ankara/sincan/pinarbasi,ankara_district_service,MANUAL_REVIEW,200,true,227,0.0217,0.1359,0.4828,https://ankaraozdemirnakliyat.com/islemler/ankara/sincan/selcuklu,true,false,false,18,64,Ankara Sincan Pınarbaşı Evden Eve Nakliyat | Ankara Özdemir Nakliyat,Sincan Pınarbaşı . TAŞIMACILIK,https://ankaraozdemirnakliyat.com/islemler/ankara/sincan/pinarbasi,UNKNOWN,UNKNOWN,UNKNOWN,UNKNOWN,UNKNOWN,false
ozdemir,https://ankaraozdemirnakliyat.com/islemler/ankara/sincan/selcuklu,ankara_district_service,IMPROVE,200,true,227,0.0217,0.5109,0.4828,https://ankaraozdemirnakliyat.com/islemler/ankara/sincan/tandogan,false,false,false,18,64,Ankara Sincan Selçuklu Evden Eve Nakliyat | Ankara Özdemir Nakliyat,Sincan Selçuklu . NAKLİYAT,https://ankaraozdemirnakliyat.com/islemler/ankara/sincan/selcuklu,UNKNOWN,UNKNOWN,UNKNOWN,UNKNOWN,UNKNOWN,false
ozdemir,https://ankaraozdemirnakliyat.com/islemler/ankara/sincan/tandogan,ankara_district_service,IMPROVE,200,true,227,0.0217,0.5109,0.1298,https://ankaraozdemirnakliyat.com/islemler/ankara/sereflikochisar/sanayi,false,false,false,18,64,Ankara Sincan Tandoğan Evden Eve Nakliyat | Ankara Özdemir Nakliyat,Sincan Tandoğan . NAKLİYAT,https://ankaraozdemirnakliyat.com/islemler/ankara/sincan/tandogan,UNKNOWN,UNKNOWN,UNKNOWN,UNKNOWN,UNKNOWN,false
ozdemir,https://ankaraozdemirnakliyat.com/islemler/ankara/sereflikochisar,ankara_district,IMPROVE,200,true,412,0.2948,0.7052,0.3311,https://ankaraozdemirnakliyat.com/islemler/ankara/yenimahalle,false,false,false,965,57,Şereflikoçhisar Evden Eve Nakliyat | Sigortalı Taşıma | Ankara Özdemir Nakliyat,Şereflikoçhisar . NAKLİYAT,https://ankaraozdemirnakliyat.com/islemler/ankara/sereflikochisar,UNKNOWN,UNKNOWN,UNKNOWN,UNKNOWN,UNKNOWN,false
ozdemir,https://ankaraozdemirnakliyat.com/islemler/ankara/sereflikochisar/evden-eve-nakliyat,ankara_district_service,IMPROVE,200,true,260,0.0161,0.8153,0.2840,https://ankaraozdemirnakliyat.com/islemler/ankara/sereflikochisar/ofis-tasima,false,false,false,3,61,Şereflikoçhisar Evden Eve Nakliyat | Garantili Hizmet | Ankara Özdemir Nakliyat,Şereflikoçhisar Evden Eve Nakliyat,https://ankaraozdemirnakliyat.com/islemler/ankara/sereflikochisar/evden-eve-nakliyat,UNKNOWN,UNKNOWN,UNKNOWN,UNKNOWN,UNKNOWN,false
ozdemir,https://ankaraozdemirnakliyat.com/islemler/ankara/sereflikochisar/ofis-tasima,ankara_district_service,IMPROVE,200,true,240,0.0189,0.7783,0.2647,https://ankaraozdemirnakliyat.com/islemler/ankara/yenimahalle/ofis-tasima,false,false,false,3,61,Şereflikoçhisar Ofis Taşıma | Garantili Hizmet | Ankara Özdemir Nakliyat,Şereflikoçhisar Ofis Taşıma,https://ankaraozdemirnakliyat.com/islemler/ankara/sereflikochisar/ofis-tasima,UNKNOWN,UNKNOWN,UNKNOWN,UNKNOWN,UNKNOWN,false
ozdemir,https://ankaraozdemirnakliyat.com/islemler/ankara/sereflikochisar/nakliyat-fiyatlari,ankara_district_service,IMPROVE,200,true,260,0.0172,0.7759,0.3088,https://ankaraozdemirnakliyat.com/islemler/ankara/yenimahalle/nakliyat-fiyatlari,false,false,false,2,61,Şereflikoçhisar Nakliyat Fiyatları | Garantili Hizmet | Ankara Özdemir Nakliyat,Şereflikoçhisar Nakliyat Fiyatları,https://ankaraozdemirnakliyat.com/islemler/ankara/sereflikochisar/nakliyat-fiyatlari,UNKNOWN,UNKNOWN,UNKNOWN,UNKNOWN,UNKNOWN,false
ozdemir,https://ankaraozdemirnakliyat.com/islemler/ankara/sereflikochisar/sanayi,ankara_district_service,IMPROVE,200,true,179,0.0301,0.5639,0.8507,https://ankaraozdemirnakliyat.com/islemler/ankara/sereflikochisar/istiklal,false,false,true,4,50,Ankara Şereflikoçhisar Sanayi Evden Eve Nakliyat | Ankara Özdemir Nakliyat,Şereflikoçhisar Sanayi . TAŞIMACILIK,https://ankaraozdemirnakliyat.com/islemler/ankara/sereflikochisar/sanayi,UNKNOWN,UNKNOWN,UNKNOWN,UNKNOWN,UNKNOWN,false
ozdemir,https://ankaraozdemirnakliyat.com/islemler/ankara/sereflikochisar/istiklal,ankara_district_service,IMPROVE,200,true,179,0.0301,0.5639,0.8582,https://ankaraozdemirnakliyat.com/islemler/ankara/sereflikochisar/ekici,false,false,true,4,50,Ankara Şereflikoçhisar İstiklal Evden Eve Nakliyat | Ankara Özdemir Nakliyat,Şereflikoçhisar İstiklal . NAKLİYAT,https://ankaraozdemirnakliyat.com/islemler/ankara/sereflikochisar/istiklal,UNKNOWN,UNKNOWN,UNKNOWN,UNKNOWN,UNKNOWN,false
ozdemir,https://ankaraozdemirnakliyat.com/islemler/ankara/sereflikochisar/ekici,ankara_district_service,MANUAL_REVIEW,200,true,179,0.0301,0.5639,0.9231,https://ankaraozdemirnakliyat.com/islemler/ankara/sereflikochisar/kale,true,false,true,4,50,Ankara Şereflikoçhisar Ekici Evden Eve Nakliyat | Ankara Özdemir Nakliyat,Şereflikoçhisar Ekici . TAŞIMACILIK,https://ankaraozdemirnakliyat.com/islemler/ankara/sereflikochisar/ekici,UNKNOWN,UNKNOWN,UNKNOWN,UNKNOWN,UNKNOWN,false
ozdemir,https://ankaraozdemirnakliyat.com/islemler/ankara/sereflikochisar/kale,ankara_district_service,IMPROVE,200,true,179,0.0301,0.5639,0.3032,https://ankaraozdemirnakliyat.com/islemler/ankara/yenimahalle/demetevler,false,false,true,4,50,Ankara Şereflikoçhisar Kale Evden Eve Nakliyat | Ankara Özdemir Nakliyat,Şereflikoçhisar Kale . TAŞIMACILIK,https://ankaraozdemirnakliyat.com/islemler/ankara/sereflikochisar/kale,UNKNOWN,UNKNOWN,UNKNOWN,UNKNOWN,UNKNOWN,false
ozdemir,https://ankaraozdemirnakliyat.com/islemler/ankara/yenimahalle,ankara_district,KEEP,200,true,488,0.2395,0.7605,0.0000,,false,false,false,965,88,Yenimahalle Evden Eve Nakliyat | Sigortalı Taşıma | Ankara Özdemir Nakliyat,Yenimahalle . NAKLİYAT,https://ankaraozdemirnakliyat.com/islemler/ankara/yenimahalle,UNKNOWN,UNKNOWN,UNKNOWN,UNKNOWN,UNKNOWN,false
ozdemir,https://ankaraozdemirnakliyat.com/islemler/ankara/yenimahalle/evden-eve-nakliyat,ankara_district_service,IMPROVE,200,true,260,0.0161,0.8153,0.2615,https://ankaraozdemirnakliyat.com/islemler/ankara/yenimahalle/ofis-tasima,false,false,false,3,61,Yenimahalle Evden Eve Nakliyat | Garantili Hizmet | Ankara Özdemir Nakliyat,Yenimahalle Evden Eve Nakliyat,https://ankaraozdemirnakliyat.com/islemler/ankara/yenimahalle/evden-eve-nakliyat,UNKNOWN,UNKNOWN,UNKNOWN,UNKNOWN,UNKNOWN,false
ozdemir,https://ankaraozdemirnakliyat.com/islemler/ankara/yenimahalle/ofis-tasima,ankara_district_service,IMPROVE,200,true,240,0.0189,0.7783,0.1667,https://ankaraozdemirnakliyat.com/islemler/ankara/yenimahalle/nakliyat-fiyatlari,false,false,false,3,61,Yenimahalle Ofis Taşıma | Garantili Hizmet | Ankara Özdemir Nakliyat,Yenimahalle Ofis Taşıma,https://ankaraozdemirnakliyat.com/islemler/ankara/yenimahalle/ofis-tasima,UNKNOWN,UNKNOWN,UNKNOWN,UNKNOWN,UNKNOWN,false
ozdemir,https://ankaraozdemirnakliyat.com/islemler/ankara/yenimahalle/nakliyat-fiyatlari,ankara_district_service,IMPROVE,200,true,260,0.0172,0.7759,0.0000,,false,false,false,2,61,Yenimahalle Nakliyat Fiyatları | Garantili Hizmet | Ankara Özdemir Nakliyat,Yenimahalle Nakliyat Fiyatları,https://ankaraozdemirnakliyat.com/islemler/ankara/yenimahalle/nakliyat-fiyatlari,UNKNOWN,UNKNOWN,UNKNOWN,UNKNOWN,UNKNOWN,false
ozdemir,https://ankaraozdemirnakliyat.com/islemler/ankara/yenimahalle/batikent,ankara_district_service,IMPROVE,200,true,235,0.0208,0.4948,0.5066,https://ankaraozdemirnakliyat.com/islemler/ankara/yenimahalle/kardelen,false,false,false,35,65,Ankara Yenimahalle Batıkent Evden Eve Nakliyat | Ankara Özdemir Nakliyat,Yenimahalle Batıkent . LOJİSTİK,https://ankaraozdemirnakliyat.com/islemler/ankara/yenimahalle/batikent,UNKNOWN,UNKNOWN,UNKNOWN,UNKNOWN,UNKNOWN,false
ozdemir,https://ankaraozdemirnakliyat.com/islemler/ankara/yenimahalle/demetevler,ankara_district_service,IMPROVE,200,true,235,0.0208,0.4948,0.8475,https://ankaraozdemirnakliyat.com/islemler/ankara/yenimahalle/gayret,false,false,false,35,65,Ankara Yenimahalle Demetevler Evden Eve Nakliyat | Ankara Özdemir Nakliyat,Yenimahalle Demetevler . TAŞIMACILIK,https://ankaraozdemirnakliyat.com/islemler/ankara/yenimahalle/demetevler,UNKNOWN,UNKNOWN,UNKNOWN,UNKNOWN,UNKNOWN,false
ozdemir,https://ankaraozdemirnakliyat.com/islemler/ankara/yenimahalle/ivedik,ankara_district_service,IMPROVE,200,true,236,0.0208,0.4948,0.8492,https://ankaraozdemirnakliyat.com/islemler/ankara/yenimahalle/ivedikosb,false,false,false,35,65,Ankara Yenimahalle İvedik Evden Eve Nakliyat | Ankara Özdemir Nakliyat,Yenimahalle İvedik . EVDEN EVE,https://ankaraozdemirnakliyat.com/islemler/ankara/yenimahalle/ivedik,UNKNOWN,UNKNOWN,UNKNOWN,UNKNOWN,UNKNOWN,false
ozdemir,https://ankaraozdemirnakliyat.com/islemler/ankara/yenimahalle/ostim,ankara_district_service,IMPROVE,200,true,235,0.0208,0.4948,0.8475,https://ankaraozdemirnakliyat.com/islemler/ankara/yenimahalle/gayret,false,false,false,35,65,Ankara Yenimahalle Ostim Evden Eve Nakliyat | Ankara Özdemir Nakliyat,Yenimahalle Ostim . NAKLİYAT,https://ankaraozdemirnakliyat.com/islemler/ankara/yenimahalle/ostim,UNKNOWN,UNKNOWN,UNKNOWN,UNKNOWN,UNKNOWN,false
ozdemir,https://ankaraozdemirnakliyat.com/islemler/ankara/yenimahalle/sentepe,ankara_district_service,MANUAL_REVIEW,200,true,236,0.0208,0.1354,0.5087,https://ankaraozdemirnakliyat.com/islemler/ankara/yenimahalle/ivedikosb,true,false,false,35,65,Ankara Yenimahalle Şentepe Evden Eve Nakliyat | Ankara Özdemir Nakliyat,Yenimahalle Şentepe . EVDEN EVE,https://ankaraozdemirnakliyat.com/islemler/ankara/yenimahalle/sentepe,UNKNOWN,UNKNOWN,UNKNOWN,UNKNOWN,UNKNOWN,false
ozdemir,https://ankaraozdemirnakliyat.com/islemler/ankara/yenimahalle/cayyolu-2,ankara_district_service,IMPROVE,200,true,250,0.0179,0.5670,0.5200,https://ankaraozdemirnakliyat.com/islemler/ankara/yenimahalle/gayret,false,false,false,35,65,Ankara Yenimahalle Çayyolu 2 Evden Eve Nakliyat | Ankara Özdemir Nakliyat,Yenimahalle Çayyolu 2 . NAKLİYAT,https://ankaraozdemirnakliyat.com/islemler/ankara/yenimahalle/cayyolu-2,UNKNOWN,UNKNOWN,UNKNOWN,UNKNOWN,UNKNOWN,false
ozdemir,https://ankaraozdemirnakliyat.com/islemler/ankara/yenimahalle/bestepe,ankara_district_service,IMPROVE,200,true,235,0.0208,0.4948,0.5313,https://ankaraozdemirnakliyat.com/islemler/ankara/yenimahalle/gayret,false,false,false,35,65,Ankara Yenimahalle Beştepe Evden Eve Nakliyat | Ankara Özdemir Nakliyat,Yenimahalle Beştepe . NAKLİYAT,https://ankaraozdemirnakliyat.com/islemler/ankara/yenimahalle/bestepe,UNKNOWN,UNKNOWN,UNKNOWN,UNKNOWN,UNKNOWN,false
ozdemir,https://ankaraozdemirnakliyat.com/islemler/ankara/yenimahalle/gayret,ankara_district_service,MANUAL_REVIEW,200,true,235,0.0208,0.4948,0.8960,https://ankaraozdemirnakliyat.com/islemler/ankara/yenimahalle/anadolu,true,false,false,35,65,Ankara Yenimahalle Gayret Evden Eve Nakliyat | Ankara Özdemir Nakliyat,Yenimahalle Gayret . NAKLİYAT,https://ankaraozdemirnakliyat.com/islemler/ankara/yenimahalle/gayret,UNKNOWN,UNKNOWN,UNKNOWN,UNKNOWN,UNKNOWN,false
ozdemir,https://ankaraozdemirnakliyat.com/islemler/ankara/yenimahalle/macunkoy,ankara_district_service,IMPROVE,200,true,235,0.0208,0.4948,0.5265,https://ankaraozdemirnakliyat.com/islemler/ankara/yenimahalle/kardelen,false,false,false,35,65,Ankara Yenimahalle Macunköy Evden Eve Nakliyat | Ankara Özdemir Nakliyat,Yenimahalle Macunköy . LOJİSTİK,https://ankaraozdemirnakliyat.com/islemler/ankara/yenimahalle/macunkoy,UNKNOWN,UNKNOWN,UNKNOWN,UNKNOWN,UNKNOWN,false
ozdemir,https://ankaraozdemirnakliyat.com/islemler/ankara/yenimahalle/varlik,ankara_district_service,IMPROVE,200,true,235,0.0208,0.4948,0.5289,https://ankaraozdemirnakliyat.com/islemler/ankara/yenimahalle/kardelen,false,false,false,35,65,Ankara Yenimahalle Varlık Evden Eve Nakliyat | Ankara Özdemir Nakliyat,Yenimahalle Varlık . TAŞIMACILIK,https://ankaraozdemirnakliyat.com/islemler/ankara/yenimahalle/varlik,UNKNOWN,UNKNOWN,UNKNOWN,UNKNOWN,UNKNOWN,false
ozdemir,https://ankaraozdemirnakliyat.com/islemler/ankara/yenimahalle/kardelen,ankara_district_service,MANUAL_REVIEW,200,true,235,0.0208,0.4948,0.8966,https://ankaraozdemirnakliyat.com/islemler/ankara/yenimahalle/ergazi,true,false,false,35,65,Ankara Yenimahalle Kardelen Evden Eve Nakliyat | Ankara Özdemir Nakliyat,Yenimahalle Kardelen . LOJİSTİK,https://ankaraozdemirnakliyat.com/islemler/ankara/yenimahalle/kardelen,UNKNOWN,UNKNOWN,UNKNOWN,UNKNOWN,UNKNOWN,false
ozdemir,https://ankaraozdemirnakliyat.com/islemler/ankara/yenimahalle/ugur-mumcu,ankara_district_service,IMPROVE,200,true,250,0.0179,0.5670,0.5244,https://ankaraozdemirnakliyat.com/islemler/ankara/yenimahalle/anadolu,false,false,false,35,65,Ankara Yenimahalle Uğur Mumcu Evden Eve Nakliyat | Ankara Özdemir Nakliyat,Yenimahalle Uğur Mumcu . LOJİSTİK,https://ankaraozdemirnakliyat.com/islemler/ankara/yenimahalle/ugur-mumcu,UNKNOWN,UNKNOWN,UNKNOWN,UNKNOWN,UNKNOWN,false
ozdemir,https://ankaraozdemirnakliyat.com/islemler/ankara/yenimahalle/anadolu,ankara_district_service,MANUAL_REVIEW,200,true,235,0.0208,0.4948,0.8960,https://ankaraozdemirnakliyat.com/islemler/ankara/yenimahalle/kayalar,true,false,false,35,65,Ankara Yenimahalle Anadolu Evden Eve Nakliyat | Ankara Özdemir Nakliyat,Yenimahalle Anadolu . NAKLİYAT,https://ankaraozdemirnakliyat.com/islemler/ankara/yenimahalle/anadolu,UNKNOWN,UNKNOWN,UNKNOWN,UNKNOWN,UNKNOWN,false
ozdemir,https://ankaraozdemirnakliyat.com/islemler/ankara/yenimahalle/avcilar,ankara_district_service,IMPROVE,200,true,235,0.0208,0.4948,0.5198,https://ankaraozdemirnakliyat.com/islemler/ankara/yenimahalle/ergazi,false,false,false,35,65,Ankara Yenimahalle Avcılar Evden Eve Nakliyat | Ankara Özdemir Nakliyat,Yenimahalle Avcılar . LOJİSTİK,https://ankaraozdemirnakliyat.com/islemler/ankara/yenimahalle/avcilar,UNKNOWN,UNKNOWN,UNKNOWN,UNKNOWN,UNKNOWN,false
ozdemir,https://ankaraozdemirnakliyat.com/islemler/ankara/yenimahalle/burc,ankara_district_service,IMPROVE,200,true,235,0.0208,0.4948,0.5221,https://ankaraozdemirnakliyat.com/islemler/ankara/yenimahalle/ergazi,false,false,false,35,65,Ankara Yenimahalle Burç Evden Eve Nakliyat | Ankara Özdemir Nakliyat,Yenimahalle Burç . NAKLİYAT,https://ankaraozdemirnakliyat.com/islemler/ankara/yenimahalle/burc,UNKNOWN,UNKNOWN,UNKNOWN,UNKNOWN,UNKNOWN,false
ozdemir,https://ankaraozdemirnakliyat.com/islemler/ankara/yenimahalle/cigdemtepe,ankara_district_service,IMPROVE,200,true,236,0.0208,0.4948,0.5242,https://ankaraozdemirnakliyat.com/islemler/ankara/yenimahalle/ergazi,false,false,false,35,65,Ankara Yenimahalle Çiğdemtepe Evden Eve Nakliyat | Ankara Özdemir Nakliyat,Yenimahalle Çiğdemtepe . EVDEN EVE,https://ankaraozdemirnakliyat.com/islemler/ankara/yenimahalle/cigdemtepe,UNKNOWN,UNKNOWN,UNKNOWN,UNKNOWN,UNKNOWN,false
ozdemir,https://ankaraozdemirnakliyat.com/islemler/ankara/yenimahalle/ergazi,ankara_district_service,MERGE,200,true,235,0.0208,0.4948,0.9412,https://ankaraozdemirnakliyat.com/islemler/ankara/yenimahalle/ergenekon,true,true,false,35,65,Ankara Yenimahalle Ergazi Evden Eve Nakliyat | Ankara Özdemir Nakliyat,Yenimahalle Ergazi . LOJİSTİK,https://ankaraozdemirnakliyat.com/islemler/ankara/yenimahalle/ergazi,UNKNOWN,UNKNOWN,UNKNOWN,UNKNOWN,UNKNOWN,false
ozdemir,https://ankaraozdemirnakliyat.com/islemler/ankara/yenimahalle/ergenekon,ankara_district_service,MERGE,200,true,235,0.0208,0.4948,0.9412,https://ankaraozdemirnakliyat.com/islemler/ankara/yenimahalle/susuz,true,true,false,35,65,Ankara Yenimahalle Ergenekon Evden Eve Nakliyat | Ankara Özdemir Nakliyat,Yenimahalle Ergenekon . LOJİSTİK,https://ankaraozdemirnakliyat.com/islemler/ankara/yenimahalle/ergenekon,UNKNOWN,UNKNOWN,UNKNOWN,UNKNOWN,UNKNOWN,false
ozdemir,https://ankaraozdemirnakliyat.com/islemler/ankara/yenimahalle/ilkyerlesim,ankara_district_service,IMPROVE,200,true,235,0.0208,0.3906,0.5662,https://ankaraozdemirnakliyat.com/islemler/ankara/yenimahalle/kayalar,false,false,false,19,65,Ankara Yenimahalle İlkyerleşim Evden Eve Nakliyat | Ankara Özdemir Nakliyat,Yenimahalle İlkyerleşim . TAŞIMACILIK,https://ankaraozdemirnakliyat.com/islemler/ankara/yenimahalle/ilkyerlesim,UNKNOWN,UNKNOWN,UNKNOWN,UNKNOWN,UNKNOWN,false
ozdemir,https://ankaraozdemirnakliyat.com/islemler/ankara/yenimahalle/inonu,ankara_district_service,IMPROVE,200,true,235,0.0208,0.3906,0.5682,https://ankaraozdemirnakliyat.com/islemler/ankara/yenimahalle/susuz,false,false,false,1,65,Ankara Yenimahalle İnönü Evden Eve Nakliyat | Ankara Özdemir Nakliyat,Yenimahalle İnönü . LOJİSTİK,https://ankaraozdemirnakliyat.com/islemler/ankara/yenimahalle/inonu,UNKNOWN,UNKNOWN,UNKNOWN,UNKNOWN,UNKNOWN,false
ozdemir,https://ankaraozdemirnakliyat.com/islemler/ankara/yenimahalle/isinlar,ankara_district_service,IMPROVE,200,true,235,0.0208,0.3906,0.5682,https://ankaraozdemirnakliyat.com/islemler/ankara/yenimahalle/susuz,false,false,false,1,65,Ankara Yenimahalle Işınlar Evden Eve Nakliyat | Ankara Özdemir Nakliyat,Yenimahalle Işınlar . LOJİSTİK,https://ankaraozdemirnakliyat.com/islemler/ankara/yenimahalle/isinlar,UNKNOWN,UNKNOWN,UNKNOWN,UNKNOWN,UNKNOWN,false
ozdemir,https://ankaraozdemirnakliyat.com/islemler/ankara/yenimahalle/ivedikosb,ankara_district_service,MERGE,200,true,236,0.0208,0.3906,1.0000,https://ankaraozdemirnakliyat.com/islemler/ankara/yenimahalle/kaletepe,true,true,false,1,65,Ankara Yenimahalle İvedikosb Evden Eve Nakliyat | Ankara Özdemir Nakliyat,Yenimahalle İvedikosb . EVDEN EVE,https://ankaraozdemirnakliyat.com/islemler/ankara/yenimahalle/ivedikosb,UNKNOWN,UNKNOWN,UNKNOWN,UNKNOWN,UNKNOWN,false
ozdemir,https://ankaraozdemirnakliyat.com/islemler/ankara/yenimahalle/kaletepe,ankara_district_service,MERGE,200,true,236,0.0208,0.3906,1.0000,https://ankaraozdemirnakliyat.com/islemler/ankara/yenimahalle/kentkoop,true,true,false,1,65,Ankara Yenimahalle Kaletepe Evden Eve Nakliyat | Ankara Özdemir Nakliyat,Yenimahalle Kaletepe . EVDEN EVE,https://ankaraozdemirnakliyat.com/islemler/ankara/yenimahalle/kaletepe,UNKNOWN,UNKNOWN,UNKNOWN,UNKNOWN,UNKNOWN,false
ozdemir,https://ankaraozdemirnakliyat.com/islemler/ankara/yenimahalle/karsiyaka,ankara_district_service,MANUAL_REVIEW,200,true,235,0.0208,0.0313,0.5662,https://ankaraozdemirnakliyat.com/islemler/ankara/yenimahalle/kayalar,true,false,false,1,65,Ankara Yenimahalle Karşıyaka Evden Eve Nakliyat | Ankara Özdemir Nakliyat,Yenimahalle Karşıyaka . NAKLİYAT,https://ankaraozdemirnakliyat.com/islemler/ankara/yenimahalle/karsiyaka,UNKNOWN,UNKNOWN,UNKNOWN,UNKNOWN,UNKNOWN,false
ozdemir,https://ankaraozdemirnakliyat.com/islemler/ankara/yenimahalle/kayalar,ankara_district_service,MERGE,200,true,235,0.0208,0.3906,1.0000,https://ankaraozdemirnakliyat.com/islemler/ankara/yenimahalle/mehmet-akif-ersoy,true,true,false,1,65,Ankara Yenimahalle Kayalar Evden Eve Nakliyat | Ankara Özdemir Nakliyat,Yenimahalle Kayalar . TAŞIMACILIK,https://ankaraozdemirnakliyat.com/islemler/ankara/yenimahalle/kayalar,UNKNOWN,UNKNOWN,UNKNOWN,UNKNOWN,UNKNOWN,false
ozdemir,https://ankaraozdemirnakliyat.com/islemler/ankara/yenimahalle/kentkoop,ankara_district_service,MERGE,200,true,236,0.0208,0.3906,1.0000,https://ankaraozdemirnakliyat.com/islemler/ankara/yenimahalle/memlik,true,true,false,1,65,Ankara Yenimahalle Kentkoop Evden Eve Nakliyat | Ankara Özdemir Nakliyat,Yenimahalle Kentkoop . EVDEN EVE,https://ankaraozdemirnakliyat.com/islemler/ankara/yenimahalle/kentkoop,UNKNOWN,UNKNOWN,UNKNOWN,UNKNOWN,UNKNOWN,false
ozdemir,https://ankaraozdemirnakliyat.com/islemler/ankara/yenimahalle/kuzey-yildizi,ankara_district_service,IMPROVE,200,true,251,0.0178,0.4800,0.5682,https://ankaraozdemirnakliyat.com/islemler/ankara/yenimahalle/susuz,false,false,false,1,65,Ankara Yenimahalle Kuzey Yıldızı Evden Eve Nakliyat | Ankara Özdemir Nakliyat,Yenimahalle Kuzey Yıldızı . LOJİSTİK,https://ankaraozdemirnakliyat.com/islemler/ankara/yenimahalle/kuzey-yildizi,UNKNOWN,UNKNOWN,UNKNOWN,UNKNOWN,UNKNOWN,false
ozdemir,https://ankaraozdemirnakliyat.com/islemler/ankara/yenimahalle/mehmet-akif-ersoy,ankara_district_service,MERGE,200,true,267,0.0167,0.5125,1.0000,https://ankaraozdemirnakliyat.com/islemler/ankara/yenimahalle/pamuklar,true,true,false,1,65,Ankara Yenimahalle Mehmet Akif Ersoy Evden Eve Nakliyat | Ankara Özdemir Nakliyat,Yenimahalle Mehmet Akif Ersoy . TAŞIMACILIK,https://ankaraozdemirnakliyat.com/islemler/ankara/yenimahalle/mehmet-akif-ersoy,UNKNOWN,UNKNOWN,UNKNOWN,UNKNOWN,UNKNOWN,false
ozdemir,https://ankaraozdemirnakliyat.com/islemler/ankara/yenimahalle/memlik,ankara_district_service,MERGE,200,true,236,0.0208,0.3906,0.9643,https://ankaraozdemirnakliyat.com/islemler/ankara/yenimahalle/pamuklar,true,true,false,1,65,Ankara Yenimahalle Memlik Evden Eve Nakliyat | Ankara Özdemir Nakliyat,Yenimahalle Memlik . EVDEN EVE,https://ankaraozdemirnakliyat.com/islemler/ankara/yenimahalle/memlik,UNKNOWN,UNKNOWN,UNKNOWN,UNKNOWN,UNKNOWN,false
ozdemir,https://ankaraozdemirnakliyat.com/islemler/ankara/yenimahalle/pamuklar,ankara_district_service,MERGE,200,true,235,0.0208,0.3906,1.0000,https://ankaraozdemirnakliyat.com/islemler/ankara/yenimahalle/yuva,true,true,false,1,65,Ankara Yenimahalle Pamuklar Evden Eve Nakliyat | Ankara Özdemir Nakliyat,Yenimahalle Pamuklar . TAŞIMACILIK,https://ankaraozdemirnakliyat.com/islemler/ankara/yenimahalle/pamuklar,UNKNOWN,UNKNOWN,UNKNOWN,UNKNOWN,UNKNOWN,false
ozdemir,https://ankaraozdemirnakliyat.com/islemler/ankara/yenimahalle/susuz,ankara_district_service,MERGE,200,true,235,0.0208,0.3906,0.9701,https://ankaraozdemirnakliyat.com/islemler/ankara/yenimahalle/yuva,true,true,false,1,65,Ankara Yenimahalle Susuz Evden Eve Nakliyat | Ankara Özdemir Nakliyat,Yenimahalle Susuz . LOJİSTİK,https://ankaraozdemirnakliyat.com/islemler/ankara/yenimahalle/susuz,UNKNOWN,UNKNOWN,UNKNOWN,UNKNOWN,UNKNOWN,false
ozdemir,https://ankaraozdemirnakliyat.com/islemler/ankara/yenimahalle/tepealti,ankara_district_service,IMPROVE,200,true,235,0.0208,0.3906,0.5662,https://ankaraozdemirnakliyat.com/islemler/ankara/yenimahalle/yuva,false,false,false,1,65,Ankara Yenimahalle Tepealtı Evden Eve Nakliyat | Ankara Özdemir Nakliyat,Yenimahalle Tepealtı . NAKLİYAT,https://ankaraozdemirnakliyat.com/islemler/ankara/yenimahalle/tepealti,UNKNOWN,UNKNOWN,UNKNOWN,UNKNOWN,UNKNOWN,false
ozdemir,https://ankaraozdemirnakliyat.com/islemler/ankara/yenimahalle/turgut-ozal,ankara_district_service,IMPROVE,200,true,251,0.0178,0.4800,0.5662,https://ankaraozdemirnakliyat.com/islemler/ankara/yenimahalle/yuva,false,false,false,1,65,Ankara Yenimahalle Turgut Özal Evden Eve Nakliyat | Ankara Özdemir Nakliyat,Yenimahalle Turgut Özal . NAKLİYAT,https://ankaraozdemirnakliyat.com/islemler/ankara/yenimahalle/turgut-ozal,UNKNOWN,UNKNOWN,UNKNOWN,UNKNOWN,UNKNOWN,false
ozdemir,https://ankaraozdemirnakliyat.com/islemler/ankara/yenimahalle/yakacik,ankara_district_service,IMPROVE,200,true,235,0.0208,0.3906,0.5662,https://ankaraozdemirnakliyat.com/islemler/ankara/yenimahalle/yuva,false,false,false,1,65,Ankara Yenimahalle Yakacık Evden Eve Nakliyat | Ankara Özdemir Nakliyat,Yenimahalle Yakacık . TAŞIMACILIK,https://ankaraozdemirnakliyat.com/islemler/ankara/yenimahalle/yakacik,UNKNOWN,UNKNOWN,UNKNOWN,UNKNOWN,UNKNOWN,false
ozdemir,https://ankaraozdemirnakliyat.com/islemler/ankara/yenimahalle/yuva,ankara_district_service,IMPROVE,200,true,235,0.0208,0.3906,0.0000,,false,false,false,1,65,Ankara Yenimahalle Yuva Evden Eve Nakliyat | Ankara Özdemir Nakliyat,Yenimahalle Yuva . TAŞIMACILIK,https://ankaraozdemirnakliyat.com/islemler/ankara/yenimahalle/yuva,UNKNOWN,UNKNOWN,UNKNOWN,UNKNOWN,UNKNOWN,false
ozdemir,https://ankaraozdemirnakliyat.com/blog/yenimahalle-nakliyat-sigortasi-sirasinda-esyalarinizi-nasil-korursunuz,blog_post,IMPROVE,200,true,322,0.0997,0.0963,0.6326,https://ankaraozdemirnakliyat.com/blog/yenimahalle-uzmanindan-asansorlu-tasimacilik-sirlari,false,false,false,28,50,Yenimahalle Nakliyat Sigortası Sırasında Eşyalarınızı Nasıl Korursunuz? | Ankara Özdemir Nakliyat,Yenimahalle Nakliyat Sigortası Sırasında Eşyalarınızı Nasıl Korursunuz?,https://ankaraozdemirnakliyat.com/blog/yenimahalle-nakliyat-sigortasi-sirasinda-esyalarinizi-nasil-korursunuz,UNKNOWN,UNKNOWN,UNKNOWN,UNKNOWN,UNKNOWN,false
ozdemir,https://ankaraozdemirnakliyat.com/blog/tasinma-rehberi-yenimahalle-ve-sehirler-arasi-nakliyat,blog_post,IMPROVE,200,true,329,0.0974,0.0974,0.6231,https://ankaraozdemirnakliyat.com/blog/yenimahalle-uzmanindan-asansorlu-tasimacilik-sirlari,false,false,false,34,50,Taşınma Rehberi: Yenimahalle ve Şehirler Arası Nakliyat | Ankara Özdemir Nakliyat,Taşınma Rehberi: Yenimahalle ve Şehirler Arası Nakliyat,https://ankaraozdemirnakliyat.com/blog/tasinma-rehberi-yenimahalle-ve-sehirler-arasi-nakliyat,UNKNOWN,UNKNOWN,UNKNOWN,UNKNOWN,UNKNOWN,false
ozdemir,https://ankaraozdemirnakliyat.com/blog/yenimahalle-bolgesinde-sehirler-arasi-nakliyat-icin-5-altin-tavsiye,blog_post,IMPROVE,200,true,339,0.0949,0.1139,0.6145,https://ankaraozdemirnakliyat.com/blog/etimesgut-sokaklarinda-sehirler-arasi-nakliyat-zorluklari-ve-cozumleri,false,false,false,34,50,Yenimahalle Bölgesinde Şehirler Arası Nakliyat İçin 5 Altın Tavsiye | Ankara Özdemir Nakliyat,Yenimahalle Bölgesinde Şehirler Arası Nakliyat İçin 5 Altın Tavsiye,https://ankaraozdemirnakliyat.com/blog/yenimahalle-bolgesinde-sehirler-arasi-nakliyat-icin-5-altin-tavsiye,UNKNOWN,UNKNOWN,UNKNOWN,UNKNOWN,UNKNOWN,false
ozdemir,https://ankaraozdemirnakliyat.com/blog/yenimahalle-ev-ve-is-yeri-sahipleri-icin-asansorlu-tasimacilik-ipuclari,blog_post,IMPROVE,200,true,335,0.0962,0.1218,0.6031,https://ankaraozdemirnakliyat.com/blog/mamak-icin-asansorlu-tasimacilik-surecinde-dikkat-edilmesi-gerekenler,false,false,false,24,50,Yenimahalle Ev ve İş Yeri Sahipleri İçin Asansörlü Taşımacılık İpuçları | Ankara Özdemir Nakliyat,Yenimahalle Ev ve İş Yeri Sahipleri İçin Asansörlü Taşımacılık İpuçları,https://ankaraozdemirnakliyat.com/blog/yenimahalle-ev-ve-is-yeri-sahipleri-icin-asansorlu-tasimacilik-ipuclari,UNKNOWN,UNKNOWN,UNKNOWN,UNKNOWN,UNKNOWN,false
ozdemir,https://ankaraozdemirnakliyat.com/blog/yenimahalle-uzmanindan-asansorlu-tasimacilik-sirlari,blog_post,IMPROVE,200,true,316,0.1017,0.0780,0.6231,https://ankaraozdemirnakliyat.com/blog/tasinma-rehberi-yenimahalle-ve-parca-esya-tasima,false,false,false,24,50,Yenimahalle Uzmanından Asansörlü Taşımacılık Sırları | Ankara Özdemir Nakliyat,Yenimahalle Uzmanından Asansörlü Taşımacılık Sırları,https://ankaraozdemirnakliyat.com/blog/yenimahalle-uzmanindan-asansorlu-tasimacilik-sirlari,UNKNOWN,UNKNOWN,UNKNOWN,UNKNOWN,UNKNOWN,false
ozdemir,https://ankaraozdemirnakliyat.com/blog/pursaklar-icin-paketleme-hizmetleri-surecinde-dikkat-edilmesi-gerekenler,blog_post,IMPROVE,200,true,322,0.0997,0.1063,0.7748,https://ankaraozdemirnakliyat.com/blog/stresten-uzak-bir-evden-eve-nakliyat-pursaklar-deneyimi,false,false,false,28,50,Pursaklar İçin Paketleme Hizmetleri Sürecinde Dikkat Edilmesi Gerekenler | Ankara Özdemir Nakliyat,Pursaklar İçin Paketleme Hizmetleri Sürecinde Dikkat Edilmesi Gerekenler,https://ankaraozdemirnakliyat.com/blog/pursaklar-icin-paketleme-hizmetleri-surecinde-dikkat-edilmesi-gerekenler,UNKNOWN,UNKNOWN,UNKNOWN,UNKNOWN,UNKNOWN,false
ozdemir,https://ankaraozdemirnakliyat.com/blog/yenimahalle-ev-ve-is-yeri-sahipleri-icin-sehirler-arasi-nakliyat-ipuclari,blog_post,IMPROVE,200,true,337,0.0962,0.1346,0.7371,https://ankaraozdemirnakliyat.com/blog/yenimahalle-sokaklarinda-sehirler-arasi-nakliyat-zorluklari-ve-cozumleri,false,false,false,34,50,Yenimahalle Ev ve İş Yeri Sahipleri İçin Şehirler Arası Nakliyat İpuçları | Ankara Özdemir Nakliyat,Yenimahalle Ev ve İş Yeri Sahipleri İçin Şehirler Arası Nakliyat İpuçları,https://ankaraozdemirnakliyat.com/blog/yenimahalle-ev-ve-is-yeri-sahipleri-icin-sehirler-arasi-nakliyat-ipuclari,UNKNOWN,UNKNOWN,UNKNOWN,UNKNOWN,UNKNOWN,false
ozdemir,https://ankaraozdemirnakliyat.com/blog/yenimahalle-sokaklarinda-sehirler-arasi-nakliyat-zorluklari-ve-cozumleri,blog_post,IMPROVE,200,true,328,0.0990,0.1089,0.6834,https://ankaraozdemirnakliyat.com/blog/sincan-sehirler-arasi-nakliyat-maliyetleri-nasil-dusurulur,false,false,false,4,50,Yenimahalle Sokaklarında Şehirler Arası Nakliyat Zorlukları ve Çözümleri | Ankara Özdemir Nakliyat,Yenimahalle Sokaklarında Şehirler Arası Nakliyat Zorlukları ve Çözümleri,https://ankaraozdemirnakliyat.com/blog/yenimahalle-sokaklarinda-sehirler-arasi-nakliyat-zorluklari-ve-cozumleri,UNKNOWN,UNKNOWN,UNKNOWN,UNKNOWN,UNKNOWN,false
ozdemir,https://ankaraozdemirnakliyat.com/blog/yenimahalle-ev-ve-is-yeri-sahipleri-icin-nakliyat-sigortasi-ipuclari,blog_post,IMPROVE,200,true,332,0.0965,0.1222,0.7692,https://ankaraozdemirnakliyat.com/blog/tasinma-rehberi-yenimahalle-ve-nakliyat-sigortasi,false,false,false,28,50,Yenimahalle Ev ve İş Yeri Sahipleri İçin Nakliyat Sigortası İpuçları | Ankara Özdemir Nakliyat,Yenimahalle Ev ve İş Yeri Sahipleri İçin Nakliyat Sigortası İpuçları,https://ankaraozdemirnakliyat.com/blog/yenimahalle-ev-ve-is-yeri-sahipleri-icin-nakliyat-sigortasi-ipuclari,UNKNOWN,UNKNOWN,UNKNOWN,UNKNOWN,UNKNOWN,false
ozdemir,https://ankaraozdemirnakliyat.com/blog/yenimahalle-uzmanindan-sehirler-arasi-nakliyat-sirlari,blog_post,IMPROVE,200,true,318,0.1017,0.0915,0.6679,https://ankaraozdemirnakliyat.com/blog/mamak-tasinma-kontrol-listesi-sehirler-arasi-nakliyat,false,false,false,1,50,Yenimahalle Uzmanından Şehirler Arası Nakliyat Sırları | Ankara Özdemir Nakliyat,Yenimahalle Uzmanından Şehirler Arası Nakliyat Sırları,https://ankaraozdemirnakliyat.com/blog/yenimahalle-uzmanindan-sehirler-arasi-nakliyat-sirlari,UNKNOWN,UNKNOWN,UNKNOWN,UNKNOWN,UNKNOWN,false
ozdemir,https://ankaraozdemirnakliyat.com/blog/mamak-ev-ve-is-yeri-sahipleri-icin-asansorlu-tasimacilik-ipuclari,blog_post,IMPROVE,200,true,331,0.0968,0.1226,0.6275,https://ankaraozdemirnakliyat.com/blog/mamak-bolgesinde-evden-eve-nakliyat-icin-5-altin-tavsiye,false,false,false,24,50,Mamak Ev ve İş Yeri Sahipleri İçin Asansörlü Taşımacılık İpuçları | Ankara Özdemir Nakliyat,Mamak Ev ve İş Yeri Sahipleri İçin Asansörlü Taşımacılık İpuçları,https://ankaraozdemirnakliyat.com/blog/mamak-ev-ve-is-yeri-sahipleri-icin-asansorlu-tasimacilik-ipuclari,UNKNOWN,UNKNOWN,UNKNOWN,UNKNOWN,UNKNOWN,false
ozdemir,https://ankaraozdemirnakliyat.com/blog/polatli-ev-ve-is-yeri-sahipleri-icin-sehirler-arasi-nakliyat-ipuclari,blog_post,IMPROVE,200,true,337,0.0955,0.5255,0.6609,https://ankaraozdemirnakliyat.com/blog/polatli-ev-ve-is-yeri-sahipleri-icin-asansorlu-tasimacilik-ipuclari,false,false,false,1,50,Polatlı Ev ve İş Yeri Sahipleri İçin Şehirler Arası Nakliyat İpuçları | Ankara Özdemir Nakliyat,Polatlı Ev ve İş Yeri Sahipleri İçin Şehirler Arası Nakliyat İpuçları,https://ankaraozdemirnakliyat.com/blog/polatli-ev-ve-is-yeri-sahipleri-icin-sehirler-arasi-nakliyat-ipuclari,UNKNOWN,UNKNOWN,UNKNOWN,UNKNOWN,UNKNOWN,false
ozdemir,https://ankaraozdemirnakliyat.com/blog/pursaklar-sokaklarinda-sehirler-arasi-nakliyat-zorluklari-ve-cozumleri,blog_post,IMPROVE,200,true,322,0.1003,0.1104,0.6679,https://ankaraozdemirnakliyat.com/blog/mamak-tasinma-kontrol-listesi-sehirler-arasi-nakliyat,false,false,false,1,50,Pursaklar Sokaklarında Şehirler Arası Nakliyat Zorlukları ve Çözümleri | Ankara Özdemir Nakliyat,Pursaklar Sokaklarında Şehirler Arası Nakliyat Zorlukları ve Çözümleri,https://ankaraozdemirnakliyat.com/blog/pursaklar-sokaklarinda-sehirler-arasi-nakliyat-zorluklari-ve-cozumleri,UNKNOWN,UNKNOWN,UNKNOWN,UNKNOWN,UNKNOWN,false
ozdemir,https://ankaraozdemirnakliyat.com/blog/yenimahalle-sokaklarinda-sehir-ici-nakliyat-zorluklari-ve-cozumleri,blog_post,IMPROVE,200,true,326,0.0990,0.1089,0.7823,https://ankaraozdemirnakliyat.com/blog/yenimahalle-tasinma-kontrol-listesi-sehir-ici-nakliyat,false,false,false,28,50,Yenimahalle Sokaklarında Şehir İçi Nakliyat Zorlukları ve Çözümleri | Ankara Özdemir Nakliyat,Yenimahalle Sokaklarında Şehir İçi Nakliyat Zorlukları ve Çözümleri,https://ankaraozdemirnakliyat.com/blog/yenimahalle-sokaklarinda-sehir-ici-nakliyat-zorluklari-ve-cozumleri,UNKNOWN,UNKNOWN,UNKNOWN,UNKNOWN,UNKNOWN,false
ozdemir,https://ankaraozdemirnakliyat.com/blog/yenimahalle-paketleme-hizmetleri-maliyetleri-nasil-dusurulur,blog_post,IMPROVE,200,true,311,0.1042,0.0903,0.8287,https://ankaraozdemirnakliyat.com/blog/yenimahalle-tasinma-kontrol-listesi-paketleme-hizmetleri,false,false,false,28,50,Yenimahalle Paketleme Hizmetleri Maliyetleri Nasıl Düşürülür? | Ankara Özdemir Nakliyat,Yenimahalle Paketleme Hizmetleri Maliyetleri Nasıl Düşürülür?,https://ankaraozdemirnakliyat.com/blog/yenimahalle-paketleme-hizmetleri-maliyetleri-nasil-dusurulur,UNKNOWN,UNKNOWN,UNKNOWN,UNKNOWN,UNKNOWN,false
ozdemir,https://ankaraozdemirnakliyat.com/blog/tasinma-rehberi-yenimahalle-ve-parca-esya-tasima,blog_post,IMPROVE,200,true,329,0.0974,0.0974,0.5658,https://ankaraozdemirnakliyat.com/blog/yenimahalle-tasinma-kontrol-listesi-parca-esya-tasima,false,false,false,23,50,Taşınma Rehberi: Yenimahalle ve Parça Eşya Taşıma | Ankara Özdemir Nakliyat,Taşınma Rehberi: Yenimahalle ve Parça Eşya Taşıma,https://ankaraozdemirnakliyat.com/blog/tasinma-rehberi-yenimahalle-ve-parca-esya-tasima,UNKNOWN,UNKNOWN,UNKNOWN,UNKNOWN,UNKNOWN,false
ozdemir,https://ankaraozdemirnakliyat.com/blog/cankaya-sehir-ici-nakliyat-sirasinda-esyalarinizi-nasil-korursunuz,blog_post,IMPROVE,200,true,337,0.0949,0.1044,0.6556,https://ankaraozdemirnakliyat.com/blog/cankaya-parca-esya-tasima-sirasinda-esyalarinizi-nasil-korursunuz,false,false,false,28,50,Çankaya Şehir İçi Nakliyat Sırasında Eşyalarınızı Nasıl Korursunuz? | Ankara Özdemir Nakliyat,Çankaya Şehir İçi Nakliyat Sırasında Eşyalarınızı Nasıl Korursunuz?,https://ankaraozdemirnakliyat.com/blog/cankaya-sehir-ici-nakliyat-sirasinda-esyalarinizi-nasil-korursunuz,UNKNOWN,UNKNOWN,UNKNOWN,UNKNOWN,UNKNOWN,false
ozdemir,https://ankaraozdemirnakliyat.com/blog/stresten-uzak-bir-asansorlu-tasimacilik-altindag-deneyimi,blog_post,IMPROVE,200,true,322,0.0997,0.0963,0.6655,https://ankaraozdemirnakliyat.com/blog/altindag-uzmanindan-nakliyat-sigortasi-sirlari,false,false,false,4,50,Stresten Uzak Bir Asansörlü Taşımacılık: Altındağ Deneyimi | Ankara Özdemir Nakliyat,Stresten Uzak Bir Asansörlü Taşımacılık: Altındağ Deneyimi,https://ankaraozdemirnakliyat.com/blog/stresten-uzak-bir-asansorlu-tasimacilik-altindag-deneyimi,UNKNOWN,UNKNOWN,UNKNOWN,UNKNOWN,UNKNOWN,false
ozdemir,https://ankaraozdemirnakliyat.com/blog/tasinma-rehberi-cankaya-ve-sehirler-arasi-nakliyat,blog_post,IMPROVE,200,true,332,0.0965,0.0965,0.6608,https://ankaraozdemirnakliyat.com/blog/tasinma-rehberi-cankaya-ve-ofis-tasima,false,false,false,1,50,Taşınma Rehberi: Çankaya ve Şehirler Arası Nakliyat | Ankara Özdemir Nakliyat,Taşınma Rehberi: Çankaya ve Şehirler Arası Nakliyat,https://ankaraozdemirnakliyat.com/blog/tasinma-rehberi-cankaya-ve-sehirler-arasi-nakliyat,UNKNOWN,UNKNOWN,UNKNOWN,UNKNOWN,UNKNOWN,false
ozdemir,https://ankaraozdemirnakliyat.com/blog/pursaklar-ev-ve-is-yeri-sahipleri-icin-sehirler-arasi-nakliyat-ipuclari,blog_post,IMPROVE,200,true,339,0.0943,0.1321,0.6308,https://ankaraozdemirnakliyat.com/blog/pursaklar-ev-ve-is-yeri-sahipleri-icin-nakliyat-sigortasi-ipuclari,false,false,false,1,50,Pursaklar Ev ve İş Yeri Sahipleri İçin Şehirler Arası Nakliyat İpuçları | Ankara Özdemir Nakliyat,Pursaklar Ev ve İş Yeri Sahipleri İçin Şehirler Arası Nakliyat İpuçları,https://ankaraozdemirnakliyat.com/blog/pursaklar-ev-ve-is-yeri-sahipleri-icin-sehirler-arasi-nakliyat-ipuclari,UNKNOWN,UNKNOWN,UNKNOWN,UNKNOWN,UNKNOWN,false
ozdemir,https://ankaraozdemirnakliyat.com/blog/yenimahalle-tasinma-kontrol-listesi-paketleme-hizmetleri,blog_post,IMPROVE,200,true,311,0.1042,0.0903,0.6275,https://ankaraozdemirnakliyat.com/blog/yenimahalle-tasinma-kontrol-listesi-sehir-ici-nakliyat,false,false,false,28,50,Yenimahalle Taşınma Kontrol Listesi: Paketleme Hizmetleri | Ankara Özdemir Nakliyat,Yenimahalle Taşınma Kontrol Listesi: Paketleme Hizmetleri,https://ankaraozdemirnakliyat.com/blog/yenimahalle-tasinma-kontrol-listesi-paketleme-hizmetleri,UNKNOWN,UNKNOWN,UNKNOWN,UNKNOWN,UNKNOWN,false
ozdemir,https://ankaraozdemirnakliyat.com/blog/kecioren-icin-asansorlu-tasimacilik-surecinde-dikkat-edilmesi-gerekenler,blog_post,IMPROVE,200,true,322,0.0997,0.4983,0.6632,https://ankaraozdemirnakliyat.com/blog/kecioren-nakliyat-sigortasi-sirasinda-esyalarinizi-nasil-korursunuz,false,false,false,1,50,Keçiören İçin Asansörlü Taşımacılık Sürecinde Dikkat Edilmesi Gerekenler | Ankara Özdemir Nakliyat,Keçiören İçin Asansörlü Taşımacılık Sürecinde Dikkat Edilmesi Gerekenler,https://ankaraozdemirnakliyat.com/blog/kecioren-icin-asansorlu-tasimacilik-surecinde-dikkat-edilmesi-gerekenler,UNKNOWN,UNKNOWN,UNKNOWN,UNKNOWN,UNKNOWN,false
ozdemir,https://ankaraozdemirnakliyat.com/blog/yenimahalle-bolgesinde-sehir-ici-nakliyat-icin-5-altin-tavsiye,blog_post,IMPROVE,200,true,329,0.0980,0.1176,0.7854,https://ankaraozdemirnakliyat.com/blog/yenimahalle-tasinma-kontrol-listesi-sehir-ici-nakliyat,false,false,false,28,50,Yenimahalle Bölgesinde Şehir İçi Nakliyat İçin 5 Altın Tavsiye | Ankara Özdemir Nakliyat,Yenimahalle Bölgesinde Şehir İçi Nakliyat İçin 5 Altın Tavsiye,https://ankaraozdemirnakliyat.com/blog/yenimahalle-bolgesinde-sehir-ici-nakliyat-icin-5-altin-tavsiye,UNKNOWN,UNKNOWN,UNKNOWN,UNKNOWN,UNKNOWN,false
ozdemir,https://ankaraozdemirnakliyat.com/blog/cankaya-parca-esya-tasima-sirasinda-esyalarinizi-nasil-korursunuz,blog_post,IMPROVE,200,true,335,0.0955,0.1051,0.7978,https://ankaraozdemirnakliyat.com/blog/cankaya-sokaklarinda-parca-esya-tasima-zorluklari-ve-cozumleri,false,false,false,23,50,Çankaya Parça Eşya Taşıma Sırasında Eşyalarınızı Nasıl Korursunuz? | Ankara Özdemir Nakliyat,Çankaya Parça Eşya Taşıma Sırasında Eşyalarınızı Nasıl Korursunuz?,https://ankaraozdemirnakliyat.com/blog/cankaya-parca-esya-tasima-sirasinda-esyalarinizi-nasil-korursunuz,UNKNOWN,UNKNOWN,UNKNOWN,UNKNOWN,UNKNOWN,false
ozdemir,https://ankaraozdemirnakliyat.com/blog/yenimahalle-sehirler-arasi-nakliyat-maliyetleri-nasil-dusurulur,blog_post,IMPROVE,200,true,322,0.1003,0.1003,0.6758,https://ankaraozdemirnakliyat.com/blog/sincan-sehirler-arasi-nakliyat-sirasinda-esyalarinizi-nasil-korursunuz,false,false,false,1,50,Yenimahalle Şehirler Arası Nakliyat Maliyetleri Nasıl Düşürülür? | Ankara Özdemir Nakliyat,Yenimahalle Şehirler Arası Nakliyat Maliyetleri Nasıl Düşürülür?,https://ankaraozdemirnakliyat.com/blog/yenimahalle-sehirler-arasi-nakliyat-maliyetleri-nasil-dusurulur,UNKNOWN,UNKNOWN,UNKNOWN,UNKNOWN,UNKNOWN,false
ozdemir,https://ankaraozdemirnakliyat.com/blog/polatli-ev-ve-is-yeri-sahipleri-icin-asansorlu-tasimacilik-ipuclari,blog_post,IMPROVE,200,true,327,0.0987,0.5132,0.6080,https://ankaraozdemirnakliyat.com/blog/polatli-sokaklarinda-sehir-ici-nakliyat-zorluklari-ve-cozumleri,false,false,false,1,50,Polatlı Ev ve İş Yeri Sahipleri İçin Asansörlü Taşımacılık İpuçları | Ankara Özdemir Nakliyat,Polatlı Ev ve İş Yeri Sahipleri İçin Asansörlü Taşımacılık İpuçları,https://ankaraozdemirnakliyat.com/blog/polatli-ev-ve-is-yeri-sahipleri-icin-asansorlu-tasimacilik-ipuclari,UNKNOWN,UNKNOWN,UNKNOWN,UNKNOWN,UNKNOWN,false
ozdemir,https://ankaraozdemirnakliyat.com/blog/tasinma-rehberi-yenimahalle-ve-paketleme-hizmetleri,blog_post,IMPROVE,200,true,320,0.1003,0.0870,0.7345,https://ankaraozdemirnakliyat.com/blog/yenimahalle-ev-ve-is-yeri-sahipleri-icin-ofis-tasima-ipuclari,false,false,false,4,50,Taşınma Rehberi: Yenimahalle ve Paketleme Hizmetleri | Ankara Özdemir Nakliyat,Taşınma Rehberi: Yenimahalle ve Paketleme Hizmetleri,https://ankaraozdemirnakliyat.com/blog/tasinma-rehberi-yenimahalle-ve-paketleme-hizmetleri,UNKNOWN,UNKNOWN,UNKNOWN,UNKNOWN,UNKNOWN,false
ozdemir,https://ankaraozdemirnakliyat.com/blog/cankaya-icin-asansorlu-tasimacilik-surecinde-dikkat-edilmesi-gerekenler,blog_post,IMPROVE,200,true,319,0.1014,0.1081,0.8327,https://ankaraozdemirnakliyat.com/blog/cankaya-asansorlu-tasimacilik-maliyetleri-nasil-dusurulur,false,false,false,1,50,Çankaya İçin Asansörlü Taşımacılık Sürecinde Dikkat Edilmesi Gerekenler | Ankara Özdemir Nakliyat,Çankaya İçin Asansörlü Taşımacılık Sürecinde Dikkat Edilmesi Gerekenler,https://ankaraozdemirnakliyat.com/blog/cankaya-icin-asansorlu-tasimacilik-surecinde-dikkat-edilmesi-gerekenler,UNKNOWN,UNKNOWN,UNKNOWN,UNKNOWN,UNKNOWN,false
ozdemir,https://ankaraozdemirnakliyat.com/blog/altindag-icin-paketleme-hizmetleri-surecinde-dikkat-edilmesi-gerekenler,blog_post,IMPROVE,200,true,317,0.1020,0.1769,0.6341,https://ankaraozdemirnakliyat.com/blog/altindag-sehir-ici-nakliyat-sirasinda-esyalarinizi-nasil-korursunuz,false,false,false,1,50,Altındağ İçin Paketleme Hizmetleri Sürecinde Dikkat Edilmesi Gerekenler | Ankara Özdemir Nakliyat,Altındağ İçin Paketleme Hizmetleri Sürecinde Dikkat Edilmesi Gerekenler,https://ankaraozdemirnakliyat.com/blog/altindag-icin-paketleme-hizmetleri-surecinde-dikkat-edilmesi-gerekenler,UNKNOWN,UNKNOWN,UNKNOWN,UNKNOWN,UNKNOWN,false
ozdemir,https://ankaraozdemirnakliyat.com/blog/mamak-bolgesinde-sehirler-arasi-nakliyat-icin-5-altin-tavsiye,blog_post,IMPROVE,200,true,336,0.0952,0.1143,0.7410,https://ankaraozdemirnakliyat.com/blog/etimesgut-bolgesinde-sehirler-arasi-nakliyat-icin-5-altin-tavsiye,false,false,false,1,50,Mamak Bölgesinde Şehirler Arası Nakliyat İçin 5 Altın Tavsiye | Ankara Özdemir Nakliyat,Mamak Bölgesinde Şehirler Arası Nakliyat İçin 5 Altın Tavsiye,https://ankaraozdemirnakliyat.com/blog/mamak-bolgesinde-sehirler-arasi-nakliyat-icin-5-altin-tavsiye,UNKNOWN,UNKNOWN,UNKNOWN,UNKNOWN,UNKNOWN,false
ozdemir,https://ankaraozdemirnakliyat.com/blog/polatli-icin-parca-esya-tasima-surecinde-dikkat-edilmesi-gerekenler,blog_post,IMPROVE,200,true,342,0.0935,0.1121,0.7993,https://ankaraozdemirnakliyat.com/blog/polatli-sokaklarinda-parca-esya-tasima-zorluklari-ve-cozumleri,false,false,false,23,50,Polatlı İçin Parça Eşya Taşıma Sürecinde Dikkat Edilmesi Gerekenler | Ankara Özdemir Nakliyat,Polatlı İçin Parça Eşya Taşıma Sürecinde Dikkat Edilmesi Gerekenler,https://ankaraozdemirnakliyat.com/blog/polatli-icin-parca-esya-tasima-surecinde-dikkat-edilmesi-gerekenler,UNKNOWN,UNKNOWN,UNKNOWN,UNKNOWN,UNKNOWN,false
ozdemir,https://ankaraozdemirnakliyat.com/blog/yenimahalle-bolgesinde-asansorlu-tasimacilik-icin-5-altin-tavsiye,blog_post,IMPROVE,200,true,321,0.1014,0.1081,0.8282,https://ankaraozdemirnakliyat.com/blog/sincan-bolgesinde-asansorlu-tasimacilik-icin-5-altin-tavsiye,false,false,false,1,50,Yenimahalle Bölgesinde Asansörlü Taşımacılık İçin 5 Altın Tavsiye | Ankara Özdemir Nakliyat,Yenimahalle Bölgesinde Asansörlü Taşımacılık İçin 5 Altın Tavsiye,https://ankaraozdemirnakliyat.com/blog/yenimahalle-bolgesinde-asansorlu-tasimacilik-icin-5-altin-tavsiye,UNKNOWN,UNKNOWN,UNKNOWN,UNKNOWN,UNKNOWN,false
ozdemir,https://ankaraozdemirnakliyat.com/blog/cankaya-sokaklarinda-parca-esya-tasima-zorluklari-ve-cozumleri,blog_post,IMPROVE,200,true,335,0.0955,0.1051,0.6357,https://ankaraozdemirnakliyat.com/blog/tasinma-rehberi-cankaya-ve-ofis-tasima,false,false,false,4,50,Çankaya Sokaklarında Parça Eşya Taşıma Zorlukları ve Çözümleri | Ankara Özdemir Nakliyat,Çankaya Sokaklarında Parça Eşya Taşıma Zorlukları ve Çözümleri,https://ankaraozdemirnakliyat.com/blog/cankaya-sokaklarinda-parca-esya-tasima-zorluklari-ve-cozumleri,UNKNOWN,UNKNOWN,UNKNOWN,UNKNOWN,UNKNOWN,false
ozdemir,https://ankaraozdemirnakliyat.com/blog/polatli-paketleme-hizmetleri-maliyetleri-nasil-dusurulur,blog_post,IMPROVE,200,true,326,0.0984,0.0852,0.7402,https://ankaraozdemirnakliyat.com/blog/polatli-tasinma-kontrol-listesi-ofis-tasima,false,false,false,1,50,Polatlı Paketleme Hizmetleri Maliyetleri Nasıl Düşürülür? | Ankara Özdemir Nakliyat,Polatlı Paketleme Hizmetleri Maliyetleri Nasıl Düşürülür?,https://ankaraozdemirnakliyat.com/blog/polatli-paketleme-hizmetleri-maliyetleri-nasil-dusurulur,UNKNOWN,UNKNOWN,UNKNOWN,UNKNOWN,UNKNOWN,false
ozdemir,https://ankaraozdemirnakliyat.com/blog/mamak-icin-asansorlu-tasimacilik-surecinde-dikkat-edilmesi-gerekenler,blog_post,IMPROVE,200,true,329,0.0980,0.1340,0.6371,https://ankaraozdemirnakliyat.com/blog/mamak-sokaklarinda-nakliyat-sigortasi-zorluklari-ve-cozumleri,false,false,false,1,50,Mamak İçin Asansörlü Taşımacılık Sürecinde Dikkat Edilmesi Gerekenler | Ankara Özdemir Nakliyat,Mamak İçin Asansörlü Taşımacılık Sürecinde Dikkat Edilmesi Gerekenler,https://ankaraozdemirnakliyat.com/blog/mamak-icin-asansorlu-tasimacilik-surecinde-dikkat-edilmesi-gerekenler,UNKNOWN,UNKNOWN,UNKNOWN,UNKNOWN,UNKNOWN,false
ozdemir,https://ankaraozdemirnakliyat.com/blog/mamak-sokaklarinda-evden-eve-nakliyat-zorluklari-ve-cozumleri,blog_post,IMPROVE,200,true,332,0.0965,0.1061,0.8089,https://ankaraozdemirnakliyat.com/blog/mamak-bolgesinde-evden-eve-nakliyat-icin-5-altin-tavsiye,false,false,false,21,50,Mamak Sokaklarında Evden Eve Nakliyat Zorlukları ve Çözümleri | Ankara Özdemir Nakliyat,Mamak Sokaklarında Evden Eve Nakliyat Zorlukları ve Çözümleri,https://ankaraozdemirnakliyat.com/blog/mamak-sokaklarinda-evden-eve-nakliyat-zorluklari-ve-cozumleri,UNKNOWN,UNKNOWN,UNKNOWN,UNKNOWN,UNKNOWN,false
ozdemir,https://ankaraozdemirnakliyat.com/blog/yenimahalle-tasinma-kontrol-listesi-sehir-ici-nakliyat,blog_post,IMPROVE,200,true,323,0.1000,0.1000,0.7291,https://ankaraozdemirnakliyat.com/blog/stresten-uzak-bir-sehir-ici-nakliyat-etimesgut-deneyimi,false,false,false,4,50,Yenimahalle Taşınma Kontrol Listesi: Şehir İçi Nakliyat | Ankara Özdemir Nakliyat,Yenimahalle Taşınma Kontrol Listesi: Şehir İçi Nakliyat,https://ankaraozdemirnakliyat.com/blog/yenimahalle-tasinma-kontrol-listesi-sehir-ici-nakliyat,UNKNOWN,UNKNOWN,UNKNOWN,UNKNOWN,UNKNOWN,false
ozdemir,https://ankaraozdemirnakliyat.com/blog/yenimahalle-tasinma-kontrol-listesi-parca-esya-tasima,blog_post,IMPROVE,200,true,333,0.0968,0.1290,0.6213,https://ankaraozdemirnakliyat.com/blog/mamak-bolgesinde-parca-esya-tasima-icin-5-altin-tavsiye,false,false,false,1,50,Yenimahalle Taşınma Kontrol Listesi: Parça Eşya Taşıma | Ankara Özdemir Nakliyat,Yenimahalle Taşınma Kontrol Listesi: Parça Eşya Taşıma,https://ankaraozdemirnakliyat.com/blog/yenimahalle-tasinma-kontrol-listesi-parca-esya-tasima,UNKNOWN,UNKNOWN,UNKNOWN,UNKNOWN,UNKNOWN,false
ozdemir,https://ankaraozdemirnakliyat.com/blog/etimesgut-sokaklarinda-sehirler-arasi-nakliyat-zorluklari-ve-cozumleri,blog_post,IMPROVE,200,true,330,0.0977,0.1075,0.6236,https://ankaraozdemirnakliyat.com/blog/stresten-uzak-bir-nakliyat-sigortasi-etimesgut-deneyimi,false,false,false,1,50,Etimesgut Sokaklarında Şehirler Arası Nakliyat Zorlukları ve Çözümleri | Ankara Özdemir Nakliyat,Etimesgut Sokaklarında Şehirler Arası Nakliyat Zorlukları ve Çözümleri,https://ankaraozdemirnakliyat.com/blog/etimesgut-sokaklarinda-sehirler-arasi-nakliyat-zorluklari-ve-cozumleri,UNKNOWN,UNKNOWN,UNKNOWN,UNKNOWN,UNKNOWN,false
ozdemir,https://ankaraozdemirnakliyat.com/blog/polatli-sokaklarinda-parca-esya-tasima-zorluklari-ve-cozumleri,blog_post,IMPROVE,200,true,339,0.0943,0.1038,0.6360,https://ankaraozdemirnakliyat.com/blog/polatli-tasinma-kontrol-listesi-ofis-tasima,false,false,false,1,50,Polatlı Sokaklarında Parça Eşya Taşıma Zorlukları ve Çözümleri | Ankara Özdemir Nakliyat,Polatlı Sokaklarında Parça Eşya Taşıma Zorlukları ve Çözümleri,https://ankaraozdemirnakliyat.com/blog/polatli-sokaklarinda-parca-esya-tasima-zorluklari-ve-cozumleri,UNKNOWN,UNKNOWN,UNKNOWN,UNKNOWN,UNKNOWN,false
ozdemir,https://ankaraozdemirnakliyat.com/blog/yenimahalle-ev-ve-is-yeri-sahipleri-icin-evden-eve-nakliyat-ipuclari,blog_post,IMPROVE,200,true,337,0.0962,0.1346,0.7991,https://ankaraozdemirnakliyat.com/blog/stresten-uzak-bir-evden-eve-nakliyat-yenimahalle-deneyimi,false,false,false,21,50,Yenimahalle Ev ve İş Yeri Sahipleri İçin Evden Eve Nakliyat İpuçları | Ankara Özdemir Nakliyat,Yenimahalle Ev ve İş Yeri Sahipleri İçin Evden Eve Nakliyat İpuçları,https://ankaraozdemirnakliyat.com/blog/yenimahalle-ev-ve-is-yeri-sahipleri-icin-evden-eve-nakliyat-ipuclari,UNKNOWN,UNKNOWN,UNKNOWN,UNKNOWN,UNKNOWN,false
ozdemir,https://ankaraozdemirnakliyat.com/blog/tasinma-rehberi-yenimahalle-ve-nakliyat-sigortasi,blog_post,IMPROVE,200,true,320,0.1003,0.0870,0.6185,https://ankaraozdemirnakliyat.com/blog/yenimahalle-ev-ve-is-yeri-sahipleri-icin-ofis-tasima-ipuclari,false,false,false,28,50,Taşınma Rehberi: Yenimahalle ve Nakliyat Sigortası | Ankara Özdemir Nakliyat,Taşınma Rehberi: Yenimahalle ve Nakliyat Sigortası,https://ankaraozdemirnakliyat.com/blog/tasinma-rehberi-yenimahalle-ve-nakliyat-sigortasi,UNKNOWN,UNKNOWN,UNKNOWN,UNKNOWN,UNKNOWN,false
ozdemir,https://ankaraozdemirnakliyat.com/blog/polatli-tasinma-kontrol-listesi-paketleme-hizmetleri,blog_post,IMPROVE,200,true,329,0.0980,0.0850,0.7717,https://ankaraozdemirnakliyat.com/blog/polatli-evden-eve-nakliyat-maliyetleri-nasil-dusurulur,false,false,false,1,50,Polatlı Taşınma Kontrol Listesi: Paketleme Hizmetleri | Ankara Özdemir Nakliyat,Polatlı Taşınma Kontrol Listesi: Paketleme Hizmetleri,https://ankaraozdemirnakliyat.com/blog/polatli-tasinma-kontrol-listesi-paketleme-hizmetleri,UNKNOWN,UNKNOWN,UNKNOWN,UNKNOWN,UNKNOWN,false
ozdemir,https://ankaraozdemirnakliyat.com/blog/altindag-icin-evden-eve-nakliyat-surecinde-dikkat-edilmesi-gerekenler,blog_post,IMPROVE,200,true,339,0.0949,0.1139,0.8395,https://ankaraozdemirnakliyat.com/blog/altindag-evden-eve-nakliyat-maliyetleri-nasil-dusurulur,false,false,false,21,50,Altındağ İçin Evden Eve Nakliyat Sürecinde Dikkat Edilmesi Gerekenler | Ankara Özdemir Nakliyat,Altındağ İçin Evden Eve Nakliyat Sürecinde Dikkat Edilmesi Gerekenler,https://ankaraozdemirnakliyat.com/blog/altindag-icin-evden-eve-nakliyat-surecinde-dikkat-edilmesi-gerekenler,UNKNOWN,UNKNOWN,UNKNOWN,UNKNOWN,UNKNOWN,false
ozdemir,https://ankaraozdemirnakliyat.com/blog/mamak-bolgesinde-evden-eve-nakliyat-icin-5-altin-tavsiye,blog_post,IMPROVE,200,true,335,0.0955,0.1146,0.6542,https://ankaraozdemirnakliyat.com/blog/stresten-uzak-bir-evden-eve-nakliyat-pursaklar-deneyimi,false,false,false,4,50,Mamak Bölgesinde Evden Eve Nakliyat İçin 5 Altın Tavsiye | Ankara Özdemir Nakliyat,Mamak Bölgesinde Evden Eve Nakliyat İçin 5 Altın Tavsiye,https://ankaraozdemirnakliyat.com/blog/mamak-bolgesinde-evden-eve-nakliyat-icin-5-altin-tavsiye,UNKNOWN,UNKNOWN,UNKNOWN,UNKNOWN,UNKNOWN,false
ozdemir,https://ankaraozdemirnakliyat.com/blog/stresten-uzak-bir-evden-eve-nakliyat-pursaklar-deneyimi,blog_post,IMPROVE,200,true,329,0.0974,0.1071,0.7964,https://ankaraozdemirnakliyat.com/blog/pursaklar-ofis-tasima-maliyetleri-nasil-dusurulur,false,false,false,1,50,Stresten Uzak Bir Evden Eve Nakliyat: Pursaklar Deneyimi | Ankara Özdemir Nakliyat,Stresten Uzak Bir Evden Eve Nakliyat: Pursaklar Deneyimi,https://ankaraozdemirnakliyat.com/blog/stresten-uzak-bir-evden-eve-nakliyat-pursaklar-deneyimi,UNKNOWN,UNKNOWN,UNKNOWN,UNKNOWN,UNKNOWN,false
ozdemir,https://ankaraozdemirnakliyat.com/blog/altindag-sehir-ici-nakliyat-sirasinda-esyalarinizi-nasil-korursunuz,blog_post,IMPROVE,200,true,326,0.0990,0.1089,0.5333,https://ankaraozdemirnakliyat.com/blog/stresten-uzak-bir-sehir-ici-nakliyat-altindag-deneyimi,false,false,false,1,50,Altındağ Şehir İçi Nakliyat Sırasında Eşyalarınızı Nasıl Korursunuz? | Ankara Özdemir Nakliyat,Altındağ Şehir İçi Nakliyat Sırasında Eşyalarınızı Nasıl Korursunuz?,https://ankaraozdemirnakliyat.com/blog/altindag-sehir-ici-nakliyat-sirasinda-esyalarinizi-nasil-korursunuz,UNKNOWN,UNKNOWN,UNKNOWN,UNKNOWN,UNKNOWN,false
ozdemir,https://ankaraozdemirnakliyat.com/blog/kecioren-nakliyat-sigortasi-sirasinda-esyalarinizi-nasil-korursunuz,blog_post,IMPROVE,200,true,319,0.1007,0.0973,0.7761,https://ankaraozdemirnakliyat.com/blog/kecioren-ev-ve-is-yeri-sahipleri-icin-nakliyat-sigortasi-ipuclari,false,false,false,4,50,Keçiören Nakliyat Sigortası Sırasında Eşyalarınızı Nasıl Korursunuz? | Ankara Özdemir Nakliyat,Keçiören Nakliyat Sigortası Sırasında Eşyalarınızı Nasıl Korursunuz?,https://ankaraozdemirnakliyat.com/blog/kecioren-nakliyat-sigortasi-sirasinda-esyalarinizi-nasil-korursunuz,UNKNOWN,UNKNOWN,UNKNOWN,UNKNOWN,UNKNOWN,false
ozdemir,https://ankaraozdemirnakliyat.com/blog/etimesgut-bolgesinde-sehirler-arasi-nakliyat-icin-5-altin-tavsiye,blog_post,IMPROVE,200,true,330,0.0971,0.1165,0.7724,https://ankaraozdemirnakliyat.com/blog/etimesgut-uzmanindan-sehirler-arasi-nakliyat-sirlari,false,false,false,1,50,Etimesgut Bölgesinde Şehirler Arası Nakliyat İçin 5 Altın Tavsiye | Ankara Özdemir Nakliyat,Etimesgut Bölgesinde Şehirler Arası Nakliyat İçin 5 Altın Tavsiye,https://ankaraozdemirnakliyat.com/blog/etimesgut-bolgesinde-sehirler-arasi-nakliyat-icin-5-altin-tavsiye,UNKNOWN,UNKNOWN,UNKNOWN,UNKNOWN,UNKNOWN,false
ozdemir,https://ankaraozdemirnakliyat.com/blog/polatli-evden-eve-nakliyat-maliyetleri-nasil-dusurulur,blog_post,IMPROVE,200,true,339,0.0949,0.5158,0.5354,https://ankaraozdemirnakliyat.com/blog/polatli-paketleme-hizmetleri-sirasinda-esyalarinizi-nasil-korursunuz,false,false,false,1,50,Polatlı Evden Eve Nakliyat Maliyetleri Nasıl Düşürülür? | Ankara Özdemir Nakliyat,Polatlı Evden Eve Nakliyat Maliyetleri Nasıl Düşürülür?,https://ankaraozdemirnakliyat.com/blog/polatli-evden-eve-nakliyat-maliyetleri-nasil-dusurulur,UNKNOWN,UNKNOWN,UNKNOWN,UNKNOWN,UNKNOWN,false
ozdemir,https://ankaraozdemirnakliyat.com/blog/polatli-sokaklarinda-sehir-ici-nakliyat-zorluklari-ve-cozumleri,blog_post,IMPROVE,200,true,330,0.0977,0.5147,0.4316,https://ankaraozdemirnakliyat.com/blog/polatli-sokaklarinda-ofis-tasima-zorluklari-ve-cozumleri,false,false,false,1,50,Polatlı Sokaklarında Şehir İçi Nakliyat Zorlukları ve Çözümleri | Ankara Özdemir Nakliyat,Polatlı Sokaklarında Şehir İçi Nakliyat Zorlukları ve Çözümleri,https://ankaraozdemirnakliyat.com/blog/polatli-sokaklarinda-sehir-ici-nakliyat-zorluklari-ve-cozumleri,UNKNOWN,UNKNOWN,UNKNOWN,UNKNOWN,UNKNOWN,false
ozdemir,https://ankaraozdemirnakliyat.com/blog/altindag-ev-ve-is-yeri-sahipleri-icin-sehir-ici-nakliyat-ipuclari,blog_post,IMPROVE,200,true,347,0.0926,0.1605,0.6186,https://ankaraozdemirnakliyat.com/blog/altindag-evden-eve-nakliyat-maliyetleri-nasil-dusurulur,false,false,false,1,50,Altındağ Ev ve İş Yeri Sahipleri İçin Şehir İçi Nakliyat İpuçları | Ankara Özdemir Nakliyat,Altındağ Ev ve İş Yeri Sahipleri İçin Şehir İçi Nakliyat İpuçları,https://ankaraozdemirnakliyat.com/blog/altindag-ev-ve-is-yeri-sahipleri-icin-sehir-ici-nakliyat-ipuclari,UNKNOWN,UNKNOWN,UNKNOWN,UNKNOWN,UNKNOWN,false
ozdemir,https://ankaraozdemirnakliyat.com/blog/cankaya-asansorlu-tasimacilik-maliyetleri-nasil-dusurulur,blog_post,IMPROVE,200,true,313,0.1034,0.0897,0.6395,https://ankaraozdemirnakliyat.com/blog/cankaya-uzmanindan-sehirler-arasi-nakliyat-sirlari,false,false,false,1,50,Çankaya Asansörlü Taşımacılık Maliyetleri Nasıl Düşürülür? | Ankara Özdemir Nakliyat,Çankaya Asansörlü Taşımacılık Maliyetleri Nasıl Düşürülür?,https://ankaraozdemirnakliyat.com/blog/cankaya-asansorlu-tasimacilik-maliyetleri-nasil-dusurulur,UNKNOWN,UNKNOWN,UNKNOWN,UNKNOWN,UNKNOWN,false
ozdemir,https://ankaraozdemirnakliyat.com/blog/etimesgut-ev-ve-is-yeri-sahipleri-icin-asansorlu-tasimacilik-ipuclari,blog_post,IMPROVE,200,true,326,0.0984,0.1246,0.6260,https://ankaraozdemirnakliyat.com/blog/etimesgut-ev-ve-is-yeri-sahipleri-icin-sehir-ici-nakliyat-ipuclari,false,false,false,1,50,Etimesgut Ev ve İş Yeri Sahipleri İçin Asansörlü Taşımacılık İpuçları | Ankara Özdemir Nakliyat,Etimesgut Ev ve İş Yeri Sahipleri İçin Asansörlü Taşımacılık İpuçları,https://ankaraozdemirnakliyat.com/blog/etimesgut-ev-ve-is-yeri-sahipleri-icin-asansorlu-tasimacilik-ipuclari,UNKNOWN,UNKNOWN,UNKNOWN,UNKNOWN,UNKNOWN,false
ozdemir,https://ankaraozdemirnakliyat.com/blog/kecioren-ev-ve-is-yeri-sahipleri-icin-nakliyat-sigortasi-ipuclari,blog_post,IMPROVE,200,true,328,0.0977,0.1238,0.6100,https://ankaraozdemirnakliyat.com/blog/tasinma-rehberi-kecioren-ve-parca-esya-tasima,false,false,false,1,50,Keçiören Ev ve İş Yeri Sahipleri İçin Nakliyat Sigortası İpuçları | Ankara Özdemir Nakliyat,Keçiören Ev ve İş Yeri Sahipleri İçin Nakliyat Sigortası İpuçları,https://ankaraozdemirnakliyat.com/blog/kecioren-ev-ve-is-yeri-sahipleri-icin-nakliyat-sigortasi-ipuclari,UNKNOWN,UNKNOWN,UNKNOWN,UNKNOWN,UNKNOWN,false
ozdemir,https://ankaraozdemirnakliyat.com/blog/yenimahalle-ev-ve-is-yeri-sahipleri-icin-parca-esya-tasima-ipuclari,blog_post,IMPROVE,200,true,334,0.0965,0.1350,0.6322,https://ankaraozdemirnakliyat.com/blog/tasinma-rehberi-mamak-ve-parca-esya-tasima,false,false,false,1,50,Yenimahalle Ev ve İş Yeri Sahipleri İçin Parça Eşya Taşıma İpuçları | Ankara Özdemir Nakliyat,Yenimahalle Ev ve İş Yeri Sahipleri İçin Parça Eşya Taşıma İpuçları,https://ankaraozdemirnakliyat.com/blog/yenimahalle-ev-ve-is-yeri-sahipleri-icin-parca-esya-tasima-ipuclari,UNKNOWN,UNKNOWN,UNKNOWN,UNKNOWN,UNKNOWN,false
ozdemir,https://ankaraozdemirnakliyat.com/blog/kecioren-sehirler-arasi-nakliyat-sirasinda-esyalarinizi-nasil-korursunuz,blog_post,IMPROVE,200,true,326,0.0997,0.1096,0.7985,https://ankaraozdemirnakliyat.com/blog/kecioren-tasinma-kontrol-listesi-sehirler-arasi-nakliyat,false,false,false,1,50,Keçiören Şehirler Arası Nakliyat Sırasında Eşyalarınızı Nasıl Korursunuz? | Ankara Özdemir Nakliyat,Keçiören Şehirler Arası Nakliyat Sırasında Eşyalarınızı Nasıl Korursunuz?,https://ankaraozdemirnakliyat.com/blog/kecioren-sehirler-arasi-nakliyat-sirasinda-esyalarinizi-nasil-korursunuz,UNKNOWN,UNKNOWN,UNKNOWN,UNKNOWN,UNKNOWN,false
ozdemir,https://ankaraozdemirnakliyat.com/blog/cankaya-uzmanindan-sehirler-arasi-nakliyat-sirlari,blog_post,IMPROVE,200,true,320,0.1010,0.0909,0.6400,https://ankaraozdemirnakliyat.com/blog/cankaya-uzmanindan-sehir-ici-nakliyat-sirlari,false,false,false,1,50,Çankaya Uzmanından Şehirler Arası Nakliyat Sırları | Ankara Özdemir Nakliyat,Çankaya Uzmanından Şehirler Arası Nakliyat Sırları,https://ankaraozdemirnakliyat.com/blog/cankaya-uzmanindan-sehirler-arasi-nakliyat-sirlari,UNKNOWN,UNKNOWN,UNKNOWN,UNKNOWN,UNKNOWN,false
ozdemir,https://ankaraozdemirnakliyat.com/blog/stresten-uzak-bir-asansorlu-tasimacilik-golbasi-deneyimi,blog_post,IMPROVE,200,true,323,0.0993,0.1623,0.6618,https://ankaraozdemirnakliyat.com/blog/golbasi-sokaklarinda-evden-eve-nakliyat-zorluklari-ve-cozumleri,false,false,false,1,50,Stresten Uzak Bir Asansörlü Taşımacılık: Gölbaşı Deneyimi | Ankara Özdemir Nakliyat,Stresten Uzak Bir Asansörlü Taşımacılık: Gölbaşı Deneyimi,https://ankaraozdemirnakliyat.com/blog/stresten-uzak-bir-asansorlu-tasimacilik-golbasi-deneyimi,UNKNOWN,UNKNOWN,UNKNOWN,UNKNOWN,UNKNOWN,false
ozdemir,https://ankaraozdemirnakliyat.com/blog/pursaklar-ev-ve-is-yeri-sahipleri-icin-sehir-ici-nakliyat-ipuclari,blog_post,IMPROVE,200,true,344,0.0935,0.5514,0.5947,https://ankaraozdemirnakliyat.com/blog/pursaklar-evden-eve-nakliyat-maliyetleri-nasil-dusurulur,false,false,false,1,50,Pursaklar Ev ve İş Yeri Sahipleri İçin Şehir İçi Nakliyat İpuçları | Ankara Özdemir Nakliyat,Pursaklar Ev ve İş Yeri Sahipleri İçin Şehir İçi Nakliyat İpuçları,https://ankaraozdemirnakliyat.com/blog/pursaklar-ev-ve-is-yeri-sahipleri-icin-sehir-ici-nakliyat-ipuclari,UNKNOWN,UNKNOWN,UNKNOWN,UNKNOWN,UNKNOWN,false
ozdemir,https://ankaraozdemirnakliyat.com/blog/pursaklar-ev-ve-is-yeri-sahipleri-icin-nakliyat-sigortasi-ipuclari,blog_post,IMPROVE,200,true,329,0.0974,0.1234,0.5150,https://ankaraozdemirnakliyat.com/blog/sincan-ev-ve-is-yeri-sahipleri-icin-ofis-tasima-ipuclari,false,false,false,1,50,Pursaklar Ev ve İş Yeri Sahipleri İçin Nakliyat Sigortası İpuçları | Ankara Özdemir Nakliyat,Pursaklar Ev ve İş Yeri Sahipleri İçin Nakliyat Sigortası İpuçları,https://ankaraozdemirnakliyat.com/blog/pursaklar-ev-ve-is-yeri-sahipleri-icin-nakliyat-sigortasi-ipuclari,UNKNOWN,UNKNOWN,UNKNOWN,UNKNOWN,UNKNOWN,false
ozdemir,https://ankaraozdemirnakliyat.com/blog/yenimahalle-sehirler-arasi-nakliyat-sirasinda-esyalarinizi-nasil-korursunuz,blog_post,IMPROVE,200,true,328,0.0391,0.1075,0.6556,https://ankaraozdemirnakliyat.com/blog/stresten-uzak-bir-sehirler-arasi-nakliyat-mamak-deneyimi,false,false,false,1,50,Yenimahalle Şehirler Arası Nakliyat Sırasında Eşyalarınızı Nasıl Korursunuz? | Ankara Özdemir Nakliyat,Yenimahalle Şehirler Arası Nakliyat Sırasında Eşyalarınızı Nasıl Korursunuz?,https://ankaraozdemirnakliyat.com/blog/yenimahalle-sehirler-arasi-nakliyat-sirasinda-esyalarinizi-nasil-korursunuz,UNKNOWN,UNKNOWN,UNKNOWN,UNKNOWN,UNKNOWN,false
ozdemir,https://ankaraozdemirnakliyat.com/blog/altindag-uzmanindan-nakliyat-sigortasi-sirlari,blog_post,IMPROVE,200,true,316,0.1017,0.0780,0.5867,https://ankaraozdemirnakliyat.com/blog/altindag-icin-nakliyat-sigortasi-surecinde-dikkat-edilmesi-gerekenler,false,false,false,1,50,Altındağ Uzmanından Nakliyat Sigortası Sırları | Ankara Özdemir Nakliyat,Altındağ Uzmanından Nakliyat Sigortası Sırları,https://ankaraozdemirnakliyat.com/blog/altindag-uzmanindan-nakliyat-sigortasi-sirlari,UNKNOWN,UNKNOWN,UNKNOWN,UNKNOWN,UNKNOWN,false
ozdemir,https://ankaraozdemirnakliyat.com/blog/golbasi-sehir-ici-nakliyat-sirasinda-esyalarinizi-nasil-korursunuz,blog_post,IMPROVE,200,true,338,0.0952,0.1048,0.6330,https://ankaraozdemirnakliyat.com/blog/golbasi-bolgesinde-nakliyat-sigortasi-icin-5-altin-tavsiye,false,false,false,1,50,Gölbaşı Şehir İçi Nakliyat Sırasında Eşyalarınızı Nasıl Korursunuz? | Ankara Özdemir Nakliyat,Gölbaşı Şehir İçi Nakliyat Sırasında Eşyalarınızı Nasıl Korursunuz?,https://ankaraozdemirnakliyat.com/blog/golbasi-sehir-ici-nakliyat-sirasinda-esyalarinizi-nasil-korursunuz,UNKNOWN,UNKNOWN,UNKNOWN,UNKNOWN,UNKNOWN,false
ozdemir,https://ankaraozdemirnakliyat.com/blog/mamak-sokaklarinda-sehir-ici-nakliyat-zorluklari-ve-cozumleri,blog_post,IMPROVE,200,true,335,0.0955,0.1051,0.7720,https://ankaraozdemirnakliyat.com/blog/mamak-uzmanindan-sehir-ici-nakliyat-sirlari,false,false,false,1,50,Mamak Sokaklarında Şehir İçi Nakliyat Zorlukları ve Çözümleri | Ankara Özdemir Nakliyat,Mamak Sokaklarında Şehir İçi Nakliyat Zorlukları ve Çözümleri,https://ankaraozdemirnakliyat.com/blog/mamak-sokaklarinda-sehir-ici-nakliyat-zorluklari-ve-cozumleri,UNKNOWN,UNKNOWN,UNKNOWN,UNKNOWN,UNKNOWN,false
ozdemir,https://ankaraozdemirnakliyat.com/blog/mamak-paketleme-hizmetleri-maliyetleri-nasil-dusurulur,blog_post,IMPROVE,200,true,320,0.1003,0.0870,0.7793,https://ankaraozdemirnakliyat.com/blog/mamak-uzmanindan-paketleme-hizmetleri-sirlari,false,false,false,1,50,Mamak Paketleme Hizmetleri Maliyetleri Nasıl Düşürülür? | Ankara Özdemir Nakliyat,Mamak Paketleme Hizmetleri Maliyetleri Nasıl Düşürülür?,https://ankaraozdemirnakliyat.com/blog/mamak-paketleme-hizmetleri-maliyetleri-nasil-dusurulur,UNKNOWN,UNKNOWN,UNKNOWN,UNKNOWN,UNKNOWN,false
ozdemir,https://ankaraozdemirnakliyat.com/blog/pursaklar-sokaklarinda-parca-esya-tasima-zorluklari-ve-cozumleri,blog_post,IMPROVE,200,true,322,0.1003,0.1104,0.7702,https://ankaraozdemirnakliyat.com/blog/pursaklar-parca-esya-tasima-maliyetleri-nasil-dusurulur,false,false,false,1,50,Pursaklar Sokaklarında Parça Eşya Taşıma Zorlukları ve Çözümleri | Ankara Özdemir Nakliyat,Pursaklar Sokaklarında Parça Eşya Taşıma Zorlukları ve Çözümleri,https://ankaraozdemirnakliyat.com/blog/pursaklar-sokaklarinda-parca-esya-tasima-zorluklari-ve-cozumleri,UNKNOWN,UNKNOWN,UNKNOWN,UNKNOWN,UNKNOWN,false
ozdemir,https://ankaraozdemirnakliyat.com/blog/yenimahalle-sehir-ici-nakliyat-maliyetleri-nasil-dusurulur,blog_post,IMPROVE,200,true,327,0.0993,0.0993,0.6335,https://ankaraozdemirnakliyat.com/blog/stresten-uzak-bir-evden-eve-nakliyat-yenimahalle-deneyimi,false,false,false,1,50,Yenimahalle Şehir İçi Nakliyat Maliyetleri Nasıl Düşürülür? | Ankara Özdemir Nakliyat,Yenimahalle Şehir İçi Nakliyat Maliyetleri Nasıl Düşürülür?,https://ankaraozdemirnakliyat.com/blog/yenimahalle-sehir-ici-nakliyat-maliyetleri-nasil-dusurulur,UNKNOWN,UNKNOWN,UNKNOWN,UNKNOWN,UNKNOWN,false
ozdemir,https://ankaraozdemirnakliyat.com/blog/mamak-icin-sehirler-arasi-nakliyat-surecinde-dikkat-edilmesi-gerekenler,blog_post,IMPROVE,200,true,331,0.0980,0.1503,0.7108,https://ankaraozdemirnakliyat.com/blog/stresten-uzak-bir-sehirler-arasi-nakliyat-etimesgut-deneyimi,false,false,false,1,50,Mamak İçin Şehirler Arası Nakliyat Sürecinde Dikkat Edilmesi Gerekenler | Ankara Özdemir Nakliyat,Mamak İçin Şehirler Arası Nakliyat Sürecinde Dikkat Edilmesi Gerekenler,https://ankaraozdemirnakliyat.com/blog/mamak-icin-sehirler-arasi-nakliyat-surecinde-dikkat-edilmesi-gerekenler,UNKNOWN,UNKNOWN,UNKNOWN,UNKNOWN,UNKNOWN,false
ozdemir,https://ankaraozdemirnakliyat.com/blog/sincan-sehirler-arasi-nakliyat-sirasinda-esyalarinizi-nasil-korursunuz,blog_post,IMPROVE,200,true,323,0.1000,0.1100,0.6062,https://ankaraozdemirnakliyat.com/blog/sincan-icin-asansorlu-tasimacilik-surecinde-dikkat-edilmesi-gerekenler,false,false,false,1,50,Sincan Şehirler Arası Nakliyat Sırasında Eşyalarınızı Nasıl Korursunuz? | Ankara Özdemir Nakliyat,Sincan Şehirler Arası Nakliyat Sırasında Eşyalarınızı Nasıl Korursunuz?,https://ankaraozdemirnakliyat.com/blog/sincan-sehirler-arasi-nakliyat-sirasinda-esyalarinizi-nasil-korursunuz,UNKNOWN,UNKNOWN,UNKNOWN,UNKNOWN,UNKNOWN,false
ozdemir,https://ankaraozdemirnakliyat.com/blog/stresten-uzak-bir-evden-eve-nakliyat-yenimahalle-deneyimi,blog_post,IMPROVE,200,true,328,0.0990,0.1089,0.7117,https://ankaraozdemirnakliyat.com/blog/stresten-uzak-bir-paketleme-hizmetleri-pursaklar-deneyimi,false,false,false,1,50,Stresten Uzak Bir Evden Eve Nakliyat: Yenimahalle Deneyimi | Ankara Özdemir Nakliyat,Stresten Uzak Bir Evden Eve Nakliyat: Yenimahalle Deneyimi,https://ankaraozdemirnakliyat.com/blog/stresten-uzak-bir-evden-eve-nakliyat-yenimahalle-deneyimi,UNKNOWN,UNKNOWN,UNKNOWN,UNKNOWN,UNKNOWN,false
ozdemir,https://ankaraozdemirnakliyat.com/blog/yenimahalle-ev-ve-is-yeri-sahipleri-icin-ofis-tasima-ipuclari,blog_post,IMPROVE,200,true,332,0.0965,0.1222,0.7783,https://ankaraozdemirnakliyat.com/blog/sincan-ev-ve-is-yeri-sahipleri-icin-ofis-tasima-ipuclari,false,false,false,14,50,Yenimahalle Ev ve İş Yeri Sahipleri İçin Ofis Taşıma İpuçları | Ankara Özdemir Nakliyat,Yenimahalle Ev ve İş Yeri Sahipleri İçin Ofis Taşıma İpuçları,https://ankaraozdemirnakliyat.com/blog/yenimahalle-ev-ve-is-yeri-sahipleri-icin-ofis-tasima-ipuclari,UNKNOWN,UNKNOWN,UNKNOWN,UNKNOWN,UNKNOWN,false
ozdemir,https://ankaraozdemirnakliyat.com/blog/cankaya-icin-paketleme-hizmetleri-surecinde-dikkat-edilmesi-gerekenler,blog_post,IMPROVE,200,true,320,0.1010,0.1077,0.7652,https://ankaraozdemirnakliyat.com/blog/cankaya-bolgesinde-evden-eve-nakliyat-icin-5-altin-tavsiye,false,false,false,1,50,Çankaya İçin Paketleme Hizmetleri Sürecinde Dikkat Edilmesi Gerekenler | Ankara Özdemir Nakliyat,Çankaya İçin Paketleme Hizmetleri Sürecinde Dikkat Edilmesi Gerekenler,https://ankaraozdemirnakliyat.com/blog/cankaya-icin-paketleme-hizmetleri-surecinde-dikkat-edilmesi-gerekenler,UNKNOWN,UNKNOWN,UNKNOWN,UNKNOWN,UNKNOWN,false
ozdemir,https://ankaraozdemirnakliyat.com/blog/etimesgut-sokaklarinda-paketleme-hizmetleri-zorluklari-ve-cozumleri,blog_post,IMPROVE,200,true,317,0.1014,0.0980,0.8045,https://ankaraozdemirnakliyat.com/blog/etimesgut-bolgesinde-paketleme-hizmetleri-icin-5-altin-tavsiye,false,false,false,1,50,Etimesgut Sokaklarında Paketleme Hizmetleri Zorlukları ve Çözümleri | Ankara Özdemir Nakliyat,Etimesgut Sokaklarında Paketleme Hizmetleri Zorlukları ve Çözümleri,https://ankaraozdemirnakliyat.com/blog/etimesgut-sokaklarinda-paketleme-hizmetleri-zorluklari-ve-cozumleri,UNKNOWN,UNKNOWN,UNKNOWN,UNKNOWN,UNKNOWN,false
ozdemir,https://ankaraozdemirnakliyat.com/blog/golbasi-sokaklarinda-evden-eve-nakliyat-zorluklari-ve-cozumleri,blog_post,IMPROVE,200,true,333,0.0962,0.1058,0.7579,https://ankaraozdemirnakliyat.com/blog/golbasi-tasinma-kontrol-listesi-paketleme-hizmetleri,false,false,false,1,50,Gölbaşı Sokaklarında Evden Eve Nakliyat Zorlukları ve Çözümleri | Ankara Özdemir Nakliyat,Gölbaşı Sokaklarında Evden Eve Nakliyat Zorlukları ve Çözümleri,https://ankaraozdemirnakliyat.com/blog/golbasi-sokaklarinda-evden-eve-nakliyat-zorluklari-ve-cozumleri,UNKNOWN,UNKNOWN,UNKNOWN,UNKNOWN,UNKNOWN,false
ozdemir,https://ankaraozdemirnakliyat.com/blog/mamak-tasinma-kontrol-listesi-sehirler-arasi-nakliyat,blog_post,IMPROVE,200,true,321,0.1007,0.1007,0.5382,https://ankaraozdemirnakliyat.com/blog/etimesgut-tasinma-kontrol-listesi-nakliyat-sigortasi,false,false,false,1,50,Mamak Taşınma Kontrol Listesi: Şehirler Arası Nakliyat | Ankara Özdemir Nakliyat,Mamak Taşınma Kontrol Listesi: Şehirler Arası Nakliyat,https://ankaraozdemirnakliyat.com/blog/mamak-tasinma-kontrol-listesi-sehirler-arasi-nakliyat,UNKNOWN,UNKNOWN,UNKNOWN,UNKNOWN,UNKNOWN,false
ozdemir,https://ankaraozdemirnakliyat.com/blog/sincan-paketleme-hizmetleri-sirasinda-esyalarinizi-nasil-korursunuz,blog_post,IMPROVE,200,true,323,0.1000,0.0967,0.8072,https://ankaraozdemirnakliyat.com/blog/sincan-uzmanindan-paketleme-hizmetleri-sirlari,false,false,false,1,50,Sincan Paketleme Hizmetleri Sırasında Eşyalarınızı Nasıl Korursunuz? | Ankara Özdemir Nakliyat,Sincan Paketleme Hizmetleri Sırasında Eşyalarınızı Nasıl Korursunuz?,https://ankaraozdemirnakliyat.com/blog/sincan-paketleme-hizmetleri-sirasinda-esyalarinizi-nasil-korursunuz,UNKNOWN,UNKNOWN,UNKNOWN,UNKNOWN,UNKNOWN,false
ozdemir,https://ankaraozdemirnakliyat.com/blog/tasinma-rehberi-cankaya-ve-asansorlu-tasimacilik,blog_post,IMPROVE,200,true,326,0.0990,0.1155,0.6268,https://ankaraozdemirnakliyat.com/blog/cankaya-ev-ve-is-yeri-sahipleri-icin-ofis-tasima-ipuclari,false,false,false,1,50,Taşınma Rehberi: Çankaya ve Asansörlü Taşımacılık | Ankara Özdemir Nakliyat,Taşınma Rehberi: Çankaya ve Asansörlü Taşımacılık,https://ankaraozdemirnakliyat.com/blog/tasinma-rehberi-cankaya-ve-asansorlu-tasimacilik,UNKNOWN,UNKNOWN,UNKNOWN,UNKNOWN,UNKNOWN,false
ozdemir,https://ankaraozdemirnakliyat.com/blog/stresten-uzak-bir-evden-eve-nakliyat-etimesgut-deneyimi,blog_post,IMPROVE,200,true,326,0.0984,0.1082,0.6569,https://ankaraozdemirnakliyat.com/blog/sincan-uzmanindan-evden-eve-nakliyat-sirlari,false,false,false,1,50,Stresten Uzak Bir Evden Eve Nakliyat: Etimesgut Deneyimi | Ankara Özdemir Nakliyat,Stresten Uzak Bir Evden Eve Nakliyat: Etimesgut Deneyimi,https://ankaraozdemirnakliyat.com/blog/stresten-uzak-bir-evden-eve-nakliyat-etimesgut-deneyimi,UNKNOWN,UNKNOWN,UNKNOWN,UNKNOWN,UNKNOWN,false
ozdemir,https://ankaraozdemirnakliyat.com/blog/stresten-uzak-bir-sehirler-arasi-nakliyat-kecioren-deneyimi,blog_post,IMPROVE,200,true,333,0.0968,0.1065,0.5417,https://ankaraozdemirnakliyat.com/blog/kecioren-tasinma-kontrol-listesi-sehirler-arasi-nakliyat,false,false,false,1,50,Stresten Uzak Bir Şehirler Arası Nakliyat: Keçiören Deneyimi | Ankara Özdemir Nakliyat,Stresten Uzak Bir Şehirler Arası Nakliyat: Keçiören Deneyimi,https://ankaraozdemirnakliyat.com/blog/stresten-uzak-bir-sehirler-arasi-nakliyat-kecioren-deneyimi,UNKNOWN,UNKNOWN,UNKNOWN,UNKNOWN,UNKNOWN,false
ozdemir,https://ankaraozdemirnakliyat.com/blog/golbasi-sokaklarinda-sehir-ici-nakliyat-zorluklari-ve-cozumleri,blog_post,IMPROVE,200,true,326,0.0990,0.1089,0.7993,https://ankaraozdemirnakliyat.com/blog/golbasi-bolgesinde-sehir-ici-nakliyat-icin-5-altin-tavsiye,false,false,false,1,50,Gölbaşı Sokaklarında Şehir İçi Nakliyat Zorlukları ve Çözümleri | Ankara Özdemir Nakliyat,Gölbaşı Sokaklarında Şehir İçi Nakliyat Zorlukları ve Çözümleri,https://ankaraozdemirnakliyat.com/blog/golbasi-sokaklarinda-sehir-ici-nakliyat-zorluklari-ve-cozumleri,UNKNOWN,UNKNOWN,UNKNOWN,UNKNOWN,UNKNOWN,false
ozdemir,https://ankaraozdemirnakliyat.com/blog/mamak-sokaklarinda-nakliyat-sigortasi-zorluklari-ve-cozumleri,blog_post,IMPROVE,200,true,326,0.0990,0.0957,0.7439,https://ankaraozdemirnakliyat.com/blog/sincan-sokaklarinda-nakliyat-sigortasi-zorluklari-ve-cozumleri,false,false,false,1,50,Mamak Sokaklarında Nakliyat Sigortası Zorlukları ve Çözümleri | Ankara Özdemir Nakliyat,Mamak Sokaklarında Nakliyat Sigortası Zorlukları ve Çözümleri,https://ankaraozdemirnakliyat.com/blog/mamak-sokaklarinda-nakliyat-sigortasi-zorluklari-ve-cozumleri,UNKNOWN,UNKNOWN,UNKNOWN,UNKNOWN,UNKNOWN,false
ozdemir,https://ankaraozdemirnakliyat.com/blog/pursaklar-sokaklarinda-paketleme-hizmetleri-zorluklari-ve-cozumleri,blog_post,IMPROVE,200,true,313,0.1034,0.1000,0.6916,https://ankaraozdemirnakliyat.com/blog/stresten-uzak-bir-paketleme-hizmetleri-mamak-deneyimi,false,false,false,1,50,Pursaklar Sokaklarında Paketleme Hizmetleri Zorlukları ve Çözümleri | Ankara Özdemir Nakliyat,Pursaklar Sokaklarında Paketleme Hizmetleri Zorlukları ve Çözümleri,https://ankaraozdemirnakliyat.com/blog/pursaklar-sokaklarinda-paketleme-hizmetleri-zorluklari-ve-cozumleri,UNKNOWN,UNKNOWN,UNKNOWN,UNKNOWN,UNKNOWN,false
ozdemir,https://ankaraozdemirnakliyat.com/blog/etimesgut-icin-sehir-ici-nakliyat-surecinde-dikkat-edilmesi-gerekenler,blog_post,IMPROVE,200,true,332,0.0965,0.1158,0.7510,https://ankaraozdemirnakliyat.com/blog/etimesgut-ev-ve-is-yeri-sahipleri-icin-sehir-ici-nakliyat-ipuclari,false,false,false,1,50,Etimesgut İçin Şehir İçi Nakliyat Sürecinde Dikkat Edilmesi Gerekenler | Ankara Özdemir Nakliyat,Etimesgut İçin Şehir İçi Nakliyat Sürecinde Dikkat Edilmesi Gerekenler,https://ankaraozdemirnakliyat.com/blog/etimesgut-icin-sehir-ici-nakliyat-surecinde-dikkat-edilmesi-gerekenler,UNKNOWN,UNKNOWN,UNKNOWN,UNKNOWN,UNKNOWN,false
ozdemir,https://ankaraozdemirnakliyat.com/blog/sincan-ev-ve-is-yeri-sahipleri-icin-paketleme-hizmetleri-ipuclari,blog_post,IMPROVE,200,true,332,0.0971,0.1230,0.7813,https://ankaraozdemirnakliyat.com/blog/sincan-uzmanindan-paketleme-hizmetleri-sirlari,false,false,false,1,50,Sincan Ev ve İş Yeri Sahipleri İçin Paketleme Hizmetleri İpuçları | Ankara Özdemir Nakliyat,Sincan Ev ve İş Yeri Sahipleri İçin Paketleme Hizmetleri İpuçları,https://ankaraozdemirnakliyat.com/blog/sincan-ev-ve-is-yeri-sahipleri-icin-paketleme-hizmetleri-ipuclari,UNKNOWN,UNKNOWN,UNKNOWN,UNKNOWN,UNKNOWN,false
ozdemir,https://ankaraozdemirnakliyat.com/blog/altindag-evden-eve-nakliyat-maliyetleri-nasil-dusurulur,blog_post,IMPROVE,200,true,333,0.0968,0.0968,0.8286,https://ankaraozdemirnakliyat.com/blog/tasinma-rehberi-altindag-ve-evden-eve-nakliyat,false,false,false,1,50,Altındağ Evden Eve Nakliyat Maliyetleri Nasıl Düşürülür? | Ankara Özdemir Nakliyat,Altındağ Evden Eve Nakliyat Maliyetleri Nasıl Düşürülür?,https://ankaraozdemirnakliyat.com/blog/altindag-evden-eve-nakliyat-maliyetleri-nasil-dusurulur,UNKNOWN,UNKNOWN,UNKNOWN,UNKNOWN,UNKNOWN,false
ozdemir,https://ankaraozdemirnakliyat.com/blog/etimesgut-sehir-ici-nakliyat-sirasinda-esyalarinizi-nasil-korursunuz,blog_post,IMPROVE,200,true,332,0.0971,0.1392,0.6189,https://ankaraozdemirnakliyat.com/blog/stresten-uzak-bir-nakliyat-sigortasi-etimesgut-deneyimi,false,false,false,1,50,Etimesgut Şehir İçi Nakliyat Sırasında Eşyalarınızı Nasıl Korursunuz? | Ankara Özdemir Nakliyat,Etimesgut Şehir İçi Nakliyat Sırasında Eşyalarınızı Nasıl Korursunuz?,https://ankaraozdemirnakliyat.com/blog/etimesgut-sehir-ici-nakliyat-sirasinda-esyalarinizi-nasil-korursunuz,UNKNOWN,UNKNOWN,UNKNOWN,UNKNOWN,UNKNOWN,false
ozdemir,https://ankaraozdemirnakliyat.com/blog/stresten-uzak-bir-sehirler-arasi-nakliyat-etimesgut-deneyimi,blog_post,IMPROVE,200,true,324,0.1003,0.1104,0.7052,https://ankaraozdemirnakliyat.com/blog/sincan-sehirler-arasi-nakliyat-maliyetleri-nasil-dusurulur,false,false,false,1,50,Stresten Uzak Bir Şehirler Arası Nakliyat: Etimesgut Deneyimi | Ankara Özdemir Nakliyat,Stresten Uzak Bir Şehirler Arası Nakliyat: Etimesgut Deneyimi,https://ankaraozdemirnakliyat.com/blog/stresten-uzak-bir-sehirler-arasi-nakliyat-etimesgut-deneyimi,UNKNOWN,UNKNOWN,UNKNOWN,UNKNOWN,UNKNOWN,false
ozdemir,https://ankaraozdemirnakliyat.com/blog/etimesgut-bolgesinde-nakliyat-sigortasi-icin-5-altin-tavsiye,blog_post,IMPROVE,200,true,313,0.1034,0.1103,0.8043,https://ankaraozdemirnakliyat.com/blog/etimesgut-tasinma-kontrol-listesi-nakliyat-sigortasi,false,false,false,1,50,Etimesgut Bölgesinde Nakliyat Sigortası İçin 5 Altın Tavsiye | Ankara Özdemir Nakliyat,Etimesgut Bölgesinde Nakliyat Sigortası İçin 5 Altın Tavsiye,https://ankaraozdemirnakliyat.com/blog/etimesgut-bolgesinde-nakliyat-sigortasi-icin-5-altin-tavsiye,UNKNOWN,UNKNOWN,UNKNOWN,UNKNOWN,UNKNOWN,false
ozdemir,https://ankaraozdemirnakliyat.com/blog/golbasi-paketleme-hizmetleri-sirasinda-esyalarinizi-nasil-korursunuz,blog_post,IMPROVE,200,true,315,0.1027,0.0993,0.7642,https://ankaraozdemirnakliyat.com/blog/stresten-uzak-bir-evden-eve-nakliyat-golbasi-deneyimi,false,false,false,1,50,Gölbaşı Paketleme Hizmetleri Sırasında Eşyalarınızı Nasıl Korursunuz? | Ankara Özdemir Nakliyat,Gölbaşı Paketleme Hizmetleri Sırasında Eşyalarınızı Nasıl Korursunuz?,https://ankaraozdemirnakliyat.com/blog/golbasi-paketleme-hizmetleri-sirasinda-esyalarinizi-nasil-korursunuz,UNKNOWN,UNKNOWN,UNKNOWN,UNKNOWN,UNKNOWN,false
ozdemir,https://ankaraozdemirnakliyat.com/blog/golbasi-tasinma-kontrol-listesi-paketleme-hizmetleri,blog_post,IMPROVE,200,true,320,0.1003,0.0870,0.6312,https://ankaraozdemirnakliyat.com/blog/tasinma-rehberi-golbasi-ve-parca-esya-tasima,false,false,false,1,50,Gölbaşı Taşınma Kontrol Listesi: Paketleme Hizmetleri | Ankara Özdemir Nakliyat,Gölbaşı Taşınma Kontrol Listesi: Paketleme Hizmetleri,https://ankaraozdemirnakliyat.com/blog/golbasi-tasinma-kontrol-listesi-paketleme-hizmetleri,UNKNOWN,UNKNOWN,UNKNOWN,UNKNOWN,UNKNOWN,false
ozdemir,https://ankaraozdemirnakliyat.com/blog/etimesgut-bolgesinde-paketleme-hizmetleri-icin-5-altin-tavsiye,blog_post,IMPROVE,200,true,320,0.1003,0.1070,0.6667,https://ankaraozdemirnakliyat.com/blog/mamak-bolgesinde-ofis-tasima-icin-5-altin-tavsiye,false,false,false,1,50,Etimesgut Bölgesinde Paketleme Hizmetleri İçin 5 Altın Tavsiye | Ankara Özdemir Nakliyat,Etimesgut Bölgesinde Paketleme Hizmetleri İçin 5 Altın Tavsiye,https://ankaraozdemirnakliyat.com/blog/etimesgut-bolgesinde-paketleme-hizmetleri-icin-5-altin-tavsiye,UNKNOWN,UNKNOWN,UNKNOWN,UNKNOWN,UNKNOWN,false
ozdemir,https://ankaraozdemirnakliyat.com/blog/etimesgut-uzmanindan-sehirler-arasi-nakliyat-sirlari,blog_post,IMPROVE,200,true,321,0.1000,0.0900,0.7440,https://ankaraozdemirnakliyat.com/blog/sincan-uzmanindan-sehirler-arasi-nakliyat-sirlari,false,false,false,1,50,Etimesgut Uzmanından Şehirler Arası Nakliyat Sırları | Ankara Özdemir Nakliyat,Etimesgut Uzmanından Şehirler Arası Nakliyat Sırları,https://ankaraozdemirnakliyat.com/blog/etimesgut-uzmanindan-sehirler-arasi-nakliyat-sirlari,UNKNOWN,UNKNOWN,UNKNOWN,UNKNOWN,UNKNOWN,false
ozdemir,https://ankaraozdemirnakliyat.com/blog/golbasi-sokaklarinda-parca-esya-tasima-zorluklari-ve-cozumleri,blog_post,IMPROVE,200,true,324,0.0997,0.1096,0.6151,https://ankaraozdemirnakliyat.com/blog/golbasi-bolgesinde-sehir-ici-nakliyat-icin-5-altin-tavsiye,false,false,false,1,50,Gölbaşı Sokaklarında Parça Eşya Taşıma Zorlukları ve Çözümleri | Ankara Özdemir Nakliyat,Gölbaşı Sokaklarında Parça Eşya Taşıma Zorlukları ve Çözümleri,https://ankaraozdemirnakliyat.com/blog/golbasi-sokaklarinda-parca-esya-tasima-zorluklari-ve-cozumleri,UNKNOWN,UNKNOWN,UNKNOWN,UNKNOWN,UNKNOWN,false
ozdemir,https://ankaraozdemirnakliyat.com/blog/pursaklar-evden-eve-nakliyat-maliyetleri-nasil-dusurulur,blog_post,IMPROVE,200,true,330,0.0977,0.1303,0.6458,https://ankaraozdemirnakliyat.com/blog/sincan-icin-evden-eve-nakliyat-surecinde-dikkat-edilmesi-gerekenler,false,false,false,1,50,Pursaklar Evden Eve Nakliyat Maliyetleri Nasıl Düşürülür? | Ankara Özdemir Nakliyat,Pursaklar Evden Eve Nakliyat Maliyetleri Nasıl Düşürülür?,https://ankaraozdemirnakliyat.com/blog/pursaklar-evden-eve-nakliyat-maliyetleri-nasil-dusurulur,UNKNOWN,UNKNOWN,UNKNOWN,UNKNOWN,UNKNOWN,false
ozdemir,https://ankaraozdemirnakliyat.com/blog/pursaklar-parca-esya-tasima-maliyetleri-nasil-dusurulur,blog_post,IMPROVE,200,true,319,0.1014,0.1014,0.5878,https://ankaraozdemirnakliyat.com/blog/pursaklar-ev-ve-is-yeri-sahipleri-icin-ofis-tasima-ipuclari,false,false,false,1,50,Pursaklar Parça Eşya Taşıma Maliyetleri Nasıl Düşürülür? | Ankara Özdemir Nakliyat,Pursaklar Parça Eşya Taşıma Maliyetleri Nasıl Düşürülür?,https://ankaraozdemirnakliyat.com/blog/pursaklar-parca-esya-tasima-maliyetleri-nasil-dusurulur,UNKNOWN,UNKNOWN,UNKNOWN,UNKNOWN,UNKNOWN,false
ozdemir,https://ankaraozdemirnakliyat.com/blog/sincan-icin-asansorlu-tasimacilik-surecinde-dikkat-edilmesi-gerekenler,blog_post,IMPROVE,200,true,316,0.1024,0.1092,0.7642,https://ankaraozdemirnakliyat.com/blog/sincan-ev-ve-is-yeri-sahipleri-icin-asansorlu-tasimacilik-ipuclari,false,false,false,1,50,Sincan İçin Asansörlü Taşımacılık Sürecinde Dikkat Edilmesi Gerekenler | Ankara Özdemir Nakliyat,Sincan İçin Asansörlü Taşımacılık Sürecinde Dikkat Edilmesi Gerekenler,https://ankaraozdemirnakliyat.com/blog/sincan-icin-asansorlu-tasimacilik-surecinde-dikkat-edilmesi-gerekenler,UNKNOWN,UNKNOWN,UNKNOWN,UNKNOWN,UNKNOWN,false
ozdemir,https://ankaraozdemirnakliyat.com/blog/altindag-nakliyat-sigortasi-sirasinda-esyalarinizi-nasil-korursunuz,blog_post,IMPROVE,200,true,315,0.1027,0.0993,0.6416,https://ankaraozdemirnakliyat.com/blog/tasinma-rehberi-altindag-ve-asansorlu-tasimacilik,false,false,false,1,50,Altındağ Nakliyat Sigortası Sırasında Eşyalarınızı Nasıl Korursunuz? | Ankara Özdemir Nakliyat,Altındağ Nakliyat Sigortası Sırasında Eşyalarınızı Nasıl Korursunuz?,https://ankaraozdemirnakliyat.com/blog/altindag-nakliyat-sigortasi-sirasinda-esyalarinizi-nasil-korursunuz,UNKNOWN,UNKNOWN,UNKNOWN,UNKNOWN,UNKNOWN,false
ozdemir,https://ankaraozdemirnakliyat.com/blog/etimesgut-ev-ve-is-yeri-sahipleri-icin-evden-eve-nakliyat-ipuclari,blog_post,IMPROVE,200,true,339,0.0949,0.1646,0.6522,https://ankaraozdemirnakliyat.com/blog/etimesgut-ev-ve-is-yeri-sahipleri-icin-parca-esya-tasima-ipuclari,false,false,false,1,50,Etimesgut Ev ve İş Yeri Sahipleri İçin Evden Eve Nakliyat İpuçları | Ankara Özdemir Nakliyat,Etimesgut Ev ve İş Yeri Sahipleri İçin Evden Eve Nakliyat İpuçları,https://ankaraozdemirnakliyat.com/blog/etimesgut-ev-ve-is-yeri-sahipleri-icin-evden-eve-nakliyat-ipuclari,UNKNOWN,UNKNOWN,UNKNOWN,UNKNOWN,UNKNOWN,false
ozdemir,https://ankaraozdemirnakliyat.com/blog/etimesgut-ev-ve-is-yeri-sahipleri-icin-sehir-ici-nakliyat-ipuclari,blog_post,IMPROVE,200,true,338,0.0946,0.1325,0.6037,https://ankaraozdemirnakliyat.com/blog/stresten-uzak-bir-sehir-ici-nakliyat-sincan-deneyimi,false,false,false,1,50,Etimesgut Ev ve İş Yeri Sahipleri İçin Şehir İçi Nakliyat İpuçları | Ankara Özdemir Nakliyat,Etimesgut Ev ve İş Yeri Sahipleri İçin Şehir İçi Nakliyat İpuçları,https://ankaraozdemirnakliyat.com/blog/etimesgut-ev-ve-is-yeri-sahipleri-icin-sehir-ici-nakliyat-ipuclari,UNKNOWN,UNKNOWN,UNKNOWN,UNKNOWN,UNKNOWN,false
ozdemir,https://ankaraozdemirnakliyat.com/blog/golbasi-bolgesinde-sehir-ici-nakliyat-icin-5-altin-tavsiye,blog_post,IMPROVE,200,true,329,0.0980,0.1176,0.5283,https://ankaraozdemirnakliyat.com/blog/stresten-uzak-bir-sehir-ici-nakliyat-golbasi-deneyimi,false,false,false,1,50,Gölbaşı Bölgesinde Şehir İçi Nakliyat İçin 5 Altın Tavsiye | Ankara Özdemir Nakliyat,Gölbaşı Bölgesinde Şehir İçi Nakliyat İçin 5 Altın Tavsiye,https://ankaraozdemirnakliyat.com/blog/golbasi-bolgesinde-sehir-ici-nakliyat-icin-5-altin-tavsiye,UNKNOWN,UNKNOWN,UNKNOWN,UNKNOWN,UNKNOWN,false
ozdemir,https://ankaraozdemirnakliyat.com/blog/golbasi-bolgesinde-nakliyat-sigortasi-icin-5-altin-tavsiye,blog_post,IMPROVE,200,true,329,0.0980,0.5196,0.4740,https://ankaraozdemirnakliyat.com/blog/golbasi-icin-sehirler-arasi-nakliyat-surecinde-dikkat-edilmesi-gerekenler,false,false,false,1,50,Gölbaşı Bölgesinde Nakliyat Sigortası İçin 5 Altın Tavsiye | Ankara Özdemir Nakliyat,Gölbaşı Bölgesinde Nakliyat Sigortası İçin 5 Altın Tavsiye,https://ankaraozdemirnakliyat.com/blog/golbasi-bolgesinde-nakliyat-sigortasi-icin-5-altin-tavsiye,UNKNOWN,UNKNOWN,UNKNOWN,UNKNOWN,UNKNOWN,false
ozdemir,https://ankaraozdemirnakliyat.com/blog/sincan-icin-evden-eve-nakliyat-surecinde-dikkat-edilmesi-gerekenler,blog_post,IMPROVE,200,true,336,0.0958,0.1470,0.7522,https://ankaraozdemirnakliyat.com/blog/sincan-uzmanindan-paketleme-hizmetleri-sirlari,false,false,false,1,50,Sincan İçin Evden Eve Nakliyat Sürecinde Dikkat Edilmesi Gerekenler | Ankara Özdemir Nakliyat,Sincan İçin Evden Eve Nakliyat Sürecinde Dikkat Edilmesi Gerekenler,https://ankaraozdemirnakliyat.com/blog/sincan-icin-evden-eve-nakliyat-surecinde-dikkat-edilmesi-gerekenler,UNKNOWN,UNKNOWN,UNKNOWN,UNKNOWN,UNKNOWN,false
ozdemir,https://ankaraozdemirnakliyat.com/blog/sincan-uzmanindan-sehirler-arasi-nakliyat-sirlari,blog_post,IMPROVE,200,true,324,0.0990,0.0891,0.5941,https://ankaraozdemirnakliyat.com/blog/stresten-uzak-bir-sehir-ici-nakliyat-sincan-deneyimi,false,false,false,1,50,Sincan Uzmanından Şehirler Arası Nakliyat Sırları | Ankara Özdemir Nakliyat,Sincan Uzmanından Şehirler Arası Nakliyat Sırları,https://ankaraozdemirnakliyat.com/blog/sincan-uzmanindan-sehirler-arasi-nakliyat-sirlari,UNKNOWN,UNKNOWN,UNKNOWN,UNKNOWN,UNKNOWN,false
ozdemir,https://ankaraozdemirnakliyat.com/blog/stresten-uzak-bir-sehir-ici-nakliyat-etimesgut-deneyimi,blog_post,IMPROVE,200,true,322,0.1003,0.1104,0.7942,https://ankaraozdemirnakliyat.com/blog/etimesgut-uzmanindan-sehir-ici-nakliyat-sirlari,false,false,false,1,50,Stresten Uzak Bir Şehir İçi Nakliyat: Etimesgut Deneyimi | Ankara Özdemir Nakliyat,Stresten Uzak Bir Şehir İçi Nakliyat: Etimesgut Deneyimi,https://ankaraozdemirnakliyat.com/blog/stresten-uzak-bir-sehir-ici-nakliyat-etimesgut-deneyimi,UNKNOWN,UNKNOWN,UNKNOWN,UNKNOWN,UNKNOWN,false
ozdemir,https://ankaraozdemirnakliyat.com/blog/mamak-uzmanindan-paketleme-hizmetleri-sirlari,blog_post,IMPROVE,200,true,317,0.1014,0.0777,0.7445,https://ankaraozdemirnakliyat.com/blog/mamak-bolgesinde-ofis-tasima-icin-5-altin-tavsiye,false,false,false,1,50,Mamak Uzmanından Paketleme Hizmetleri Sırları | Ankara Özdemir Nakliyat,Mamak Uzmanından Paketleme Hizmetleri Sırları,https://ankaraozdemirnakliyat.com/blog/mamak-uzmanindan-paketleme-hizmetleri-sirlari,UNKNOWN,UNKNOWN,UNKNOWN,UNKNOWN,UNKNOWN,false
ozdemir,https://ankaraozdemirnakliyat.com/blog/sincan-ev-ve-is-yeri-sahipleri-icin-asansorlu-tasimacilik-ipuclari,blog_post,IMPROVE,200,true,322,0.1003,0.1271,0.6032,https://ankaraozdemirnakliyat.com/blog/sincan-tasinma-kontrol-listesi-nakliyat-sigortasi,false,false,false,1,50,Sincan Ev ve İş Yeri Sahipleri İçin Asansörlü Taşımacılık İpuçları | Ankara Özdemir Nakliyat,Sincan Ev ve İş Yeri Sahipleri İçin Asansörlü Taşımacılık İpuçları,https://ankaraozdemirnakliyat.com/blog/sincan-ev-ve-is-yeri-sahipleri-icin-asansorlu-tasimacilik-ipuclari,UNKNOWN,UNKNOWN,UNKNOWN,UNKNOWN,UNKNOWN,false
ozdemir,https://ankaraozdemirnakliyat.com/blog/etimesgut-ev-ve-is-yeri-sahipleri-icin-parca-esya-tasima-ipuclari,blog_post,IMPROVE,200,true,339,0.0949,0.5538,0.5977,https://ankaraozdemirnakliyat.com/blog/stresten-uzak-bir-nakliyat-sigortasi-etimesgut-deneyimi,false,false,false,1,50,Etimesgut Ev ve İş Yeri Sahipleri İçin Parça Eşya Taşıma İpuçları | Ankara Özdemir Nakliyat,Etimesgut Ev ve İş Yeri Sahipleri İçin Parça Eşya Taşıma İpuçları,https://ankaraozdemirnakliyat.com/blog/etimesgut-ev-ve-is-yeri-sahipleri-icin-parca-esya-tasima-ipuclari,UNKNOWN,UNKNOWN,UNKNOWN,UNKNOWN,UNKNOWN,false
ozdemir,https://ankaraozdemirnakliyat.com/blog/etimesgut-tasinma-kontrol-listesi-nakliyat-sigortasi,blog_post,IMPROVE,200,true,307,0.1056,0.0915,0.6113,https://ankaraozdemirnakliyat.com/blog/etimesgut-uzmanindan-sehir-ici-nakliyat-sirlari,false,false,false,1,50,Etimesgut Taşınma Kontrol Listesi: Nakliyat Sigortası | Ankara Özdemir Nakliyat,Etimesgut Taşınma Kontrol Listesi: Nakliyat Sigortası,https://ankaraozdemirnakliyat.com/blog/etimesgut-tasinma-kontrol-listesi-nakliyat-sigortasi,UNKNOWN,UNKNOWN,UNKNOWN,UNKNOWN,UNKNOWN,false
ozdemir,https://ankaraozdemirnakliyat.com/blog/mamak-bolgesinde-parca-esya-tasima-icin-5-altin-tavsiye,blog_post,IMPROVE,200,true,339,0.0949,0.1139,0.4878,https://ankaraozdemirnakliyat.com/blog/stresten-uzak-bir-nakliyat-sigortasi-etimesgut-deneyimi,false,false,false,1,50,Mamak Bölgesinde Parça Eşya Taşıma İçin 5 Altın Tavsiye | Ankara Özdemir Nakliyat,Mamak Bölgesinde Parça Eşya Taşıma İçin 5 Altın Tavsiye,https://ankaraozdemirnakliyat.com/blog/mamak-bolgesinde-parca-esya-tasima-icin-5-altin-tavsiye,UNKNOWN,UNKNOWN,UNKNOWN,UNKNOWN,UNKNOWN,false
ozdemir,https://ankaraozdemirnakliyat.com/blog/stresten-uzak-bir-paketleme-hizmetleri-pursaklar-deneyimi,blog_post,IMPROVE,200,true,316,0.1031,0.1306,0.7080,https://ankaraozdemirnakliyat.com/blog/etimesgut-paketleme-hizmetleri-maliyetleri-nasil-dusurulur,false,false,false,1,50,Stresten Uzak Bir Paketleme Hizmetleri: Pursaklar Deneyimi | Ankara Özdemir Nakliyat,Stresten Uzak Bir Paketleme Hizmetleri: Pursaklar Deneyimi,https://ankaraozdemirnakliyat.com/blog/stresten-uzak-bir-paketleme-hizmetleri-pursaklar-deneyimi,UNKNOWN,UNKNOWN,UNKNOWN,UNKNOWN,UNKNOWN,false
ozdemir,https://ankaraozdemirnakliyat.com/blog/cankaya-ev-ve-is-yeri-sahipleri-icin-nakliyat-sigortasi-ipuclari,blog_post,IMPROVE,200,true,326,0.0990,0.1254,0.7701,https://ankaraozdemirnakliyat.com/blog/cankaya-sokaklarinda-nakliyat-sigortasi-zorluklari-ve-cozumleri,false,false,false,1,50,Çankaya Ev ve İş Yeri Sahipleri İçin Nakliyat Sigortası İpuçları | Ankara Özdemir Nakliyat,Çankaya Ev ve İş Yeri Sahipleri İçin Nakliyat Sigortası İpuçları,https://ankaraozdemirnakliyat.com/blog/cankaya-ev-ve-is-yeri-sahipleri-icin-nakliyat-sigortasi-ipuclari,UNKNOWN,UNKNOWN,UNKNOWN,UNKNOWN,UNKNOWN,false
ozdemir,https://ankaraozdemirnakliyat.com/blog/kecioren-tasinma-kontrol-listesi-sehirler-arasi-nakliyat,blog_post,IMPROVE,200,true,323,0.1007,0.1007,0.6367,https://ankaraozdemirnakliyat.com/blog/kecioren-bolgesinde-nakliyat-sigortasi-icin-5-altin-tavsiye,false,false,false,1,50,Keçiören Taşınma Kontrol Listesi: Şehirler Arası Nakliyat | Ankara Özdemir Nakliyat,Keçiören Taşınma Kontrol Listesi: Şehirler Arası Nakliyat,https://ankaraozdemirnakliyat.com/blog/kecioren-tasinma-kontrol-listesi-sehirler-arasi-nakliyat,UNKNOWN,UNKNOWN,UNKNOWN,UNKNOWN,UNKNOWN,false
ozdemir,https://ankaraozdemirnakliyat.com/blog/stresten-uzak-bir-paketleme-hizmetleri-kecioren-deneyimi,blog_post,IMPROVE,200,true,320,0.1003,0.4916,0.7755,https://ankaraozdemirnakliyat.com/blog/kecioren-bolgesinde-evden-eve-nakliyat-icin-5-altin-tavsiye,false,false,false,1,50,Stresten Uzak Bir Paketleme Hizmetleri: Keçiören Deneyimi | Ankara Özdemir Nakliyat,Stresten Uzak Bir Paketleme Hizmetleri: Keçiören Deneyimi,https://ankaraozdemirnakliyat.com/blog/stresten-uzak-bir-paketleme-hizmetleri-kecioren-deneyimi,UNKNOWN,UNKNOWN,UNKNOWN,UNKNOWN,UNKNOWN,false
ozdemir,https://ankaraozdemirnakliyat.com/blog/sincan-sokaklarinda-nakliyat-sigortasi-zorluklari-ve-cozumleri,blog_post,IMPROVE,200,true,323,0.1000,0.1267,0.6367,https://ankaraozdemirnakliyat.com/blog/stresten-uzak-bir-nakliyat-sigortasi-etimesgut-deneyimi,false,false,false,1,50,Sincan Sokaklarında Nakliyat Sigortası Zorlukları ve Çözümleri | Ankara Özdemir Nakliyat,Sincan Sokaklarında Nakliyat Sigortası Zorlukları ve Çözümleri,https://ankaraozdemirnakliyat.com/blog/sincan-sokaklarinda-nakliyat-sigortasi-zorluklari-ve-cozumleri,UNKNOWN,UNKNOWN,UNKNOWN,UNKNOWN,UNKNOWN,false
ozdemir,https://ankaraozdemirnakliyat.com/blog/tasinma-rehberi-altindag-ve-evden-eve-nakliyat,blog_post,IMPROVE,200,true,333,0.0968,0.0968,0.5102,https://ankaraozdemirnakliyat.com/blog/altindag-ofis-tasima-maliyetleri-nasil-dusurulur,false,false,false,1,50,Taşınma Rehberi: Altındağ ve Evden Eve Nakliyat | Ankara Özdemir Nakliyat,Taşınma Rehberi: Altındağ ve Evden Eve Nakliyat,https://ankaraozdemirnakliyat.com/blog/tasinma-rehberi-altindag-ve-evden-eve-nakliyat,UNKNOWN,UNKNOWN,UNKNOWN,UNKNOWN,UNKNOWN,false
ozdemir,https://ankaraozdemirnakliyat.com/blog/cankaya-sokaklarinda-nakliyat-sigortasi-zorluklari-ve-cozumleri,blog_post,IMPROVE,200,true,317,0.1020,0.0986,0.6581,https://ankaraozdemirnakliyat.com/blog/cankaya-bolgesinde-evden-eve-nakliyat-icin-5-altin-tavsiye,false,false,false,1,50,Çankaya Sokaklarında Nakliyat Sigortası Zorlukları ve Çözümleri | Ankara Özdemir Nakliyat,Çankaya Sokaklarında Nakliyat Sigortası Zorlukları ve Çözümleri,https://ankaraozdemirnakliyat.com/blog/cankaya-sokaklarinda-nakliyat-sigortasi-zorluklari-ve-cozumleri,UNKNOWN,UNKNOWN,UNKNOWN,UNKNOWN,UNKNOWN,false
ozdemir,https://ankaraozdemirnakliyat.com/blog/polatli-bolgesinde-nakliyat-sigortasi-icin-5-altin-tavsiye,blog_post,IMPROVE,200,true,322,0.1003,0.1070,0.8047,https://ankaraozdemirnakliyat.com/blog/polatli-uzmanindan-nakliyat-sigortasi-sirlari,false,false,false,1,50,Polatlı Bölgesinde Nakliyat Sigortası İçin 5 Altın Tavsiye | Ankara Özdemir Nakliyat,Polatlı Bölgesinde Nakliyat Sigortası İçin 5 Altın Tavsiye,https://ankaraozdemirnakliyat.com/blog/polatli-bolgesinde-nakliyat-sigortasi-icin-5-altin-tavsiye,UNKNOWN,UNKNOWN,UNKNOWN,UNKNOWN,UNKNOWN,false
ozdemir,https://ankaraozdemirnakliyat.com/blog/kecioren-icin-evden-eve-nakliyat-surecinde-dikkat-edilmesi-gerekenler,blog_post,IMPROVE,200,true,326,0.0990,0.1188,0.6604,https://ankaraozdemirnakliyat.com/blog/tasinma-rehberi-kecioren-ve-nakliyat-sigortasi,false,false,false,1,50,Keçiören İçin Evden Eve Nakliyat Sürecinde Dikkat Edilmesi Gerekenler | Ankara Özdemir Nakliyat,Keçiören İçin Evden Eve Nakliyat Sürecinde Dikkat Edilmesi Gerekenler,https://ankaraozdemirnakliyat.com/blog/kecioren-icin-evden-eve-nakliyat-surecinde-dikkat-edilmesi-gerekenler,UNKNOWN,UNKNOWN,UNKNOWN,UNKNOWN,UNKNOWN,false
ozdemir,https://ankaraozdemirnakliyat.com/blog/sincan-uzmanindan-evden-eve-nakliyat-sirlari,blog_post,IMPROVE,200,true,323,0.0993,0.0894,0.6056,https://ankaraozdemirnakliyat.com/blog/pursaklar-ofis-tasima-maliyetleri-nasil-dusurulur,false,false,false,1,50,Sincan Uzmanından Evden Eve Nakliyat Sırları | Ankara Özdemir Nakliyat,Sincan Uzmanından Evden Eve Nakliyat Sırları,https://ankaraozdemirnakliyat.com/blog/sincan-uzmanindan-evden-eve-nakliyat-sirlari,UNKNOWN,UNKNOWN,UNKNOWN,UNKNOWN,UNKNOWN,false
ozdemir,https://ankaraozdemirnakliyat.com/blog/sincan-sehirler-arasi-nakliyat-maliyetleri-nasil-dusurulur,blog_post,IMPROVE,200,true,323,0.1007,0.1342,0.6061,https://ankaraozdemirnakliyat.com/blog/sincan-bolgesinde-asansorlu-tasimacilik-icin-5-altin-tavsiye,false,false,false,1,50,Sincan Şehirler Arası Nakliyat Maliyetleri Nasıl Düşürülür? | Ankara Özdemir Nakliyat,Sincan Şehirler Arası Nakliyat Maliyetleri Nasıl Düşürülür?,https://ankaraozdemirnakliyat.com/blog/sincan-sehirler-arasi-nakliyat-maliyetleri-nasil-dusurulur,UNKNOWN,UNKNOWN,UNKNOWN,UNKNOWN,UNKNOWN,false
ozdemir,https://ankaraozdemirnakliyat.com/blog/altindag-ev-ve-is-yeri-sahipleri-icin-parca-esya-tasima-ipuclari,blog_post,IMPROVE,200,true,337,0.0962,0.1667,0.5127,https://ankaraozdemirnakliyat.com/blog/stresten-uzak-bir-parca-esya-tasima-altindag-deneyimi,false,false,false,1,50,Altındağ Ev ve İş Yeri Sahipleri İçin Parça Eşya Taşıma İpuçları | Ankara Özdemir Nakliyat,Altındağ Ev ve İş Yeri Sahipleri İçin Parça Eşya Taşıma İpuçları,https://ankaraozdemirnakliyat.com/blog/altindag-ev-ve-is-yeri-sahipleri-icin-parca-esya-tasima-ipuclari,UNKNOWN,UNKNOWN,UNKNOWN,UNKNOWN,UNKNOWN,false
ozdemir,https://ankaraozdemirnakliyat.com/blog/cankaya-paketleme-hizmetleri-maliyetleri-nasil-dusurulur,blog_post,IMPROVE,200,true,317,0.1027,0.1199,0.7782,https://ankaraozdemirnakliyat.com/blog/stresten-uzak-bir-evden-eve-nakliyat-cankaya-deneyimi,false,false,false,1,50,Çankaya Paketleme Hizmetleri Maliyetleri Nasıl Düşürülür? | Ankara Özdemir Nakliyat,Çankaya Paketleme Hizmetleri Maliyetleri Nasıl Düşürülür?,https://ankaraozdemirnakliyat.com/blog/cankaya-paketleme-hizmetleri-maliyetleri-nasil-dusurulur,UNKNOWN,UNKNOWN,UNKNOWN,UNKNOWN,UNKNOWN,false
ozdemir,https://ankaraozdemirnakliyat.com/blog/etimesgut-tasinma-kontrol-listesi-asansorlu-tasimacilik,blog_post,IMPROVE,200,true,311,0.1049,0.1224,0.6844,https://ankaraozdemirnakliyat.com/blog/sincan-bolgesinde-asansorlu-tasimacilik-icin-5-altin-tavsiye,false,false,false,1,50,Etimesgut Taşınma Kontrol Listesi: Asansörlü Taşımacılık | Ankara Özdemir Nakliyat,Etimesgut Taşınma Kontrol Listesi: Asansörlü Taşımacılık,https://ankaraozdemirnakliyat.com/blog/etimesgut-tasinma-kontrol-listesi-asansorlu-tasimacilik,UNKNOWN,UNKNOWN,UNKNOWN,UNKNOWN,UNKNOWN,false
ozdemir,https://ankaraozdemirnakliyat.com/blog/etimesgut-paketleme-hizmetleri-maliyetleri-nasil-dusurulur,blog_post,IMPROVE,200,true,311,0.1049,0.1224,0.5305,https://ankaraozdemirnakliyat.com/blog/mamak-icin-nakliyat-sigortasi-surecinde-dikkat-edilmesi-gerekenler,false,false,false,1,50,Etimesgut Paketleme Hizmetleri Maliyetleri Nasıl Düşürülür? | Ankara Özdemir Nakliyat,Etimesgut Paketleme Hizmetleri Maliyetleri Nasıl Düşürülür?,https://ankaraozdemirnakliyat.com/blog/etimesgut-paketleme-hizmetleri-maliyetleri-nasil-dusurulur,UNKNOWN,UNKNOWN,UNKNOWN,UNKNOWN,UNKNOWN,false
ozdemir,https://ankaraozdemirnakliyat.com/blog/pursaklar-bolgesinde-nakliyat-sigortasi-icin-5-altin-tavsiye,blog_post,IMPROVE,200,true,319,0.1020,0.1395,0.6816,https://ankaraozdemirnakliyat.com/blog/mamak-icin-nakliyat-sigortasi-surecinde-dikkat-edilmesi-gerekenler,false,false,false,1,50,Pursaklar Bölgesinde Nakliyat Sigortası İçin 5 Altın Tavsiye | Ankara Özdemir Nakliyat,Pursaklar Bölgesinde Nakliyat Sigortası İçin 5 Altın Tavsiye,https://ankaraozdemirnakliyat.com/blog/pursaklar-bolgesinde-nakliyat-sigortasi-icin-5-altin-tavsiye,UNKNOWN,UNKNOWN,UNKNOWN,UNKNOWN,UNKNOWN,false
ozdemir,https://ankaraozdemirnakliyat.com/blog/altindag-bolgesinde-sehir-ici-nakliyat-icin-5-altin-tavsiye,blog_post,IMPROVE,200,true,330,0.0977,0.1173,0.7962,https://ankaraozdemirnakliyat.com/blog/stresten-uzak-bir-sehir-ici-nakliyat-altindag-deneyimi,false,false,false,1,50,Altındağ Bölgesinde Şehir İçi Nakliyat İçin 5 Altın Tavsiye | Ankara Özdemir Nakliyat,Altındağ Bölgesinde Şehir İçi Nakliyat İçin 5 Altın Tavsiye,https://ankaraozdemirnakliyat.com/blog/altindag-bolgesinde-sehir-ici-nakliyat-icin-5-altin-tavsiye,UNKNOWN,UNKNOWN,UNKNOWN,UNKNOWN,UNKNOWN,false
ozdemir,https://ankaraozdemirnakliyat.com/blog/tasinma-rehberi-altindag-ve-asansorlu-tasimacilik,blog_post,IMPROVE,200,true,312,0.1038,0.0900,0.6348,https://ankaraozdemirnakliyat.com/blog/stresten-uzak-bir-parca-esya-tasima-altindag-deneyimi,false,false,false,1,50,Taşınma Rehberi: Altındağ ve Asansörlü Taşımacılık | Ankara Özdemir Nakliyat,Taşınma Rehberi: Altındağ ve Asansörlü Taşımacılık,https://ankaraozdemirnakliyat.com/blog/tasinma-rehberi-altindag-ve-asansorlu-tasimacilik,UNKNOWN,UNKNOWN,UNKNOWN,UNKNOWN,UNKNOWN,false
ozdemir,https://ankaraozdemirnakliyat.com/blog/kecioren-bolgesinde-evden-eve-nakliyat-icin-5-altin-tavsiye,blog_post,IMPROVE,200,true,333,0.0962,0.1154,0.4294,https://ankaraozdemirnakliyat.com/blog/tasinma-rehberi-kecioren-ve-parca-esya-tasima,false,false,false,1,50,Keçiören Bölgesinde Evden Eve Nakliyat İçin 5 Altın Tavsiye | Ankara Özdemir Nakliyat,Keçiören Bölgesinde Evden Eve Nakliyat İçin 5 Altın Tavsiye,https://ankaraozdemirnakliyat.com/blog/kecioren-bolgesinde-evden-eve-nakliyat-icin-5-altin-tavsiye,UNKNOWN,UNKNOWN,UNKNOWN,UNKNOWN,UNKNOWN,false
ozdemir,https://ankaraozdemirnakliyat.com/blog/mamak-uzmanindan-sehir-ici-nakliyat-sirlari,blog_post,IMPROVE,200,true,329,0.0974,0.0877,0.6292,https://ankaraozdemirnakliyat.com/blog/stresten-uzak-bir-sehir-ici-nakliyat-sincan-deneyimi,false,false,false,1,50,Mamak Uzmanından Şehir İçi Nakliyat Sırları | Ankara Özdemir Nakliyat,Mamak Uzmanından Şehir İçi Nakliyat Sırları,https://ankaraozdemirnakliyat.com/blog/mamak-uzmanindan-sehir-ici-nakliyat-sirlari,UNKNOWN,UNKNOWN,UNKNOWN,UNKNOWN,UNKNOWN,false
ozdemir,https://ankaraozdemirnakliyat.com/blog/cankaya-uzmanindan-sehir-ici-nakliyat-sirlari,blog_post,IMPROVE,200,true,322,0.1003,0.0903,0.5248,https://ankaraozdemirnakliyat.com/blog/tasinma-rehberi-cankaya-ve-sehir-ici-nakliyat,false,false,false,1,50,Çankaya Uzmanından Şehir İçi Nakliyat Sırları | Ankara Özdemir Nakliyat,Çankaya Uzmanından Şehir İçi Nakliyat Sırları,https://ankaraozdemirnakliyat.com/blog/cankaya-uzmanindan-sehir-ici-nakliyat-sirlari,UNKNOWN,UNKNOWN,UNKNOWN,UNKNOWN,UNKNOWN,false
ozdemir,https://ankaraozdemirnakliyat.com/blog/etimesgut-uzmanindan-sehir-ici-nakliyat-sirlari,blog_post,IMPROVE,200,true,316,0.1024,0.0922,0.4929,https://ankaraozdemirnakliyat.com/blog/pursaklar-ev-ve-is-yeri-sahipleri-icin-ofis-tasima-ipuclari,false,false,false,1,50,Etimesgut Uzmanından Şehir İçi Nakliyat Sırları | Ankara Özdemir Nakliyat,Etimesgut Uzmanından Şehir İçi Nakliyat Sırları,https://ankaraozdemirnakliyat.com/blog/etimesgut-uzmanindan-sehir-ici-nakliyat-sirlari,UNKNOWN,UNKNOWN,UNKNOWN,UNKNOWN,UNKNOWN,false
ozdemir,https://ankaraozdemirnakliyat.com/blog/stresten-uzak-bir-nakliyat-sigortasi-etimesgut-deneyimi,blog_post,IMPROVE,200,true,320,0.1010,0.1279,0.5000,https://ankaraozdemirnakliyat.com/blog/sincan-uzmanindan-paketleme-hizmetleri-sirlari,false,false,false,1,50,Stresten Uzak Bir Nakliyat Sigortası: Etimesgut Deneyimi | Ankara Özdemir Nakliyat,Stresten Uzak Bir Nakliyat Sigortası: Etimesgut Deneyimi,https://ankaraozdemirnakliyat.com/blog/stresten-uzak-bir-nakliyat-sigortasi-etimesgut-deneyimi,UNKNOWN,UNKNOWN,UNKNOWN,UNKNOWN,UNKNOWN,false
ozdemir,https://ankaraozdemirnakliyat.com/blog/tasinma-rehberi-kecioren-ve-parca-esya-tasima,blog_post,IMPROVE,200,true,326,0.0984,0.0984,0.5446,https://ankaraozdemirnakliyat.com/blog/stresten-uzak-bir-parca-esya-tasima-kecioren-deneyimi,false,false,false,1,50,Taşınma Rehberi: Keçiören ve Parça Eşya Taşıma | Ankara Özdemir Nakliyat,Taşınma Rehberi: Keçiören ve Parça Eşya Taşıma,https://ankaraozdemirnakliyat.com/blog/tasinma-rehberi-kecioren-ve-parca-esya-tasima,UNKNOWN,UNKNOWN,UNKNOWN,UNKNOWN,UNKNOWN,false
ozdemir,https://ankaraozdemirnakliyat.com/blog/stresten-uzak-bir-parca-esya-tasima-kecioren-deneyimi,blog_post,IMPROVE,200,true,322,0.1003,0.1104,0.7985,https://ankaraozdemirnakliyat.com/blog/kecioren-uzmanindan-parca-esya-tasima-sirlari,false,false,false,1,50,Stresten Uzak Bir Parça Eşya Taşıma: Keçiören Deneyimi | Ankara Özdemir Nakliyat,Stresten Uzak Bir Parça Eşya Taşıma: Keçiören Deneyimi,https://ankaraozdemirnakliyat.com/blog/stresten-uzak-bir-parca-esya-tasima-kecioren-deneyimi,UNKNOWN,UNKNOWN,UNKNOWN,UNKNOWN,UNKNOWN,false
ozdemir,https://ankaraozdemirnakliyat.com/blog/cankaya-bolgesinde-evden-eve-nakliyat-icin-5-altin-tavsiye,blog_post,IMPROVE,200,true,330,0.0977,0.1173,0.5571,https://ankaraozdemirnakliyat.com/blog/stresten-uzak-bir-evden-eve-nakliyat-cankaya-deneyimi,false,false,false,1,50,Çankaya Bölgesinde Evden Eve Nakliyat İçin 5 Altın Tavsiye | Ankara Özdemir Nakliyat,Çankaya Bölgesinde Evden Eve Nakliyat İçin 5 Altın Tavsiye,https://ankaraozdemirnakliyat.com/blog/cankaya-bolgesinde-evden-eve-nakliyat-icin-5-altin-tavsiye,UNKNOWN,UNKNOWN,UNKNOWN,UNKNOWN,UNKNOWN,false
ozdemir,https://ankaraozdemirnakliyat.com/blog/pursaklar-ofis-tasima-maliyetleri-nasil-dusurulur,blog_post,IMPROVE,200,true,316,0.1017,0.0881,0.4888,https://ankaraozdemirnakliyat.com/blog/pursaklar-ev-ve-is-yeri-sahipleri-icin-ofis-tasima-ipuclari,false,false,false,14,50,Pursaklar Ofis Taşıma Maliyetleri Nasıl Düşürülür? | Ankara Özdemir Nakliyat,Pursaklar Ofis Taşıma Maliyetleri Nasıl Düşürülür?,https://ankaraozdemirnakliyat.com/blog/pursaklar-ofis-tasima-maliyetleri-nasil-dusurulur,UNKNOWN,UNKNOWN,UNKNOWN,UNKNOWN,UNKNOWN,false
ozdemir,https://ankaraozdemirnakliyat.com/blog/stresten-uzak-bir-sehir-ici-nakliyat-sincan-deneyimi,blog_post,IMPROVE,200,true,332,0.0965,0.5080,0.5953,https://ankaraozdemirnakliyat.com/blog/sincan-ev-ve-is-yeri-sahipleri-icin-ofis-tasima-ipuclari,false,false,false,1,50,Stresten Uzak Bir Şehir İçi Nakliyat: Sincan Deneyimi | Ankara Özdemir Nakliyat,Stresten Uzak Bir Şehir İçi Nakliyat: Sincan Deneyimi,https://ankaraozdemirnakliyat.com/blog/stresten-uzak-bir-sehir-ici-nakliyat-sincan-deneyimi,UNKNOWN,UNKNOWN,UNKNOWN,UNKNOWN,UNKNOWN,false
ozdemir,https://ankaraozdemirnakliyat.com/blog/mamak-icin-nakliyat-sigortasi-surecinde-dikkat-edilmesi-gerekenler,blog_post,IMPROVE,200,true,321,0.1014,0.1081,0.5865,https://ankaraozdemirnakliyat.com/blog/mamak-ev-ve-is-yeri-sahipleri-icin-parca-esya-tasima-ipuclari,false,false,false,1,50,Mamak İçin Nakliyat Sigortası Sürecinde Dikkat Edilmesi Gerekenler | Ankara Özdemir Nakliyat,Mamak İçin Nakliyat Sigortası Sürecinde Dikkat Edilmesi Gerekenler,https://ankaraozdemirnakliyat.com/blog/mamak-icin-nakliyat-sigortasi-surecinde-dikkat-edilmesi-gerekenler,UNKNOWN,UNKNOWN,UNKNOWN,UNKNOWN,UNKNOWN,false
ozdemir,https://ankaraozdemirnakliyat.com/blog/sincan-bolgesinde-asansorlu-tasimacilik-icin-5-altin-tavsiye,blog_post,IMPROVE,200,true,319,0.1020,0.1395,0.4877,https://ankaraozdemirnakliyat.com/blog/mamak-ev-ve-is-yeri-sahipleri-icin-parca-esya-tasima-ipuclari,false,false,false,1,50,Sincan Bölgesinde Asansörlü Taşımacılık İçin 5 Altın Tavsiye | Ankara Özdemir Nakliyat,Sincan Bölgesinde Asansörlü Taşımacılık İçin 5 Altın Tavsiye,https://ankaraozdemirnakliyat.com/blog/sincan-bolgesinde-asansorlu-tasimacilik-icin-5-altin-tavsiye,UNKNOWN,UNKNOWN,UNKNOWN,UNKNOWN,UNKNOWN,false
ozdemir,https://ankaraozdemirnakliyat.com/blog/stresten-uzak-bir-sehir-ici-nakliyat-altindag-deneyimi,blog_post,IMPROVE,200,true,327,0.0987,0.1086,0.6263,https://ankaraozdemirnakliyat.com/blog/stresten-uzak-bir-parca-esya-tasima-altindag-deneyimi,false,false,false,1,50,Stresten Uzak Bir Şehir İçi Nakliyat: Altındağ Deneyimi | Ankara Özdemir Nakliyat,Stresten Uzak Bir Şehir İçi Nakliyat: Altındağ Deneyimi,https://ankaraozdemirnakliyat.com/blog/stresten-uzak-bir-sehir-ici-nakliyat-altindag-deneyimi,UNKNOWN,UNKNOWN,UNKNOWN,UNKNOWN,UNKNOWN,false
ozdemir,https://ankaraozdemirnakliyat.com/blog/tasinma-rehberi-golbasi-ve-parca-esya-tasima,blog_post,IMPROVE,200,true,330,0.0971,0.0971,0.4251,https://ankaraozdemirnakliyat.com/blog/golbasi-tasinma-kontrol-listesi-ofis-tasima,false,false,false,1,50,Taşınma Rehberi: Gölbaşı ve Parça Eşya Taşıma | Ankara Özdemir Nakliyat,Taşınma Rehberi: Gölbaşı ve Parça Eşya Taşıma,https://ankaraozdemirnakliyat.com/blog/tasinma-rehberi-golbasi-ve-parca-esya-tasima,UNKNOWN,UNKNOWN,UNKNOWN,UNKNOWN,UNKNOWN,false
ozdemir,https://ankaraozdemirnakliyat.com/blog/stresten-uzak-bir-paketleme-hizmetleri-mamak-deneyimi,blog_post,IMPROVE,200,true,315,0.1027,0.0993,0.7710,https://ankaraozdemirnakliyat.com/blog/mamak-icin-ofis-tasima-surecinde-dikkat-edilmesi-gerekenler,false,false,false,1,50,Stresten Uzak Bir Paketleme Hizmetleri: Mamak Deneyimi | Ankara Özdemir Nakliyat,Stresten Uzak Bir Paketleme Hizmetleri: Mamak Deneyimi,https://ankaraozdemirnakliyat.com/blog/stresten-uzak-bir-paketleme-hizmetleri-mamak-deneyimi,UNKNOWN,UNKNOWN,UNKNOWN,UNKNOWN,UNKNOWN,false
ozdemir,https://ankaraozdemirnakliyat.com/blog/pursaklar-ev-ve-is-yeri-sahipleri-icin-ofis-tasima-ipuclari,blog_post,IMPROVE,200,true,321,0.1007,0.1275,0.4644,https://ankaraozdemirnakliyat.com/blog/pursaklar-bolgesinde-paketleme-hizmetleri-icin-5-altin-tavsiye,false,false,false,14,50,Pursaklar Ev ve İş Yeri Sahipleri İçin Ofis Taşıma İpuçları | Ankara Özdemir Nakliyat,Pursaklar Ev ve İş Yeri Sahipleri İçin Ofis Taşıma İpuçları,https://ankaraozdemirnakliyat.com/blog/pursaklar-ev-ve-is-yeri-sahipleri-icin-ofis-tasima-ipuclari,UNKNOWN,UNKNOWN,UNKNOWN,UNKNOWN,UNKNOWN,false
ozdemir,https://ankaraozdemirnakliyat.com/blog/sincan-uzmanindan-paketleme-hizmetleri-sirlari,blog_post,IMPROVE,200,true,317,0.1020,0.0782,0.4453,https://ankaraozdemirnakliyat.com/blog/sincan-ev-ve-is-yeri-sahipleri-icin-ofis-tasima-ipuclari,false,false,false,1,50,Sincan Uzmanından Paketleme Hizmetleri Sırları | Ankara Özdemir Nakliyat,Sincan Uzmanından Paketleme Hizmetleri Sırları,https://ankaraozdemirnakliyat.com/blog/sincan-uzmanindan-paketleme-hizmetleri-sirlari,UNKNOWN,UNKNOWN,UNKNOWN,UNKNOWN,UNKNOWN,false
ozdemir,https://ankaraozdemirnakliyat.com/blog/altindag-sokaklarinda-sehirler-arasi-nakliyat-zorluklari-ve-cozumleri,blog_post,IMPROVE,200,true,319,0.1014,0.5270,0.6068,https://ankaraozdemirnakliyat.com/blog/altindag-ev-ve-is-yeri-sahipleri-icin-nakliyat-sigortasi-ipuclari,false,false,false,1,50,Altındağ Sokaklarında Şehirler Arası Nakliyat Zorlukları ve Çözümleri | Ankara Özdemir Nakliyat,Altındağ Sokaklarında Şehirler Arası Nakliyat Zorlukları ve Çözümleri,https://ankaraozdemirnakliyat.com/blog/altindag-sokaklarinda-sehirler-arasi-nakliyat-zorluklari-ve-cozumleri,UNKNOWN,UNKNOWN,UNKNOWN,UNKNOWN,UNKNOWN,false
ozdemir,https://ankaraozdemirnakliyat.com/blog/cankaya-ev-ve-is-yeri-sahipleri-icin-ofis-tasima-ipuclari,blog_post,IMPROVE,200,true,338,0.0952,0.1492,0.5100,https://ankaraozdemirnakliyat.com/blog/tasinma-rehberi-cankaya-ve-ofis-tasima,false,false,false,4,50,Çankaya Ev ve İş Yeri Sahipleri İçin Ofis Taşıma İpuçları | Ankara Özdemir Nakliyat,Çankaya Ev ve İş Yeri Sahipleri İçin Ofis Taşıma İpuçları,https://ankaraozdemirnakliyat.com/blog/cankaya-ev-ve-is-yeri-sahipleri-icin-ofis-tasima-ipuclari,UNKNOWN,UNKNOWN,UNKNOWN,UNKNOWN,UNKNOWN,false
ozdemir,https://ankaraozdemirnakliyat.com/blog/stresten-uzak-bir-parca-esya-tasima-altindag-deneyimi,blog_post,IMPROVE,200,true,325,0.0993,0.1093,0.6170,https://ankaraozdemirnakliyat.com/blog/altindag-sokaklarinda-ofis-tasima-zorluklari-ve-cozumleri,false,false,false,1,50,Stresten Uzak Bir Parça Eşya Taşıma: Altındağ Deneyimi | Ankara Özdemir Nakliyat,Stresten Uzak Bir Parça Eşya Taşıma: Altındağ Deneyimi,https://ankaraozdemirnakliyat.com/blog/stresten-uzak-bir-parca-esya-tasima-altindag-deneyimi,UNKNOWN,UNKNOWN,UNKNOWN,UNKNOWN,UNKNOWN,false
ozdemir,https://ankaraozdemirnakliyat.com/blog/stresten-uzak-bir-evden-eve-nakliyat-cankaya-deneyimi,blog_post,IMPROVE,200,true,330,0.0984,0.1410,0.6464,https://ankaraozdemirnakliyat.com/blog/tasinma-rehberi-cankaya-ve-sehir-ici-nakliyat,false,false,false,1,50,Stresten Uzak Bir Evden Eve Nakliyat: Çankaya Deneyimi | Ankara Özdemir Nakliyat,Stresten Uzak Bir Evden Eve Nakliyat: Çankaya Deneyimi,https://ankaraozdemirnakliyat.com/blog/stresten-uzak-bir-evden-eve-nakliyat-cankaya-deneyimi,UNKNOWN,UNKNOWN,UNKNOWN,UNKNOWN,UNKNOWN,false
ozdemir,https://ankaraozdemirnakliyat.com/blog/polatli-tasinma-kontrol-listesi-ofis-tasima,blog_post,IMPROVE,200,true,326,0.0984,0.0852,0.5382,https://ankaraozdemirnakliyat.com/blog/polatli-sokaklarinda-ofis-tasima-zorluklari-ve-cozumleri,false,false,false,1,50,Polatlı Taşınma Kontrol Listesi: Ofis Taşıma | Ankara Özdemir Nakliyat,Polatlı Taşınma Kontrol Listesi: Ofis Taşıma,https://ankaraozdemirnakliyat.com/blog/polatli-tasinma-kontrol-listesi-ofis-tasima,UNKNOWN,UNKNOWN,UNKNOWN,UNKNOWN,UNKNOWN,false
ozdemir,https://ankaraozdemirnakliyat.com/blog/yenimahalle-icin-asansorlu-tasimacilik-surecinde-dikkat-edilmesi-gerekenler,blog_post,IMPROVE,200,true,313,0.0414,0.1103,0.6680,https://ankaraozdemirnakliyat.com/blog/yenimahalle-sokaklarinda-evden-eve-nakliyat-zorluklari-ve-cozumleri,false,false,false,1,50,Yenimahalle İçin Asansörlü Taşımacılık Sürecinde Dikkat Edilmesi Gerekenler | Ankara Özdemir Nakliyat,Yenimahalle İçin Asansörlü Taşımacılık Sürecinde Dikkat Edilmesi Gerekenler,https://ankaraozdemirnakliyat.com/blog/yenimahalle-icin-asansorlu-tasimacilik-surecinde-dikkat-edilmesi-gerekenler,UNKNOWN,UNKNOWN,UNKNOWN,UNKNOWN,UNKNOWN,false
ozdemir,https://ankaraozdemirnakliyat.com/blog/tasinma-rehberi-cankaya-ve-ofis-tasima,blog_post,IMPROVE,200,true,322,0.0997,0.0864,0.3412,https://ankaraozdemirnakliyat.com/blog/golbasi-tasinma-kontrol-listesi-ofis-tasima,false,false,false,1,50,Taşınma Rehberi: Çankaya ve Ofis Taşıma | Ankara Özdemir Nakliyat,Taşınma Rehberi: Çankaya ve Ofis Taşıma,https://ankaraozdemirnakliyat.com/blog/tasinma-rehberi-cankaya-ve-ofis-tasima,UNKNOWN,UNKNOWN,UNKNOWN,UNKNOWN,UNKNOWN,false
ozdemir,https://ankaraozdemirnakliyat.com/blog/stresten-uzak-bir-evden-eve-nakliyat-golbasi-deneyimi,blog_post,IMPROVE,200,true,325,0.0993,0.1093,0.4487,https://ankaraozdemirnakliyat.com/blog/stresten-uzak-bir-sehir-ici-nakliyat-golbasi-deneyimi,false,false,false,1,50,Stresten Uzak Bir Evden Eve Nakliyat: Gölbaşı Deneyimi | Ankara Özdemir Nakliyat,Stresten Uzak Bir Evden Eve Nakliyat: Gölbaşı Deneyimi,https://ankaraozdemirnakliyat.com/blog/stresten-uzak-bir-evden-eve-nakliyat-golbasi-deneyimi,UNKNOWN,UNKNOWN,UNKNOWN,UNKNOWN,UNKNOWN,false
ozdemir,https://ankaraozdemirnakliyat.com/blog/kecioren-bolgesinde-nakliyat-sigortasi-icin-5-altin-tavsiye,blog_post,IMPROVE,200,true,319,0.1020,0.1395,0.6276,https://ankaraozdemirnakliyat.com/blog/stresten-uzak-bir-sehir-ici-nakliyat-kecioren-deneyimi,false,false,false,1,50,Keçiören Bölgesinde Nakliyat Sigortası İçin 5 Altın Tavsiye | Ankara Özdemir Nakliyat,Keçiören Bölgesinde Nakliyat Sigortası İçin 5 Altın Tavsiye,https://ankaraozdemirnakliyat.com/blog/kecioren-bolgesinde-nakliyat-sigortasi-icin-5-altin-tavsiye,UNKNOWN,UNKNOWN,UNKNOWN,UNKNOWN,UNKNOWN,false
ozdemir,https://ankaraozdemirnakliyat.com/blog/golbasi-tasinma-kontrol-listesi-ofis-tasima,blog_post,IMPROVE,200,true,319,0.1007,0.4832,0.4856,https://ankaraozdemirnakliyat.com/blog/golbasi-bolgesinde-asansorlu-tasimacilik-icin-5-altin-tavsiye,false,false,false,1,50,Gölbaşı Taşınma Kontrol Listesi: Ofis Taşıma | Ankara Özdemir Nakliyat,Gölbaşı Taşınma Kontrol Listesi: Ofis Taşıma,https://ankaraozdemirnakliyat.com/blog/golbasi-tasinma-kontrol-listesi-ofis-tasima,UNKNOWN,UNKNOWN,UNKNOWN,UNKNOWN,UNKNOWN,false
ozdemir,https://ankaraozdemirnakliyat.com/blog/kecioren-uzmanindan-parca-esya-tasima-sirlari,blog_post,IMPROVE,200,true,316,0.1024,0.0922,0.5287,https://ankaraozdemirnakliyat.com/blog/kecioren-bolgesinde-parca-esya-tasima-icin-5-altin-tavsiye,false,false,false,1,50,Keçiören Uzmanından Parça Eşya Taşıma Sırları | Ankara Özdemir Nakliyat,Keçiören Uzmanından Parça Eşya Taşıma Sırları,https://ankaraozdemirnakliyat.com/blog/kecioren-uzmanindan-parca-esya-tasima-sirlari,UNKNOWN,UNKNOWN,UNKNOWN,UNKNOWN,UNKNOWN,false
ozdemir,https://ankaraozdemirnakliyat.com/blog/polatli-uzmanindan-nakliyat-sigortasi-sirlari,blog_post,IMPROVE,200,true,313,0.1034,0.0793,0.6390,https://ankaraozdemirnakliyat.com/blog/polatli-sokaklarinda-ofis-tasima-zorluklari-ve-cozumleri,false,false,false,1,50,Polatlı Uzmanından Nakliyat Sigortası Sırları | Ankara Özdemir Nakliyat,Polatlı Uzmanından Nakliyat Sigortası Sırları,https://ankaraozdemirnakliyat.com/blog/polatli-uzmanindan-nakliyat-sigortasi-sirlari,UNKNOWN,UNKNOWN,UNKNOWN,UNKNOWN,UNKNOWN,false
ozdemir,https://ankaraozdemirnakliyat.com/blog/tasinma-rehberi-yenimahalle-ve-asansorlu-tasimacilik,blog_post,IMPROVE,200,true,306,0.1060,0.0919,0.5331,https://ankaraozdemirnakliyat.com/blog/tasinma-rehberi-etimesgut-ve-sehirler-arasi-nakliyat,false,false,false,1,50,Taşınma Rehberi: Yenimahalle ve Asansörlü Taşımacılık | Ankara Özdemir Nakliyat,Taşınma Rehberi: Yenimahalle ve Asansörlü Taşımacılık,https://ankaraozdemirnakliyat.com/blog/tasinma-rehberi-yenimahalle-ve-asansorlu-tasimacilik,UNKNOWN,UNKNOWN,UNKNOWN,UNKNOWN,UNKNOWN,false
ozdemir,https://ankaraozdemirnakliyat.com/blog/stresten-uzak-bir-sehir-ici-nakliyat-golbasi-deneyimi,blog_post,IMPROVE,200,true,330,0.0984,0.1082,0.8022,https://ankaraozdemirnakliyat.com/blog/golbasi-tasinma-kontrol-listesi-sehir-ici-nakliyat,false,false,false,1,50,Stresten Uzak Bir Şehir İçi Nakliyat: Gölbaşı Deneyimi | Ankara Özdemir Nakliyat,Stresten Uzak Bir Şehir İçi Nakliyat: Gölbaşı Deneyimi,https://ankaraozdemirnakliyat.com/blog/stresten-uzak-bir-sehir-ici-nakliyat-golbasi-deneyimi,UNKNOWN,UNKNOWN,UNKNOWN,UNKNOWN,UNKNOWN,false
ozdemir,https://ankaraozdemirnakliyat.com/blog/mamak-ev-ve-is-yeri-sahipleri-icin-parca-esya-tasima-ipuclari,blog_post,IMPROVE,200,true,337,0.0962,0.1346,0.4793,https://ankaraozdemirnakliyat.com/blog/tasinma-rehberi-mamak-ve-parca-esya-tasima,false,false,false,1,50,Mamak Ev ve İş Yeri Sahipleri İçin Parça Eşya Taşıma İpuçları | Ankara Özdemir Nakliyat,Mamak Ev ve İş Yeri Sahipleri İçin Parça Eşya Taşıma İpuçları,https://ankaraozdemirnakliyat.com/blog/mamak-ev-ve-is-yeri-sahipleri-icin-parca-esya-tasima-ipuclari,UNKNOWN,UNKNOWN,UNKNOWN,UNKNOWN,UNKNOWN,false
ozdemir,https://ankaraozdemirnakliyat.com/blog/kecioren-bolgesinde-parca-esya-tasima-icin-5-altin-tavsiye,blog_post,IMPROVE,200,true,326,0.0990,0.1188,0.6246,https://ankaraozdemirnakliyat.com/blog/tasinma-rehberi-kecioren-ve-nakliyat-sigortasi,false,false,false,1,50,Keçiören Bölgesinde Parça Eşya Taşıma İçin 5 Altın Tavsiye | Ankara Özdemir Nakliyat,Keçiören Bölgesinde Parça Eşya Taşıma İçin 5 Altın Tavsiye,https://ankaraozdemirnakliyat.com/blog/kecioren-bolgesinde-parca-esya-tasima-icin-5-altin-tavsiye,UNKNOWN,UNKNOWN,UNKNOWN,UNKNOWN,UNKNOWN,false
ozdemir,https://ankaraozdemirnakliyat.com/blog/mamak-nakliyat-sigortasi-maliyetleri-nasil-dusurulur,blog_post,IMPROVE,200,true,312,0.1038,0.0900,0.7911,https://ankaraozdemirnakliyat.com/blog/stresten-uzak-bir-nakliyat-sigortasi-mamak-deneyimi,false,false,false,1,50,Mamak Nakliyat Sigortası Maliyetleri Nasıl Düşürülür? | Ankara Özdemir Nakliyat,Mamak Nakliyat Sigortası Maliyetleri Nasıl Düşürülür?,https://ankaraozdemirnakliyat.com/blog/mamak-nakliyat-sigortasi-maliyetleri-nasil-dusurulur,UNKNOWN,UNKNOWN,UNKNOWN,UNKNOWN,UNKNOWN,false
ozdemir,https://ankaraozdemirnakliyat.com/blog/stresten-uzak-bir-sehir-ici-nakliyat-kecioren-deneyimi,blog_post,IMPROVE,200,true,328,0.0990,0.5545,0.4352,https://ankaraozdemirnakliyat.com/blog/tasinma-rehberi-kecioren-ve-nakliyat-sigortasi,false,false,false,1,50,Stresten Uzak Bir Şehir İçi Nakliyat: Keçiören Deneyimi | Ankara Özdemir Nakliyat,Stresten Uzak Bir Şehir İçi Nakliyat: Keçiören Deneyimi,https://ankaraozdemirnakliyat.com/blog/stresten-uzak-bir-sehir-ici-nakliyat-kecioren-deneyimi,UNKNOWN,UNKNOWN,UNKNOWN,UNKNOWN,UNKNOWN,false
ozdemir,https://ankaraozdemirnakliyat.com/blog/stresten-uzak-bir-nakliyat-sigortasi-mamak-deneyimi,blog_post,IMPROVE,200,true,315,0.1027,0.0993,0.7167,https://ankaraozdemirnakliyat.com/blog/sincan-tasinma-kontrol-listesi-nakliyat-sigortasi,false,false,false,1,50,Stresten Uzak Bir Nakliyat Sigortası: Mamak Deneyimi | Ankara Özdemir Nakliyat,Stresten Uzak Bir Nakliyat Sigortası: Mamak Deneyimi,https://ankaraozdemirnakliyat.com/blog/stresten-uzak-bir-nakliyat-sigortasi-mamak-deneyimi,UNKNOWN,UNKNOWN,UNKNOWN,UNKNOWN,UNKNOWN,false
ozdemir,https://ankaraozdemirnakliyat.com/blog/yenimahalle-paketleme-hizmetleri-sirasinda-esyalarinizi-nasil-korursunuz,blog_post,IMPROVE,200,true,310,0.0418,0.1010,0.6917,https://ankaraozdemirnakliyat.com/blog/yenimahalle-sokaklarinda-evden-eve-nakliyat-zorluklari-ve-cozumleri,false,false,false,1,50,Yenimahalle Paketleme Hizmetleri Sırasında Eşyalarınızı Nasıl Korursunuz? | Ankara Özdemir Nakliyat,Yenimahalle Paketleme Hizmetleri Sırasında Eşyalarınızı Nasıl Korursunuz?,https://ankaraozdemirnakliyat.com/blog/yenimahalle-paketleme-hizmetleri-sirasinda-esyalarinizi-nasil-korursunuz,UNKNOWN,UNKNOWN,UNKNOWN,UNKNOWN,UNKNOWN,false
ozdemir,https://ankaraozdemirnakliyat.com/blog/golbasi-tasinma-kontrol-listesi-sehir-ici-nakliyat,blog_post,IMPROVE,200,true,327,0.0993,0.0993,0.3680,https://ankaraozdemirnakliyat.com/blog/tasinma-rehberi-cankaya-ve-sehir-ici-nakliyat,false,false,false,1,50,Gölbaşı Taşınma Kontrol Listesi: Şehir İçi Nakliyat | Ankara Özdemir Nakliyat,Gölbaşı Taşınma Kontrol Listesi: Şehir İçi Nakliyat,https://ankaraozdemirnakliyat.com/blog/golbasi-tasinma-kontrol-listesi-sehir-ici-nakliyat,UNKNOWN,UNKNOWN,UNKNOWN,UNKNOWN,UNKNOWN,false
ozdemir,https://ankaraozdemirnakliyat.com/blog/kecioren-ev-ve-is-yeri-sahipleri-icin-sehirler-arasi-nakliyat-ipuclari,blog_post,IMPROVE,200,true,326,0.0990,0.2013,0.4099,https://ankaraozdemirnakliyat.com/blog/sincan-ev-ve-is-yeri-sahipleri-icin-sehirler-arasi-nakliyat-ipuclari,false,false,false,1,50,Keçiören Ev ve İş Yeri Sahipleri İçin Şehirler Arası Nakliyat İpuçları | Ankara Özdemir Nakliyat,Keçiören Ev ve İş Yeri Sahipleri İçin Şehirler Arası Nakliyat İpuçları,https://ankaraozdemirnakliyat.com/blog/kecioren-ev-ve-is-yeri-sahipleri-icin-sehirler-arasi-nakliyat-ipuclari,UNKNOWN,UNKNOWN,UNKNOWN,UNKNOWN,UNKNOWN,false
ozdemir,https://ankaraozdemirnakliyat.com/blog/yenimahalle-bolgesinde-parca-esya-tasima-icin-5-altin-tavsiye,blog_post,IMPROVE,200,true,331,0.0387,0.1613,0.6310,https://ankaraozdemirnakliyat.com/blog/yenimahalle-uzmanindan-nakliyat-sigortasi-sirlari,false,false,false,1,50,Yenimahalle Bölgesinde Parça Eşya Taşıma İçin 5 Altın Tavsiye | Ankara Özdemir Nakliyat,Yenimahalle Bölgesinde Parça Eşya Taşıma İçin 5 Altın Tavsiye,https://ankaraozdemirnakliyat.com/blog/yenimahalle-bolgesinde-parca-esya-tasima-icin-5-altin-tavsiye,UNKNOWN,UNKNOWN,UNKNOWN,UNKNOWN,UNKNOWN,false
ozdemir,https://ankaraozdemirnakliyat.com/blog/yenimahalle-ev-ve-is-yeri-sahipleri-icin-paketleme-hizmetleri-ipuclari,blog_post,IMPROVE,200,true,328,0.0391,0.1238,0.4924,https://ankaraozdemirnakliyat.com/blog/sincan-ev-ve-is-yeri-sahipleri-icin-ofis-tasima-ipuclari,false,false,false,1,50,Yenimahalle Ev ve İş Yeri Sahipleri İçin Paketleme Hizmetleri İpuçları | Ankara Özdemir Nakliyat,Yenimahalle Ev ve İş Yeri Sahipleri İçin Paketleme Hizmetleri İpuçları,https://ankaraozdemirnakliyat.com/blog/yenimahalle-ev-ve-is-yeri-sahipleri-icin-paketleme-hizmetleri-ipuclari,UNKNOWN,UNKNOWN,UNKNOWN,UNKNOWN,UNKNOWN,false
ozdemir,https://ankaraozdemirnakliyat.com/blog/altindag-ofis-tasima-maliyetleri-nasil-dusurulur,blog_post,IMPROVE,200,true,320,0.1003,0.0870,0.5068,https://ankaraozdemirnakliyat.com/blog/altindag-sokaklarinda-ofis-tasima-zorluklari-ve-cozumleri,false,false,false,1,50,Altındağ Ofis Taşıma Maliyetleri Nasıl Düşürülür? | Ankara Özdemir Nakliyat,Altındağ Ofis Taşıma Maliyetleri Nasıl Düşürülür?,https://ankaraozdemirnakliyat.com/blog/altindag-ofis-tasima-maliyetleri-nasil-dusurulur,UNKNOWN,UNKNOWN,UNKNOWN,UNKNOWN,UNKNOWN,false
ozdemir,https://ankaraozdemirnakliyat.com/blog/mamak-bolgesinde-ofis-tasima-icin-5-altin-tavsiye,blog_post,IMPROVE,200,true,326,0.0984,0.1049,0.6016,https://ankaraozdemirnakliyat.com/blog/sincan-ev-ve-is-yeri-sahipleri-icin-ofis-tasima-ipuclari,false,false,false,1,50,Mamak Bölgesinde Ofis Taşıma İçin 5 Altın Tavsiye | Ankara Özdemir Nakliyat,Mamak Bölgesinde Ofis Taşıma İçin 5 Altın Tavsiye,https://ankaraozdemirnakliyat.com/blog/mamak-bolgesinde-ofis-tasima-icin-5-altin-tavsiye,UNKNOWN,UNKNOWN,UNKNOWN,UNKNOWN,UNKNOWN,false
ozdemir,https://ankaraozdemirnakliyat.com/blog/mamak-asansorlu-tasimacilik-sirasinda-esyalarinizi-nasil-korursunuz,blog_post,IMPROVE,200,true,318,0.0404,0.0976,0.7901,https://ankaraozdemirnakliyat.com/blog/mamak-bolgesinde-asansorlu-tasimacilik-icin-5-altin-tavsiye,false,false,false,1,50,Mamak Asansörlü Taşımacılık Sırasında Eşyalarınızı Nasıl Korursunuz? | Ankara Özdemir Nakliyat,Mamak Asansörlü Taşımacılık Sırasında Eşyalarınızı Nasıl Korursunuz?,https://ankaraozdemirnakliyat.com/blog/mamak-asansorlu-tasimacilik-sirasinda-esyalarinizi-nasil-korursunuz,UNKNOWN,UNKNOWN,UNKNOWN,UNKNOWN,UNKNOWN,false
ozdemir,https://ankaraozdemirnakliyat.com/blog/yenimahalle-tasinma-kontrol-listesi-sehirler-arasi-nakliyat,blog_post,IMPROVE,200,true,317,0.1020,0.1020,0.5805,https://ankaraozdemirnakliyat.com/blog/yenimahalle-parca-esya-tasima-sirasinda-esyalarinizi-nasil-korursunuz,false,false,false,1,50,Yenimahalle Taşınma Kontrol Listesi: Şehirler Arası Nakliyat | Ankara Özdemir Nakliyat,Yenimahalle Taşınma Kontrol Listesi: Şehirler Arası Nakliyat,https://ankaraozdemirnakliyat.com/blog/yenimahalle-tasinma-kontrol-listesi-sehirler-arasi-nakliyat,UNKNOWN,UNKNOWN,UNKNOWN,UNKNOWN,UNKNOWN,false
ozdemir,https://ankaraozdemirnakliyat.com/blog/tasinma-rehberi-cankaya-ve-sehir-ici-nakliyat,blog_post,IMPROVE,200,true,329,0.0987,0.1316,0.2694,https://ankaraozdemirnakliyat.com/blog/cankaya-ev-ve-is-yeri-sahipleri-icin-sehirler-arasi-nakliyat-ipuclari,false,false,false,1,50,Taşınma Rehberi: Çankaya ve Şehir İçi Nakliyat | Ankara Özdemir Nakliyat,Taşınma Rehberi: Çankaya ve Şehir İçi Nakliyat,https://ankaraozdemirnakliyat.com/blog/tasinma-rehberi-cankaya-ve-sehir-ici-nakliyat,UNKNOWN,UNKNOWN,UNKNOWN,UNKNOWN,UNKNOWN,false
ozdemir,https://ankaraozdemirnakliyat.com/blog/yenimahalle-sehir-ici-nakliyat-sirasinda-esyalarinizi-nasil-korursunuz,blog_post,IMPROVE,200,true,325,0.1000,0.1100,0.3871,https://ankaraozdemirnakliyat.com/blog/yenimahalle-parca-esya-tasima-sirasinda-esyalarinizi-nasil-korursunuz,false,false,false,1,50,Yenimahalle Şehir İçi Nakliyat Sırasında Eşyalarınızı Nasıl Korursunuz? | Ankara Özdemir Nakliyat,Yenimahalle Şehir İçi Nakliyat Sırasında Eşyalarınızı Nasıl Korursunuz?,https://ankaraozdemirnakliyat.com/blog/yenimahalle-sehir-ici-nakliyat-sirasinda-esyalarinizi-nasil-korursunuz,UNKNOWN,UNKNOWN,UNKNOWN,UNKNOWN,UNKNOWN,false
ozdemir,https://ankaraozdemirnakliyat.com/blog/pursaklar-icin-sehirler-arasi-nakliyat-surecinde-dikkat-edilmesi-gerekenler,blog_post,IMPROVE,200,true,321,0.0403,0.2047,0.5421,https://ankaraozdemirnakliyat.com/blog/yenimahalle-sokaklarinda-evden-eve-nakliyat-zorluklari-ve-cozumleri,false,false,false,1,50,Pursaklar İçin Şehirler Arası Nakliyat Sürecinde Dikkat Edilmesi Gerekenler | Ankara Özdemir Nakliyat,Pursaklar İçin Şehirler Arası Nakliyat Sürecinde Dikkat Edilmesi Gerekenler,https://ankaraozdemirnakliyat.com/blog/pursaklar-icin-sehirler-arasi-nakliyat-surecinde-dikkat-edilmesi-gerekenler,UNKNOWN,UNKNOWN,UNKNOWN,UNKNOWN,UNKNOWN,false
ozdemir,https://ankaraozdemirnakliyat.com/blog/sincan-tasinma-kontrol-listesi-nakliyat-sigortasi,blog_post,IMPROVE,200,true,310,0.1045,0.0906,0.5806,https://ankaraozdemirnakliyat.com/blog/tasinma-rehberi-yenimahalle-ve-ofis-tasima,false,false,false,1,50,Sincan Taşınma Kontrol Listesi: Nakliyat Sigortası | Ankara Özdemir Nakliyat,Sincan Taşınma Kontrol Listesi: Nakliyat Sigortası,https://ankaraozdemirnakliyat.com/blog/sincan-tasinma-kontrol-listesi-nakliyat-sigortasi,UNKNOWN,UNKNOWN,UNKNOWN,UNKNOWN,UNKNOWN,false
ozdemir,https://ankaraozdemirnakliyat.com/blog/tasinma-rehberi-kecioren-ve-nakliyat-sigortasi,blog_post,IMPROVE,200,true,310,0.1045,0.0906,0.3539,https://ankaraozdemirnakliyat.com/blog/tasinma-rehberi-yenimahalle-ve-ofis-tasima,false,false,false,1,50,Taşınma Rehberi: Keçiören ve Nakliyat Sigortası | Ankara Özdemir Nakliyat,Taşınma Rehberi: Keçiören ve Nakliyat Sigortası,https://ankaraozdemirnakliyat.com/blog/tasinma-rehberi-kecioren-ve-nakliyat-sigortasi,UNKNOWN,UNKNOWN,UNKNOWN,UNKNOWN,UNKNOWN,false
ozdemir,https://ankaraozdemirnakliyat.com/blog/stresten-uzak-bir-sehirler-arasi-nakliyat-mamak-deneyimi,blog_post,IMPROVE,200,true,328,0.0391,0.1075,0.6453,https://ankaraozdemirnakliyat.com/blog/mamak-bolgesinde-asansorlu-tasimacilik-icin-5-altin-tavsiye,false,false,false,1,50,Stresten Uzak Bir Şehirler Arası Nakliyat: Mamak Deneyimi | Ankara Özdemir Nakliyat,Stresten Uzak Bir Şehirler Arası Nakliyat: Mamak Deneyimi,https://ankaraozdemirnakliyat.com/blog/stresten-uzak-bir-sehirler-arasi-nakliyat-mamak-deneyimi,UNKNOWN,UNKNOWN,UNKNOWN,UNKNOWN,UNKNOWN,false
ozdemir,https://ankaraozdemirnakliyat.com/blog/polatli-sokaklarinda-ofis-tasima-zorluklari-ve-cozumleri,blog_post,IMPROVE,200,true,319,0.1014,0.0980,0.4082,https://ankaraozdemirnakliyat.com/blog/mamak-icin-ofis-tasima-surecinde-dikkat-edilmesi-gerekenler,false,false,false,1,50,Polatlı Sokaklarında Ofis Taşıma Zorlukları ve Çözümleri | Ankara Özdemir Nakliyat,Polatlı Sokaklarında Ofis Taşıma Zorlukları ve Çözümleri,https://ankaraozdemirnakliyat.com/blog/polatli-sokaklarinda-ofis-tasima-zorluklari-ve-cozumleri,UNKNOWN,UNKNOWN,UNKNOWN,UNKNOWN,UNKNOWN,false
ozdemir,https://ankaraozdemirnakliyat.com/blog/sincan-ev-ve-is-yeri-sahipleri-icin-sehirler-arasi-nakliyat-ipuclari,blog_post,IMPROVE,200,true,326,0.0990,0.2013,0.6398,https://ankaraozdemirnakliyat.com/blog/tasinma-rehberi-etimesgut-ve-sehirler-arasi-nakliyat,false,false,false,1,50,Sincan Ev ve İş Yeri Sahipleri İçin Şehirler Arası Nakliyat İpuçları | Ankara Özdemir Nakliyat,Sincan Ev ve İş Yeri Sahipleri İçin Şehirler Arası Nakliyat İpuçları,https://ankaraozdemirnakliyat.com/blog/sincan-ev-ve-is-yeri-sahipleri-icin-sehirler-arasi-nakliyat-ipuclari,UNKNOWN,UNKNOWN,UNKNOWN,UNKNOWN,UNKNOWN,false
ozdemir,https://ankaraozdemirnakliyat.com/blog/sincan-ev-ve-is-yeri-sahipleri-icin-ofis-tasima-ipuclari,blog_post,IMPROVE,200,true,329,0.0974,0.5065,0.4176,https://ankaraozdemirnakliyat.com/blog/tasinma-rehberi-yenimahalle-ve-ofis-tasima,false,false,false,1,50,Sincan Ev ve İş Yeri Sahipleri İçin Ofis Taşıma İpuçları | Ankara Özdemir Nakliyat,Sincan Ev ve İş Yeri Sahipleri İçin Ofis Taşıma İpuçları,https://ankaraozdemirnakliyat.com/blog/sincan-ev-ve-is-yeri-sahipleri-icin-ofis-tasima-ipuclari,UNKNOWN,UNKNOWN,UNKNOWN,UNKNOWN,UNKNOWN,false
ozdemir,https://ankaraozdemirnakliyat.com/blog/polatli-paketleme-hizmetleri-sirasinda-esyalarinizi-nasil-korursunuz,blog_post,IMPROVE,200,true,328,0.0393,0.1869,0.2873,https://ankaraozdemirnakliyat.com/blog/golbasi-icin-sehirler-arasi-nakliyat-surecinde-dikkat-edilmesi-gerekenler,false,false,false,1,50,Polatlı Paketleme Hizmetleri Sırasında Eşyalarınızı Nasıl Korursunuz? | Ankara Özdemir Nakliyat,Polatlı Paketleme Hizmetleri Sırasında Eşyalarınızı Nasıl Korursunuz?,https://ankaraozdemirnakliyat.com/blog/polatli-paketleme-hizmetleri-sirasinda-esyalarinizi-nasil-korursunuz,UNKNOWN,UNKNOWN,UNKNOWN,UNKNOWN,UNKNOWN,false
ozdemir,https://ankaraozdemirnakliyat.com/blog/tasinma-rehberi-yenimahalle-ve-ofis-tasima,blog_post,IMPROVE,200,true,312,0.1038,0.0900,0.6978,https://ankaraozdemirnakliyat.com/blog/mamak-icin-ofis-tasima-surecinde-dikkat-edilmesi-gerekenler,false,false,false,1,50,Taşınma Rehberi: Yenimahalle ve Ofis Taşıma | Ankara Özdemir Nakliyat,Taşınma Rehberi: Yenimahalle ve Ofis Taşıma,https://ankaraozdemirnakliyat.com/blog/tasinma-rehberi-yenimahalle-ve-ofis-tasima,UNKNOWN,UNKNOWN,UNKNOWN,UNKNOWN,UNKNOWN,false
ozdemir,https://ankaraozdemirnakliyat.com/blog/cankaya-ev-ve-is-yeri-sahipleri-icin-sehirler-arasi-nakliyat-ipuclari,blog_post,IMPROVE,200,true,344,0.0374,0.2461,0.3415,https://ankaraozdemirnakliyat.com/blog/golbasi-icin-sehirler-arasi-nakliyat-surecinde-dikkat-edilmesi-gerekenler,false,false,false,1,50,Çankaya Ev ve İş Yeri Sahipleri İçin Şehirler Arası Nakliyat İpuçları | Ankara Özdemir Nakliyat,Çankaya Ev ve İş Yeri Sahipleri İçin Şehirler Arası Nakliyat İpuçları,https://ankaraozdemirnakliyat.com/blog/cankaya-ev-ve-is-yeri-sahipleri-icin-sehirler-arasi-nakliyat-ipuclari,UNKNOWN,UNKNOWN,UNKNOWN,UNKNOWN,UNKNOWN,false
ozdemir,https://ankaraozdemirnakliyat.com/blog/pursaklar-bolgesinde-paketleme-hizmetleri-icin-5-altin-tavsiye,blog_post,IMPROVE,200,true,310,0.1045,0.1777,0.4854,https://ankaraozdemirnakliyat.com/blog/tasinma-rehberi-etimesgut-ve-sehirler-arasi-nakliyat,false,false,false,1,50,Pursaklar Bölgesinde Paketleme Hizmetleri İçin 5 Altın Tavsiye | Ankara Özdemir Nakliyat,Pursaklar Bölgesinde Paketleme Hizmetleri İçin 5 Altın Tavsiye,https://ankaraozdemirnakliyat.com/blog/pursaklar-bolgesinde-paketleme-hizmetleri-icin-5-altin-tavsiye,UNKNOWN,UNKNOWN,UNKNOWN,UNKNOWN,UNKNOWN,false
ozdemir,https://ankaraozdemirnakliyat.com/blog/altindag-sokaklarinda-ofis-tasima-zorluklari-ve-cozumleri,blog_post,IMPROVE,200,true,315,0.1027,0.0993,0.4096,https://ankaraozdemirnakliyat.com/blog/mamak-icin-ofis-tasima-surecinde-dikkat-edilmesi-gerekenler,false,false,false,1,50,Altındağ Sokaklarında Ofis Taşıma Zorlukları ve Çözümleri | Ankara Özdemir Nakliyat,Altındağ Sokaklarında Ofis Taşıma Zorlukları ve Çözümleri,https://ankaraozdemirnakliyat.com/blog/altindag-sokaklarinda-ofis-tasima-zorluklari-ve-cozumleri,UNKNOWN,UNKNOWN,UNKNOWN,UNKNOWN,UNKNOWN,false
ozdemir,https://ankaraozdemirnakliyat.com/blog/altindag-icin-nakliyat-sigortasi-surecinde-dikkat-edilmesi-gerekenler,blog_post,IMPROVE,200,true,321,0.0400,0.1067,0.6489,https://ankaraozdemirnakliyat.com/blog/altindag-bolgesinde-paketleme-hizmetleri-icin-5-altin-tavsiye,false,false,false,1,50,Altındağ İçin Nakliyat Sigortası Sürecinde Dikkat Edilmesi Gerekenler | Ankara Özdemir Nakliyat,Altındağ İçin Nakliyat Sigortası Sürecinde Dikkat Edilmesi Gerekenler,https://ankaraozdemirnakliyat.com/blog/altindag-icin-nakliyat-sigortasi-surecinde-dikkat-edilmesi-gerekenler,UNKNOWN,UNKNOWN,UNKNOWN,UNKNOWN,UNKNOWN,false
ozdemir,https://ankaraozdemirnakliyat.com/blog/yenimahalle-parca-esya-tasima-sirasinda-esyalarinizi-nasil-korursunuz,blog_post,IMPROVE,200,true,320,0.1010,0.1111,0.4310,https://ankaraozdemirnakliyat.com/blog/tasinma-rehberi-mamak-ve-parca-esya-tasima,false,false,false,1,50,Yenimahalle Parça Eşya Taşıma Sırasında Eşyalarınızı Nasıl Korursunuz? | Ankara Özdemir Nakliyat,Yenimahalle Parça Eşya Taşıma Sırasında Eşyalarınızı Nasıl Korursunuz?,https://ankaraozdemirnakliyat.com/blog/yenimahalle-parca-esya-tasima-sirasinda-esyalarinizi-nasil-korursunuz,UNKNOWN,UNKNOWN,UNKNOWN,UNKNOWN,UNKNOWN,false
ozdemir,https://ankaraozdemirnakliyat.com/blog/yenimahalle-uzmanindan-nakliyat-sigortasi-sirlari,blog_post,IMPROVE,200,true,312,0.0412,0.0790,0.5105,https://ankaraozdemirnakliyat.com/blog/mamak-bolgesinde-asansorlu-tasimacilik-icin-5-altin-tavsiye,false,false,false,1,50,Yenimahalle Uzmanından Nakliyat Sigortası Sırları | Ankara Özdemir Nakliyat,Yenimahalle Uzmanından Nakliyat Sigortası Sırları,https://ankaraozdemirnakliyat.com/blog/yenimahalle-uzmanindan-nakliyat-sigortasi-sirlari,UNKNOWN,UNKNOWN,UNKNOWN,UNKNOWN,UNKNOWN,false
ozdemir,https://ankaraozdemirnakliyat.com/blog/golbasi-icin-sehirler-arasi-nakliyat-surecinde-dikkat-edilmesi-gerekenler,blog_post,IMPROVE,200,true,335,0.0385,0.4744,0.4392,https://ankaraozdemirnakliyat.com/blog/golbasi-bolgesinde-asansorlu-tasimacilik-icin-5-altin-tavsiye,false,false,false,1,50,Gölbaşı İçin Şehirler Arası Nakliyat Sürecinde Dikkat Edilmesi Gerekenler | Ankara Özdemir Nakliyat,Gölbaşı İçin Şehirler Arası Nakliyat Sürecinde Dikkat Edilmesi Gerekenler,https://ankaraozdemirnakliyat.com/blog/golbasi-icin-sehirler-arasi-nakliyat-surecinde-dikkat-edilmesi-gerekenler,UNKNOWN,UNKNOWN,UNKNOWN,UNKNOWN,UNKNOWN,false
ozdemir,https://ankaraozdemirnakliyat.com/blog/mamak-bolgesinde-asansorlu-tasimacilik-icin-5-altin-tavsiye,blog_post,IMPROVE,200,true,321,0.0400,0.1067,0.3945,https://ankaraozdemirnakliyat.com/blog/golbasi-bolgesinde-asansorlu-tasimacilik-icin-5-altin-tavsiye,false,false,false,1,50,Mamak Bölgesinde Asansörlü Taşımacılık İçin 5 Altın Tavsiye | Ankara Özdemir Nakliyat,Mamak Bölgesinde Asansörlü Taşımacılık İçin 5 Altın Tavsiye,https://ankaraozdemirnakliyat.com/blog/mamak-bolgesinde-asansorlu-tasimacilik-icin-5-altin-tavsiye,UNKNOWN,UNKNOWN,UNKNOWN,UNKNOWN,UNKNOWN,false
ozdemir,https://ankaraozdemirnakliyat.com/blog/altindag-bolgesinde-paketleme-hizmetleri-icin-5-altin-tavsiye,blog_post,IMPROVE,200,true,321,0.0400,0.1067,0.4299,https://ankaraozdemirnakliyat.com/blog/altindag-icin-asansorlu-tasimacilik-surecinde-dikkat-edilmesi-gerekenler,false,false,false,1,50,Altındağ Bölgesinde Paketleme Hizmetleri İçin 5 Altın Tavsiye | Ankara Özdemir Nakliyat,Altındağ Bölgesinde Paketleme Hizmetleri İçin 5 Altın Tavsiye,https://ankaraozdemirnakliyat.com/blog/altindag-bolgesinde-paketleme-hizmetleri-icin-5-altin-tavsiye,UNKNOWN,UNKNOWN,UNKNOWN,UNKNOWN,UNKNOWN,false
ozdemir,https://ankaraozdemirnakliyat.com/blog/tasinma-rehberi-mamak-ve-parca-esya-tasima,blog_post,IMPROVE,200,true,322,0.1003,0.1003,0.6250,https://ankaraozdemirnakliyat.com/blog/mamak-icin-ofis-tasima-surecinde-dikkat-edilmesi-gerekenler,false,false,false,1,50,Taşınma Rehberi: Mamak ve Parça Eşya Taşıma | Ankara Özdemir Nakliyat,Taşınma Rehberi: Mamak ve Parça Eşya Taşıma,https://ankaraozdemirnakliyat.com/blog/tasinma-rehberi-mamak-ve-parca-esya-tasima,UNKNOWN,UNKNOWN,UNKNOWN,UNKNOWN,UNKNOWN,false
ozdemir,https://ankaraozdemirnakliyat.com/blog/yenimahalle-sokaklarinda-evden-eve-nakliyat-zorluklari-ve-cozumleri,blog_post,IMPROVE,200,true,320,0.0404,0.1582,0.2834,https://ankaraozdemirnakliyat.com/blog/mamak-icin-ofis-tasima-surecinde-dikkat-edilmesi-gerekenler,false,false,false,1,50,Yenimahalle Sokaklarında Evden Eve Nakliyat Zorlukları ve Çözümleri | Ankara Özdemir Nakliyat,Yenimahalle Sokaklarında Evden Eve Nakliyat Zorlukları ve Çözümleri,https://ankaraozdemirnakliyat.com/blog/yenimahalle-sokaklarinda-evden-eve-nakliyat-zorluklari-ve-cozumleri,UNKNOWN,UNKNOWN,UNKNOWN,UNKNOWN,UNKNOWN,false
ozdemir,https://ankaraozdemirnakliyat.com/blog/altindag-icin-asansorlu-tasimacilik-surecinde-dikkat-edilmesi-gerekenler,blog_post,IMPROVE,200,true,322,0.0399,0.1063,0.1985,https://ankaraozdemirnakliyat.com/blog/golbasi-bolgesinde-asansorlu-tasimacilik-icin-5-altin-tavsiye,false,false,false,1,50,Altındağ İçin Asansörlü Taşımacılık Sürecinde Dikkat Edilmesi Gerekenler | Ankara Özdemir Nakliyat,Altındağ İçin Asansörlü Taşımacılık Sürecinde Dikkat Edilmesi Gerekenler,https://ankaraozdemirnakliyat.com/blog/altindag-icin-asansorlu-tasimacilik-surecinde-dikkat-edilmesi-gerekenler,UNKNOWN,UNKNOWN,UNKNOWN,UNKNOWN,UNKNOWN,false
ozdemir,https://ankaraozdemirnakliyat.com/blog/altindag-ev-ve-is-yeri-sahipleri-icin-nakliyat-sigortasi-ipuclari,blog_post,IMPROVE,200,true,318,0.1017,0.1288,0.3088,https://ankaraozdemirnakliyat.com/blog/tasinma-rehberi-etimesgut-ve-sehirler-arasi-nakliyat,false,false,false,1,50,Altındağ Ev ve İş Yeri Sahipleri İçin Nakliyat Sigortası İpuçları | Ankara Özdemir Nakliyat,Altındağ Ev ve İş Yeri Sahipleri İçin Nakliyat Sigortası İpuçları,https://ankaraozdemirnakliyat.com/blog/altindag-ev-ve-is-yeri-sahipleri-icin-nakliyat-sigortasi-ipuclari,UNKNOWN,UNKNOWN,UNKNOWN,UNKNOWN,UNKNOWN,false
ozdemir,https://ankaraozdemirnakliyat.com/blog/golbasi-bolgesinde-asansorlu-tasimacilik-icin-5-altin-tavsiye,blog_post,IMPROVE,200,true,321,0.0400,0.1067,0.1439,https://ankaraozdemirnakliyat.com/blog/tasinma-rehberi-etimesgut-ve-sehirler-arasi-nakliyat,false,false,false,1,50,Gölbaşı Bölgesinde Asansörlü Taşımacılık İçin 5 Altın Tavsiye | Ankara Özdemir Nakliyat,Gölbaşı Bölgesinde Asansörlü Taşımacılık İçin 5 Altın Tavsiye,https://ankaraozdemirnakliyat.com/blog/golbasi-bolgesinde-asansorlu-tasimacilik-icin-5-altin-tavsiye,UNKNOWN,UNKNOWN,UNKNOWN,UNKNOWN,UNKNOWN,false
ozdemir,https://ankaraozdemirnakliyat.com/blog/tasinma-rehberi-etimesgut-ve-sehirler-arasi-nakliyat,blog_post,IMPROVE,200,true,312,0.1038,0.1696,0.1988,https://ankaraozdemirnakliyat.com/blog/mamak-icin-ofis-tasima-surecinde-dikkat-edilmesi-gerekenler,false,false,false,1,50,Taşınma Rehberi: Etimesgut ve Şehirler Arası Nakliyat | Ankara Özdemir Nakliyat,Taşınma Rehberi: Etimesgut ve Şehirler Arası Nakliyat,https://ankaraozdemirnakliyat.com/blog/tasinma-rehberi-etimesgut-ve-sehirler-arasi-nakliyat,UNKNOWN,UNKNOWN,UNKNOWN,UNKNOWN,UNKNOWN,false
ozdemir,https://ankaraozdemirnakliyat.com/blog/mamak-icin-ofis-tasima-surecinde-dikkat-edilmesi-gerekenler,blog_post,IMPROVE,200,true,318,0.1017,0.1085,0.0087,https://ankaraozdemirnakliyat.com/blog/antalya-evden-eve-tasima-ucretleri-2026,false,false,false,1,50,Mamak İçin Ofis Taşıma Sürecinde Dikkat Edilmesi Gerekenler | Ankara Özdemir Nakliyat,Mamak İçin Ofis Taşıma Sürecinde Dikkat Edilmesi Gerekenler,https://ankaraozdemirnakliyat.com/blog/mamak-icin-ofis-tasima-surecinde-dikkat-edilmesi-gerekenler,UNKNOWN,UNKNOWN,UNKNOWN,UNKNOWN,UNKNOWN,false
ozdemir,https://ankaraozdemirnakliyat.com/blog/nakliyat-sozlesmelerinde-dikkat-edilmesi-gereken-maddeler-2026,blog_post,KEEP,200,true,684,0.0075,0.1437,0.8948,https://ankaraozdemirnakliyat.com/blog/karadeniz-zorlu-yollarinda-nakliyat-stratejileri-2026,false,false,false,100,50,Nakliyat Sözleşmelerinde Dikkat Edilmesi Gereken Maddeler 2026 | Ankara Özdemir Nakliyat,Nakliyat Sözleşmelerinde Dikkat Edilmesi Gereken Maddeler 2026,https://ankaraozdemirnakliyat.com/blog/nakliyat-sozlesmelerinde-dikkat-edilmesi-gereken-maddeler-2026,UNKNOWN,UNKNOWN,UNKNOWN,UNKNOWN,UNKNOWN,false
ozdemir,https://ankaraozdemirnakliyat.com/blog/marmara-bolgesi-lojistik-agi-ve-ankara-ozdemir-nakliyat-2026,blog_post,KEEP,200,true,696,0.0074,0.1588,0.8932,https://ankaraozdemirnakliyat.com/blog/surdurulebilir-lojistik-yesil-nakliyat-2026,false,false,false,100,50,Marmara Bölgesi Lojistik Ağı ve Ankara Özdemir Nakliyat 2026 | Ankara Özdemir Nakliyat,Marmara Bölgesi Lojistik Ağı ve Ankara Özdemir Nakliyat 2026,https://ankaraozdemirnakliyat.com/blog/marmara-bolgesi-lojistik-agi-ve-ankara-ozdemir-nakliyat-2026,UNKNOWN,UNKNOWN,UNKNOWN,UNKNOWN,UNKNOWN,false
ozdemir,https://ankaraozdemirnakliyat.com/blog/ofis-tasirken-dikkat-edilmesi-gereken-10-altin-kural-2026,blog_post,KEEP,200,true,696,0.0074,0.1588,0.8577,https://ankaraozdemirnakliyat.com/blog/karadeniz-zorlu-yollarinda-nakliyat-stratejileri-2026,false,false,false,100,50,Ofis Taşırken Dikkat Edilmesi Gereken 10 Altın Kural 2026 | Ankara Özdemir Nakliyat,Ofis Taşırken Dikkat Edilmesi Gereken 10 Altın Kural 2026,https://ankaraozdemirnakliyat.com/blog/ofis-tasirken-dikkat-edilmesi-gereken-10-altin-kural-2026,UNKNOWN,UNKNOWN,UNKNOWN,UNKNOWN,UNKNOWN,false
ozdemir,https://ankaraozdemirnakliyat.com/blog/villa-tasima-sanati-buyuk-hacimli-nakliye-cozumleri-2026,blog_post,KEEP,200,true,690,0.0074,0.1513,0.8689,https://ankaraozdemirnakliyat.com/blog/tekirdag-istanbul-nakliyat-cozumleri-2026-2026,false,false,false,4,50,Villa Taşıma Sanatı: Büyük Hacimli Nakliye Çözümleri 2026 | Ankara Özdemir Nakliyat,Villa Taşıma Sanatı: Büyük Hacimli Nakliye Çözümleri 2026,https://ankaraozdemirnakliyat.com/blog/villa-tasima-sanati-buyuk-hacimli-nakliye-cozumleri-2026,UNKNOWN,UNKNOWN,UNKNOWN,UNKNOWN,UNKNOWN,false
ozdemir,https://ankaraozdemirnakliyat.com/blog/istanbul-ankara-nakliyat-sirketleri-karsilastirmasi-2026,blog_post,KEEP,200,true,678,0.0076,0.1360,0.9024,https://ankaraozdemirnakliyat.com/blog/karadeniz-zorlu-yollarinda-nakliyat-stratejileri-2026,false,false,false,1,50,İstanbul Ankara Nakliyat Şirketleri Karşılaştırması 2026 | Ankara Özdemir Nakliyat,İstanbul Ankara Nakliyat Şirketleri Karşılaştırması 2026,https://ankaraozdemirnakliyat.com/blog/istanbul-ankara-nakliyat-sirketleri-karsilastirmasi-2026,UNKNOWN,UNKNOWN,UNKNOWN,UNKNOWN,UNKNOWN,false
ozdemir,https://ankaraozdemirnakliyat.com/blog/piyano-ve-hassas-esya-nakliyesi-icin-ozel-teknikler-2026,blog_post,KEEP,200,true,696,0.0074,0.1588,0.9024,https://ankaraozdemirnakliyat.com/blog/karadeniz-zorlu-yollarinda-nakliyat-stratejileri-2026,false,false,false,1,50,Piyano ve Hassas Eşya Nakliyesi İçin Özel Teknikler 2026 | Ankara Özdemir Nakliyat,Piyano ve Hassas Eşya Nakliyesi İçin Özel Teknikler 2026,https://ankaraozdemirnakliyat.com/blog/piyano-ve-hassas-esya-nakliyesi-icin-ozel-teknikler-2026,UNKNOWN,UNKNOWN,UNKNOWN,UNKNOWN,UNKNOWN,false
ozdemir,https://ankaraozdemirnakliyat.com/blog/depolama-hizmetleri-esyalariniz-nasil-saklanmali-2026,blog_post,KEEP,200,true,678,0.0076,0.1346,0.8942,https://ankaraozdemirnakliyat.com/blog/karadeniz-zorlu-yollarinda-nakliyat-stratejileri-2026,false,false,false,1,50,Depolama Hizmetleri: Eşyalarınız Nasıl Saklanmalı? 2026 | Ankara Özdemir Nakliyat,Depolama Hizmetleri: Eşyalarınız Nasıl Saklanmalı? 2026,https://ankaraozdemirnakliyat.com/blog/depolama-hizmetleri-esyalariniz-nasil-saklanmali-2026,UNKNOWN,UNKNOWN,UNKNOWN,UNKNOWN,UNKNOWN,false
ozdemir,https://ankaraozdemirnakliyat.com/blog/tasinma-sonrasi-adres-degisikligi-bildirim-rehberi-2026,blog_post,KEEP,200,true,684,0.0075,0.1437,0.8875,https://ankaraozdemirnakliyat.com/blog/cocuklu-aileler-icin-tasinma-rehberi-2026,false,false,false,1,50,Taşınma Sonrası Adres Değişikliği Bildirim Rehberi 2026 | Ankara Özdemir Nakliyat,Taşınma Sonrası Adres Değişikliği Bildirim Rehberi 2026,https://ankaraozdemirnakliyat.com/blog/tasinma-sonrasi-adres-degisikligi-bildirim-rehberi-2026,UNKNOWN,UNKNOWN,UNKNOWN,UNKNOWN,UNKNOWN,false
ozdemir,https://ankaraozdemirnakliyat.com/blog/yaslilar-icin-kolaylastirilmis-nakliyat-cozumleri-2026,blog_post,KEEP,200,true,678,0.0076,0.1360,0.8998,https://ankaraozdemirnakliyat.com/blog/tekirdag-istanbul-nakliyat-cozumleri-2026-2026,false,false,false,1,50,Yaşlılar İçin Kolaylaştırılmış Nakliyat Çözümleri 2026 | Ankara Özdemir Nakliyat,Yaşlılar İçin Kolaylaştırılmış Nakliyat Çözümleri 2026,https://ankaraozdemirnakliyat.com/blog/yaslilar-icin-kolaylastirilmis-nakliyat-cozumleri-2026,UNKNOWN,UNKNOWN,UNKNOWN,UNKNOWN,UNKNOWN,false
ozdemir,https://ankaraozdemirnakliyat.com/blog/karadeniz-zorlu-yollarinda-nakliyat-stratejileri-2026,blog_post,KEEP,200,true,678,0.0076,0.1360,0.9108,https://ankaraozdemirnakliyat.com/blog/konya-nakliyat-pazari-ve-gelecek-projeksiyonu-2026,false,false,false,1,50,Karadeniz Zorlu Yollarında Nakliyat Stratejileri 2026 | Ankara Özdemir Nakliyat,Karadeniz Zorlu Yollarında Nakliyat Stratejileri 2026,https://ankaraozdemirnakliyat.com/blog/karadeniz-zorlu-yollarinda-nakliyat-stratejileri-2026,UNKNOWN,UNKNOWN,UNKNOWN,UNKNOWN,UNKNOWN,false
ozdemir,https://ankaraozdemirnakliyat.com/blog/tasinirken-stres-yonetimi-ve-psikolojik-hazirlik-2026,blog_post,KEEP,200,true,684,0.0075,0.1437,0.8942,https://ankaraozdemirnakliyat.com/blog/konya-nakliyat-pazari-ve-gelecek-projeksiyonu-2026,false,false,false,1,50,Taşınırken Stres Yönetimi ve Psikolojik Hazırlık 2026 | Ankara Özdemir Nakliyat,Taşınırken Stres Yönetimi ve Psikolojik Hazırlık 2026,https://ankaraozdemirnakliyat.com/blog/tasinirken-stres-yonetimi-ve-psikolojik-hazirlik-2026,UNKNOWN,UNKNOWN,UNKNOWN,UNKNOWN,UNKNOWN,false
ozdemir,https://ankaraozdemirnakliyat.com/blog/asansorlu-tasima-avantajlari-ve-teknik-detaylar-2026,blog_post,KEEP,200,true,684,0.0075,0.1437,0.9006,https://ankaraozdemirnakliyat.com/blog/konya-nakliyat-pazari-ve-gelecek-projeksiyonu-2026,false,false,false,1,50,Asansörlü Taşıma Avantajları ve Teknik Detaylar 2026 | Ankara Özdemir Nakliyat,Asansörlü Taşıma Avantajları ve Teknik Detaylar 2026,https://ankaraozdemirnakliyat.com/blog/asansorlu-tasima-avantajlari-ve-teknik-detaylar-2026,UNKNOWN,UNKNOWN,UNKNOWN,UNKNOWN,UNKNOWN,false
ozdemir,https://ankaraozdemirnakliyat.com/blog/buyuksehirlerde-tasinma-izinleri-ve-prosedurler-2026,blog_post,KEEP,200,true,678,0.0076,0.1360,0.8942,https://ankaraozdemirnakliyat.com/blog/konya-nakliyat-pazari-ve-gelecek-projeksiyonu-2026,false,false,false,1,50,Büyükşehirlerde Taşınma İzinleri ve Prosedürler 2026 | Ankara Özdemir Nakliyat,Büyükşehirlerde Taşınma İzinleri ve Prosedürler 2026,https://ankaraozdemirnakliyat.com/blog/buyuksehirlerde-tasinma-izinleri-ve-prosedurler-2026,UNKNOWN,UNKNOWN,UNKNOWN,UNKNOWN,UNKNOWN,false
ozdemir,https://ankaraozdemirnakliyat.com/blog/kirklareli-istanbul-arasi-tasima-fiyatlari-2026,blog_post,KEEP,200,true,678,0.0076,0.1329,0.8843,https://ankaraozdemirnakliyat.com/blog/kirklareli-asansorlu-tasima-cozumleri-2026,false,false,false,1,50,Kırklareli İstanbul Arası Taşıma Fiyatları 2026 | Ankara Özdemir Nakliyat,Kırklareli İstanbul Arası Taşıma Fiyatları 2026,https://ankaraozdemirnakliyat.com/blog/kirklareli-istanbul-arasi-tasima-fiyatlari-2026,UNKNOWN,UNKNOWN,UNKNOWN,UNKNOWN,UNKNOWN,false
ozdemir,https://ankaraozdemirnakliyat.com/blog/e-ticaret-lojistigi-ve-parca-esya-entegrasyonu-2026,blog_post,KEEP,200,true,690,0.0074,0.1513,0.8942,https://ankaraozdemirnakliyat.com/blog/konya-nakliyat-pazari-ve-gelecek-projeksiyonu-2026,false,false,false,1,50,E-ticaret Lojistiği ve Parça Eşya Entegrasyonu 2026 | Ankara Özdemir Nakliyat,E-ticaret Lojistiği ve Parça Eşya Entegrasyonu 2026,https://ankaraozdemirnakliyat.com/blog/e-ticaret-lojistigi-ve-parca-esya-entegrasyonu-2026,UNKNOWN,UNKNOWN,UNKNOWN,UNKNOWN,UNKNOWN,false
ozdemir,https://ankaraozdemirnakliyat.com/blog/yalniz-yasayanlar-icin-pratik-tasinma-ipuclari-2026,blog_post,KEEP,200,true,684,0.0075,0.1437,0.8707,https://ankaraozdemirnakliyat.com/blog/konya-nakliyat-pazari-ve-gelecek-projeksiyonu-2026,false,false,false,1,50,Yalnız Yaşayanlar İçin Pratik Taşınma İpuçları 2026 | Ankara Özdemir Nakliyat,Yalnız Yaşayanlar İçin Pratik Taşınma İpuçları 2026,https://ankaraozdemirnakliyat.com/blog/yalniz-yasayanlar-icin-pratik-tasinma-ipuclari-2026,UNKNOWN,UNKNOWN,UNKNOWN,UNKNOWN,UNKNOWN,false
ozdemir,https://ankaraozdemirnakliyat.com/blog/afyonkarahisar-evden-eve-tasima-ucretleri-2026,blog_post,MERGE,200,true,674,0.0076,0.1641,1.0000,https://ankaraozdemirnakliyat.com/blog/gaziantep-evden-eve-tasima-ucretleri-2026,false,true,false,1,50,Afyonkarahisar Evden Eve Taşıma Ücretleri 2026 | Ankara Özdemir Nakliyat,Afyonkarahisar Evden Eve Taşıma Ücretleri 2026,https://ankaraozdemirnakliyat.com/blog/afyonkarahisar-evden-eve-tasima-ucretleri-2026,UNKNOWN,UNKNOWN,UNKNOWN,UNKNOWN,UNKNOWN,false
ozdemir,https://ankaraozdemirnakliyat.com/blog/eskisehir-ankara-tasima-ucretleri-ve-sureleri-2026,blog_post,KEEP,200,true,684,0.0075,0.1437,0.8942,https://ankaraozdemirnakliyat.com/blog/konya-nakliyat-pazari-ve-gelecek-projeksiyonu-2026,false,false,false,1,50,Eskişehir Ankara Taşıma Ücretleri ve Süreleri 2026 | Ankara Özdemir Nakliyat,Eskişehir Ankara Taşıma Ücretleri ve Süreleri 2026,https://ankaraozdemirnakliyat.com/blog/eskisehir-ankara-tasima-ucretleri-ve-sureleri-2026,UNKNOWN,UNKNOWN,UNKNOWN,UNKNOWN,UNKNOWN,false
ozdemir,https://ankaraozdemirnakliyat.com/blog/konya-nakliyat-pazari-ve-gelecek-projeksiyonu-2026,blog_post,KEEP,200,true,684,0.0075,0.1437,0.9108,https://ankaraozdemirnakliyat.com/blog/boluda-nakliyat-firmalari-ve-hizmet-kalitesi-2026,false,false,false,1,50,Konya Nakliyat Pazarı ve Gelecek Projeksiyonu 2026 | Ankara Özdemir Nakliyat,Konya Nakliyat Pazarı ve Gelecek Projeksiyonu 2026,https://ankaraozdemirnakliyat.com/blog/konya-nakliyat-pazari-ve-gelecek-projeksiyonu-2026,UNKNOWN,UNKNOWN,UNKNOWN,UNKNOWN,UNKNOWN,false
ozdemir,https://ankaraozdemirnakliyat.com/blog/kirikkale-istanbul-arasi-tasima-fiyatlari-2026,blog_post,KEEP,200,true,678,0.0076,0.1329,0.8843,https://ankaraozdemirnakliyat.com/blog/kirikkale-asansorlu-tasima-cozumleri-2026,false,false,false,1,50,Kırıkkale İstanbul Arası Taşıma Fiyatları 2026 | Ankara Özdemir Nakliyat,Kırıkkale İstanbul Arası Taşıma Fiyatları 2026,https://ankaraozdemirnakliyat.com/blog/kirikkale-istanbul-arasi-tasima-fiyatlari-2026,UNKNOWN,UNKNOWN,UNKNOWN,UNKNOWN,UNKNOWN,false
ozdemir,https://ankaraozdemirnakliyat.com/blog/eskisehir-istanbul-arasi-tasima-fiyatlari-2026,blog_post,KEEP,200,true,678,0.0076,0.1329,0.8843,https://ankaraozdemirnakliyat.com/blog/eskisehir-asansorlu-tasima-cozumleri-2026,false,false,false,1,50,Eskişehir İstanbul Arası Taşıma Fiyatları 2026 | Ankara Özdemir Nakliyat,Eskişehir İstanbul Arası Taşıma Fiyatları 2026,https://ankaraozdemirnakliyat.com/blog/eskisehir-istanbul-arasi-tasima-fiyatlari-2026,UNKNOWN,UNKNOWN,UNKNOWN,UNKNOWN,UNKNOWN,false
ozdemir,https://ankaraozdemirnakliyat.com/blog/zonguldak-istanbul-arasi-tasima-fiyatlari-2026,blog_post,MERGE,200,true,678,0.0076,0.1329,1.0000,https://ankaraozdemirnakliyat.com/blog/kocaeli-istanbul-arasi-tasima-fiyatlari-2026,false,true,false,1,50,Zonguldak İstanbul Arası Taşıma Fiyatları 2026 | Ankara Özdemir Nakliyat,Zonguldak İstanbul Arası Taşıma Fiyatları 2026,https://ankaraozdemirnakliyat.com/blog/zonguldak-istanbul-arasi-tasima-fiyatlari-2026,UNKNOWN,UNKNOWN,UNKNOWN,UNKNOWN,UNKNOWN,false
ozdemir,https://ankaraozdemirnakliyat.com/blog/kahramanmaras-evden-eve-tasima-ucretleri-2026,blog_post,KEEP,200,true,674,0.0076,0.1641,0.8821,https://ankaraozdemirnakliyat.com/blog/gaziantep-evden-eve-tasima-ucretleri-2026,false,false,false,1,50,Kahramanmaraş Evden Eve Taşıma Ücretleri 2026 | Ankara Özdemir Nakliyat,Kahramanmaraş Evden Eve Taşıma Ücretleri 2026,https://ankaraozdemirnakliyat.com/blog/kahramanmaras-evden-eve-tasima-ucretleri-2026,UNKNOWN,UNKNOWN,UNKNOWN,UNKNOWN,UNKNOWN,false
ozdemir,https://ankaraozdemirnakliyat.com/blog/boluda-nakliyat-firmalari-ve-hizmet-kalitesi-2026,blog_post,KEEP,200,true,684,0.0075,0.1437,0.9108,https://ankaraozdemirnakliyat.com/blog/kocaeli-ankara-nakliyat-hatti-analizi-2026,false,false,false,1,50,Boluda Nakliyat Firmaları ve Hizmet Kalitesi 2026 | Ankara Özdemir Nakliyat,Boluda Nakliyat Firmaları ve Hizmet Kalitesi 2026,https://ankaraozdemirnakliyat.com/blog/boluda-nakliyat-firmalari-ve-hizmet-kalitesi-2026,UNKNOWN,UNKNOWN,UNKNOWN,UNKNOWN,UNKNOWN,false
ozdemir,https://ankaraozdemirnakliyat.com/blog/antalya-ankara-yaz-tasinmalari-icin-ipuclari-2026,blog_post,KEEP,200,true,684,0.0075,0.1437,0.8867,https://ankaraozdemirnakliyat.com/blog/kocaeli-ankara-nakliyat-hatti-analizi-2026,false,false,false,1,50,Antalya Ankara Yaz Taşınmaları İçin İpuçları 2026 | Ankara Özdemir Nakliyat,Antalya Ankara Yaz Taşınmaları İçin İpuçları 2026,https://ankaraozdemirnakliyat.com/blog/antalya-ankara-yaz-tasinmalari-icin-ipuclari-2026,UNKNOWN,UNKNOWN,UNKNOWN,UNKNOWN,UNKNOWN,false
ozdemir,https://ankaraozdemirnakliyat.com/blog/guneydogu-anadolu-sehirler-arasi-tasimacilik-2026,blog_post,KEEP,200,true,678,0.0076,0.1360,0.8942,https://ankaraozdemirnakliyat.com/blog/kocaeli-ankara-nakliyat-hatti-analizi-2026,false,false,false,1,50,Güneydoğu Anadolu Şehirler Arası Taşımacılık 2026 | Ankara Özdemir Nakliyat,Güneydoğu Anadolu Şehirler Arası Taşımacılık 2026,https://ankaraozdemirnakliyat.com/blog/guneydogu-anadolu-sehirler-arasi-tasimacilik-2026,UNKNOWN,UNKNOWN,UNKNOWN,UNKNOWN,UNKNOWN,false
ozdemir,https://ankaraozdemirnakliyat.com/blog/trakya-nakliyat-hatti-ve-istanbul-baglantisi-2026,blog_post,KEEP,200,true,684,0.0075,0.1437,0.9165,https://ankaraozdemirnakliyat.com/blog/kocaeli-ankara-nakliyat-hatti-analizi-2026,false,false,false,1,50,Trakya Nakliyat Hattı ve İstanbul Bağlantısı 2026 | Ankara Özdemir Nakliyat,Trakya Nakliyat Hattı ve İstanbul Bağlantısı 2026,https://ankaraozdemirnakliyat.com/blog/trakya-nakliyat-hatti-ve-istanbul-baglantisi-2026,UNKNOWN,UNKNOWN,UNKNOWN,UNKNOWN,UNKNOWN,false
ozdemir,https://ankaraozdemirnakliyat.com/blog/kirsehir-istanbul-arasi-tasima-fiyatlari-2026,blog_post,KEEP,200,true,678,0.0076,0.1329,0.8843,https://ankaraozdemirnakliyat.com/blog/kirsehir-asansorlu-tasima-cozumleri-2026,false,false,false,1,50,Kırşehir İstanbul Arası Taşıma Fiyatları 2026 | Ankara Özdemir Nakliyat,Kırşehir İstanbul Arası Taşıma Fiyatları 2026,https://ankaraozdemirnakliyat.com/blog/kirsehir-istanbul-arasi-tasima-fiyatlari-2026,UNKNOWN,UNKNOWN,UNKNOWN,UNKNOWN,UNKNOWN,false
ozdemir,https://ankaraozdemirnakliyat.com/blog/tekirdag-istanbul-arasi-tasima-fiyatlari-2026,blog_post,KEEP,200,true,678,0.0076,0.1329,0.8843,https://ankaraozdemirnakliyat.com/blog/tekirdag-asansorlu-tasima-cozumleri-2026,false,false,false,1,50,Tekirdağ İstanbul Arası Taşıma Fiyatları 2026 | Ankara Özdemir Nakliyat,Tekirdağ İstanbul Arası Taşıma Fiyatları 2026,https://ankaraozdemirnakliyat.com/blog/tekirdag-istanbul-arasi-tasima-fiyatlari-2026,UNKNOWN,UNKNOWN,UNKNOWN,UNKNOWN,UNKNOWN,false
ozdemir,https://ankaraozdemirnakliyat.com/blog/akdeniz-bolgesi-yazlik-esya-tasima-rehberi-2026,blog_post,KEEP,200,true,684,0.0075,0.1437,0.8859,https://ankaraozdemirnakliyat.com/blog/cocuklu-aileler-icin-tasinma-rehberi-2026,false,false,false,1,50,Akdeniz Bölgesi Yazlık Eşya Taşıma Rehberi 2026 | Ankara Özdemir Nakliyat,Akdeniz Bölgesi Yazlık Eşya Taşıma Rehberi 2026,https://ankaraozdemirnakliyat.com/blog/akdeniz-bolgesi-yazlik-esya-tasima-rehberi-2026,UNKNOWN,UNKNOWN,UNKNOWN,UNKNOWN,UNKNOWN,false
ozdemir,https://ankaraozdemirnakliyat.com/blog/kocaeli-istanbul-arasi-tasima-fiyatlari-2026,blog_post,MERGE,200,true,678,0.0076,0.1329,1.0000,https://ankaraozdemirnakliyat.com/blog/sakarya-istanbul-arasi-tasima-fiyatlari-2026,false,true,false,1,50,Kocaeli İstanbul Arası Taşıma Fiyatları 2026 | Ankara Özdemir Nakliyat,Kocaeli İstanbul Arası Taşıma Fiyatları 2026,https://ankaraozdemirnakliyat.com/blog/kocaeli-istanbul-arasi-tasima-fiyatlari-2026,UNKNOWN,UNKNOWN,UNKNOWN,UNKNOWN,UNKNOWN,false
ozdemir,https://ankaraozdemirnakliyat.com/blog/sakarya-istanbul-arasi-tasima-fiyatlari-2026,blog_post,MERGE,200,true,678,0.0076,0.1329,1.0000,https://ankaraozdemirnakliyat.com/blog/aksaray-istanbul-arasi-tasima-fiyatlari-2026,false,true,false,1,50,Sakarya İstanbul Arası Taşıma Fiyatları 2026 | Ankara Özdemir Nakliyat,Sakarya İstanbul Arası Taşıma Fiyatları 2026,https://ankaraozdemirnakliyat.com/blog/sakarya-istanbul-arasi-tasima-fiyatlari-2026,UNKNOWN,UNKNOWN,UNKNOWN,UNKNOWN,UNKNOWN,false
ozdemir,https://ankaraozdemirnakliyat.com/blog/cankiri-istanbul-arasi-tasima-fiyatlari-2026,blog_post,KEEP,200,true,678,0.0076,0.1329,0.8843,https://ankaraozdemirnakliyat.com/blog/cankiri-asansorlu-tasima-cozumleri-2026,false,false,false,1,50,Çankırı İstanbul Arası Taşıma Fiyatları 2026 | Ankara Özdemir Nakliyat,Çankırı İstanbul Arası Taşıma Fiyatları 2026,https://ankaraozdemirnakliyat.com/blog/cankiri-istanbul-arasi-tasima-fiyatlari-2026,UNKNOWN,UNKNOWN,UNKNOWN,UNKNOWN,UNKNOWN,false
ozdemir,https://ankaraozdemirnakliyat.com/blog/aksaray-istanbul-arasi-tasima-fiyatlari-2026,blog_post,MERGE,200,true,678,0.0076,0.1329,1.0000,https://ankaraozdemirnakliyat.com/blog/bilecik-istanbul-arasi-tasima-fiyatlari-2026,false,true,false,1,50,Aksaray İstanbul Arası Taşıma Fiyatları 2026 | Ankara Özdemir Nakliyat,Aksaray İstanbul Arası Taşıma Fiyatları 2026,https://ankaraozdemirnakliyat.com/blog/aksaray-istanbul-arasi-tasima-fiyatlari-2026,UNKNOWN,UNKNOWN,UNKNOWN,UNKNOWN,UNKNOWN,false
ozdemir,https://ankaraozdemirnakliyat.com/blog/bilecik-istanbul-arasi-tasima-fiyatlari-2026,blog_post,MERGE,200,true,678,0.0076,0.1329,1.0000,https://ankaraozdemirnakliyat.com/blog/yalova-istanbul-arasi-tasima-fiyatlari-2026,false,true,false,1,50,Bilecik İstanbul Arası Taşıma Fiyatları 2026 | Ankara Özdemir Nakliyat,Bilecik İstanbul Arası Taşıma Fiyatları 2026,https://ankaraozdemirnakliyat.com/blog/bilecik-istanbul-arasi-tasima-fiyatlari-2026,UNKNOWN,UNKNOWN,UNKNOWN,UNKNOWN,UNKNOWN,false
ozdemir,https://ankaraozdemirnakliyat.com/blog/kirklareli-asansorlu-tasima-cozumleri-2026,blog_post,KEEP,200,true,671,0.0076,0.1237,0.8764,https://ankaraozdemirnakliyat.com/blog/zonguldak-asansorlu-tasima-cozumleri-2026,false,false,false,1,50,Kırklareli Asansörlü Taşıma Çözümleri 2026 | Ankara Özdemir Nakliyat,Kırklareli Asansörlü Taşıma Çözümleri 2026,https://ankaraozdemirnakliyat.com/blog/kirklareli-asansorlu-tasima-cozumleri-2026,UNKNOWN,UNKNOWN,UNKNOWN,UNKNOWN,UNKNOWN,false
ozdemir,https://ankaraozdemirnakliyat.com/blog/karabuk-istanbul-arasi-tasima-fiyatlari-2026,blog_post,KEEP,200,true,678,0.0076,0.1329,0.8843,https://ankaraozdemirnakliyat.com/blog/karabuk-asansorlu-tasima-cozumleri-2026,false,false,false,1,50,Karabük İstanbul Arası Taşıma Fiyatları 2026 | Ankara Özdemir Nakliyat,Karabük İstanbul Arası Taşıma Fiyatları 2026,https://ankaraozdemirnakliyat.com/blog/karabuk-istanbul-arasi-tasima-fiyatlari-2026,UNKNOWN,UNKNOWN,UNKNOWN,UNKNOWN,UNKNOWN,false
ozdemir,https://ankaraozdemirnakliyat.com/blog/tekirdag-istanbul-nakliyat-cozumleri-2026-2026,blog_post,KEEP,200,true,678,0.0076,0.1360,0.9024,https://ankaraozdemirnakliyat.com/blog/kocaeli-ankara-nakliyat-hatti-analizi-2026,false,false,false,1,50,Tekirdağ İstanbul Nakliyat Çözümleri 2026 2026 | Ankara Özdemir Nakliyat,Tekirdağ İstanbul Nakliyat Çözümleri 2026 2026,https://ankaraozdemirnakliyat.com/blog/tekirdag-istanbul-nakliyat-cozumleri-2026-2026,UNKNOWN,UNKNOWN,UNKNOWN,UNKNOWN,UNKNOWN,false
ozdemir,https://ankaraozdemirnakliyat.com/blog/hasar-bildirimi-ve-sigorta-surec-yonetimi-2026,blog_post,KEEP,200,true,684,0.0075,0.1437,0.8711,https://ankaraozdemirnakliyat.com/blog/kocaeli-ankara-nakliyat-hatti-analizi-2026,false,false,false,1,50,Hasar Bildirimi ve Sigorta Süreç Yönetimi 2026 | Ankara Özdemir Nakliyat,Hasar Bildirimi ve Sigorta Süreç Yönetimi 2026,https://ankaraozdemirnakliyat.com/blog/hasar-bildirimi-ve-sigorta-surec-yonetimi-2026,UNKNOWN,UNKNOWN,UNKNOWN,UNKNOWN,UNKNOWN,false
ozdemir,https://ankaraozdemirnakliyat.com/blog/esya-paketleme-sirlari-ve-malzeme-secimi-2026,blog_post,KEEP,200,true,684,0.0075,0.1437,0.8333,https://ankaraozdemirnakliyat.com/blog/kocaeli-ankara-nakliyat-hatti-analizi-2026,false,false,false,1,50,Eşya Paketleme Sırları ve Malzeme Seçimi 2026 | Ankara Özdemir Nakliyat,Eşya Paketleme Sırları ve Malzeme Seçimi 2026,https://ankaraozdemirnakliyat.com/blog/esya-paketleme-sirlari-ve-malzeme-secimi-2026,UNKNOWN,UNKNOWN,UNKNOWN,UNKNOWN,UNKNOWN,false
ozdemir,https://ankaraozdemirnakliyat.com/blog/samsun-nakliyat-dunyasi-karadeniz-hatti-2026,blog_post,KEEP,200,true,678,0.0076,0.1360,0.9165,https://ankaraozdemirnakliyat.com/blog/kocaeli-ankara-nakliyat-hatti-analizi-2026,false,false,false,1,50,Samsun Nakliyat Dünyası: Karadeniz Hattı 2026 | Ankara Özdemir Nakliyat,Samsun Nakliyat Dünyası: Karadeniz Hattı 2026,https://ankaraozdemirnakliyat.com/blog/samsun-nakliyat-dunyasi-karadeniz-hatti-2026,UNKNOWN,UNKNOWN,UNKNOWN,UNKNOWN,UNKNOWN,false
ozdemir,https://ankaraozdemirnakliyat.com/blog/istanbul-bogaz-hatti-nakliyat-zorluklari-2026,blog_post,KEEP,200,true,678,0.0076,0.1360,0.8942,https://ankaraozdemirnakliyat.com/blog/kocaeli-ankara-nakliyat-hatti-analizi-2026,false,false,false,1,50,İstanbul Boğaz Hattı Nakliyat Zorlukları 2026 | Ankara Özdemir Nakliyat,İstanbul Boğaz Hattı Nakliyat Zorlukları 2026,https://ankaraozdemirnakliyat.com/blog/istanbul-bogaz-hatti-nakliyat-zorluklari-2026,UNKNOWN,UNKNOWN,UNKNOWN,UNKNOWN,UNKNOWN,false
ozdemir,https://ankaraozdemirnakliyat.com/blog/kirikkale-asansorlu-tasima-cozumleri-2026,blog_post,KEEP,200,true,671,0.0076,0.1237,0.8764,https://ankaraozdemirnakliyat.com/blog/zonguldak-asansorlu-tasima-cozumleri-2026,false,false,false,1,50,Kırıkkale Asansörlü Taşıma Çözümleri 2026 | Ankara Özdemir Nakliyat,Kırıkkale Asansörlü Taşıma Çözümleri 2026,https://ankaraozdemirnakliyat.com/blog/kirikkale-asansorlu-tasima-cozumleri-2026,UNKNOWN,UNKNOWN,UNKNOWN,UNKNOWN,UNKNOWN,false
ozdemir,https://ankaraozdemirnakliyat.com/blog/eskisehir-asansorlu-tasima-cozumleri-2026,blog_post,KEEP,200,true,671,0.0076,0.1237,0.8764,https://ankaraozdemirnakliyat.com/blog/zonguldak-asansorlu-tasima-cozumleri-2026,false,false,false,1,50,Eskişehir Asansörlü Taşıma Çözümleri 2026 | Ankara Özdemir Nakliyat,Eskişehir Asansörlü Taşıma Çözümleri 2026,https://ankaraozdemirnakliyat.com/blog/eskisehir-asansorlu-tasima-cozumleri-2026,UNKNOWN,UNKNOWN,UNKNOWN,UNKNOWN,UNKNOWN,false
ozdemir,https://ankaraozdemirnakliyat.com/blog/yalova-istanbul-arasi-tasima-fiyatlari-2026,blog_post,MERGE,200,true,678,0.0076,0.1329,1.0000,https://ankaraozdemirnakliyat.com/blog/edirne-istanbul-arasi-tasima-fiyatlari-2026,false,true,false,1,50,Yalova İstanbul Arası Taşıma Fiyatları 2026 | Ankara Özdemir Nakliyat,Yalova İstanbul Arası Taşıma Fiyatları 2026,https://ankaraozdemirnakliyat.com/blog/yalova-istanbul-arasi-tasima-fiyatlari-2026,UNKNOWN,UNKNOWN,UNKNOWN,UNKNOWN,UNKNOWN,false
ozdemir,https://ankaraozdemirnakliyat.com/blog/edirne-istanbul-arasi-tasima-fiyatlari-2026,blog_post,MERGE,200,true,678,0.0076,0.1329,1.0000,https://ankaraozdemirnakliyat.com/blog/konya-istanbul-arasi-tasima-fiyatlari-2026,false,true,false,1,50,Edirne İstanbul Arası Taşıma Fiyatları 2026 | Ankara Özdemir Nakliyat,Edirne İstanbul Arası Taşıma Fiyatları 2026,https://ankaraozdemirnakliyat.com/blog/edirne-istanbul-arasi-tasima-fiyatlari-2026,UNKNOWN,UNKNOWN,UNKNOWN,UNKNOWN,UNKNOWN,false
ozdemir,https://ankaraozdemirnakliyat.com/blog/zonguldak-asansorlu-tasima-cozumleri-2026,blog_post,MERGE,200,true,671,0.0076,0.1237,1.0000,https://ankaraozdemirnakliyat.com/blog/kocaeli-asansorlu-tasima-cozumleri-2026,false,true,false,1,50,Zonguldak Asansörlü Taşıma Çözümleri 2026 | Ankara Özdemir Nakliyat,Zonguldak Asansörlü Taşıma Çözümleri 2026,https://ankaraozdemirnakliyat.com/blog/zonguldak-asansorlu-tasima-cozumleri-2026,UNKNOWN,UNKNOWN,UNKNOWN,UNKNOWN,UNKNOWN,false
ozdemir,https://ankaraozdemirnakliyat.com/blog/bartin-istanbul-arasi-tasima-fiyatlari-2026,blog_post,KEEP,200,true,678,0.0076,0.1329,0.8843,https://ankaraozdemirnakliyat.com/blog/bartin-asansorlu-tasima-cozumleri-2026,false,false,false,1,50,Bartın İstanbul Arası Taşıma Fiyatları 2026 | Ankara Özdemir Nakliyat,Bartın İstanbul Arası Taşıma Fiyatları 2026,https://ankaraozdemirnakliyat.com/blog/bartin-istanbul-arasi-tasima-fiyatlari-2026,UNKNOWN,UNKNOWN,UNKNOWN,UNKNOWN,UNKNOWN,false
ozdemir,https://ankaraozdemirnakliyat.com/blog/diyarbakir-evden-eve-tasima-ucretleri-2026,blog_post,KEEP,200,true,674,0.0076,0.1641,0.8821,https://ankaraozdemirnakliyat.com/blog/gaziantep-evden-eve-tasima-ucretleri-2026,false,false,false,1,50,Diyarbakır Evden Eve Taşıma Ücretleri 2026 | Ankara Özdemir Nakliyat,Diyarbakır Evden Eve Taşıma Ücretleri 2026,https://ankaraozdemirnakliyat.com/blog/diyarbakir-evden-eve-tasima-ucretleri-2026,UNKNOWN,UNKNOWN,UNKNOWN,UNKNOWN,UNKNOWN,false
ozdemir,https://ankaraozdemirnakliyat.com/blog/ic-anadolu-nakliyat-sektor-analizi-2026-2026,blog_post,KEEP,200,true,684,0.0075,0.1437,0.9024,https://ankaraozdemirnakliyat.com/blog/kocaeli-ankara-nakliyat-hatti-analizi-2026,false,false,false,1,50,İç Anadolu Nakliyat Sektör Analizi 2026 2026 | Ankara Özdemir Nakliyat,İç Anadolu Nakliyat Sektör Analizi 2026 2026,https://ankaraozdemirnakliyat.com/blog/ic-anadolu-nakliyat-sektor-analizi-2026-2026,UNKNOWN,UNKNOWN,UNKNOWN,UNKNOWN,UNKNOWN,false
ozdemir,https://ankaraozdemirnakliyat.com/blog/surdurulebilir-lojistik-yesil-nakliyat-2026,blog_post,KEEP,200,true,672,0.0076,0.1280,0.8932,https://ankaraozdemirnakliyat.com/blog/ankara-cevreyolu-lojistik-avantajlari-2026,false,false,false,1,50,Sürdürülebilir Lojistik: Yeşil Nakliyat 2026 | Ankara Özdemir Nakliyat,Sürdürülebilir Lojistik: Yeşil Nakliyat 2026,https://ankaraozdemirnakliyat.com/blog/surdurulebilir-lojistik-yesil-nakliyat-2026,UNKNOWN,UNKNOWN,UNKNOWN,UNKNOWN,UNKNOWN,false
ozdemir,https://ankaraozdemirnakliyat.com/blog/dogu-anadolu-kis-nakliyati-ve-guvenlik-2026,blog_post,KEEP,200,true,684,0.0075,0.1437,0.8861,https://ankaraozdemirnakliyat.com/blog/kocaeli-ankara-nakliyat-hatti-analizi-2026,false,false,false,1,50,Doğu Anadolu Kış Nakliyatı ve Güvenlik 2026 | Ankara Özdemir Nakliyat,Doğu Anadolu Kış Nakliyatı ve Güvenlik 2026,https://ankaraozdemirnakliyat.com/blog/dogu-anadolu-kis-nakliyati-ve-guvenlik-2026,UNKNOWN,UNKNOWN,UNKNOWN,UNKNOWN,UNKNOWN,false
ozdemir,https://ankaraozdemirnakliyat.com/blog/duzce-istanbul-arasi-tasima-fiyatlari-2026,blog_post,KEEP,200,true,678,0.0076,0.1329,0.8843,https://ankaraozdemirnakliyat.com/blog/duzce-asansorlu-tasima-cozumleri-2026,false,false,false,1,50,Düzce İstanbul Arası Taşıma Fiyatları 2026 | Ankara Özdemir Nakliyat,Düzce İstanbul Arası Taşıma Fiyatları 2026,https://ankaraozdemirnakliyat.com/blog/duzce-istanbul-arasi-tasima-fiyatlari-2026,UNKNOWN,UNKNOWN,UNKNOWN,UNKNOWN,UNKNOWN,false
ozdemir,https://ankaraozdemirnakliyat.com/blog/kirsehir-asansorlu-tasima-cozumleri-2026,blog_post,KEEP,200,true,671,0.0076,0.1237,0.8764,https://ankaraozdemirnakliyat.com/blog/kocaeli-asansorlu-tasima-cozumleri-2026,false,false,false,1,50,Kırşehir Asansörlü Taşıma Çözümleri 2026 | Ankara Özdemir Nakliyat,Kırşehir Asansörlü Taşıma Çözümleri 2026,https://ankaraozdemirnakliyat.com/blog/kirsehir-asansorlu-tasima-cozumleri-2026,UNKNOWN,UNKNOWN,UNKNOWN,UNKNOWN,UNKNOWN,false
ozdemir,https://ankaraozdemirnakliyat.com/blog/konya-istanbul-arasi-tasima-fiyatlari-2026,blog_post,MERGE,200,true,678,0.0076,0.1329,1.0000,https://ankaraozdemirnakliyat.com/blog/bolu-istanbul-arasi-tasima-fiyatlari-2026,false,true,false,1,50,Konya İstanbul Arası Taşıma Fiyatları 2026 | Ankara Özdemir Nakliyat,Konya İstanbul Arası Taşıma Fiyatları 2026,https://ankaraozdemirnakliyat.com/blog/konya-istanbul-arasi-tasima-fiyatlari-2026,UNKNOWN,UNKNOWN,UNKNOWN,UNKNOWN,UNKNOWN,false
ozdemir,https://ankaraozdemirnakliyat.com/blog/tekirdag-asansorlu-tasima-cozumleri-2026,blog_post,KEEP,200,true,671,0.0076,0.1237,0.8764,https://ankaraozdemirnakliyat.com/blog/kocaeli-asansorlu-tasima-cozumleri-2026,false,false,false,1,50,Tekirdağ Asansörlü Taşıma Çözümleri 2026 | Ankara Özdemir Nakliyat,Tekirdağ Asansörlü Taşıma Çözümleri 2026,https://ankaraozdemirnakliyat.com/blog/tekirdag-asansorlu-tasima-cozumleri-2026,UNKNOWN,UNKNOWN,UNKNOWN,UNKNOWN,UNKNOWN,false
ozdemir,https://ankaraozdemirnakliyat.com/blog/balikesir-evden-eve-tasima-ucretleri-2026,blog_post,KEEP,200,true,674,0.0076,0.1641,0.8821,https://ankaraozdemirnakliyat.com/blog/gaziantep-evden-eve-tasima-ucretleri-2026,false,false,false,1,50,Balıkesir Evden Eve Taşıma Ücretleri 2026 | Ankara Özdemir Nakliyat,Balıkesir Evden Eve Taşıma Ücretleri 2026,https://ankaraozdemirnakliyat.com/blog/balikesir-evden-eve-tasima-ucretleri-2026,UNKNOWN,UNKNOWN,UNKNOWN,UNKNOWN,UNKNOWN,false
ozdemir,https://ankaraozdemirnakliyat.com/blog/canakkale-evden-eve-tasima-ucretleri-2026,blog_post,KEEP,200,true,674,0.0076,0.1641,0.8821,https://ankaraozdemirnakliyat.com/blog/gaziantep-evden-eve-tasima-ucretleri-2026,false,false,false,1,50,Çanakkale Evden Eve Taşıma Ücretleri 2026 | Ankara Özdemir Nakliyat,Çanakkale Evden Eve Taşıma Ücretleri 2026,https://ankaraozdemirnakliyat.com/blog/canakkale-evden-eve-tasima-ucretleri-2026,UNKNOWN,UNKNOWN,UNKNOWN,UNKNOWN,UNKNOWN,false
ozdemir,https://ankaraozdemirnakliyat.com/blog/gaziantep-evden-eve-tasima-ucretleri-2026,blog_post,MERGE,200,true,674,0.0076,0.1641,1.0000,https://ankaraozdemirnakliyat.com/blog/kastamonu-evden-eve-tasima-ucretleri-2026,false,true,false,1,50,Gaziantep Evden Eve Taşıma Ücretleri 2026 | Ankara Özdemir Nakliyat,Gaziantep Evden Eve Taşıma Ücretleri 2026,https://ankaraozdemirnakliyat.com/blog/gaziantep-evden-eve-tasima-ucretleri-2026,UNKNOWN,UNKNOWN,UNKNOWN,UNKNOWN,UNKNOWN,false
ozdemir,https://ankaraozdemirnakliyat.com/blog/gumushane-evden-eve-tasima-ucretleri-2026,blog_post,KEEP,200,true,674,0.0076,0.1641,0.8821,https://ankaraozdemirnakliyat.com/blog/kastamonu-evden-eve-tasima-ucretleri-2026,false,false,false,1,50,Gümüşhane Evden Eve Taşıma Ücretleri 2026 | Ankara Özdemir Nakliyat,Gümüşhane Evden Eve Taşıma Ücretleri 2026,https://ankaraozdemirnakliyat.com/blog/gumushane-evden-eve-tasima-ucretleri-2026,UNKNOWN,UNKNOWN,UNKNOWN,UNKNOWN,UNKNOWN,false
ozdemir,https://ankaraozdemirnakliyat.com/blog/kastamonu-evden-eve-tasima-ucretleri-2026,blog_post,MERGE,200,true,674,0.0076,0.1641,1.0000,https://ankaraozdemirnakliyat.com/blog/erzincan-evden-eve-tasima-ucretleri-2026,false,true,false,1,50,Kastamonu Evden Eve Taşıma Ücretleri 2026 | Ankara Özdemir Nakliyat,Kastamonu Evden Eve Taşıma Ücretleri 2026,https://ankaraozdemirnakliyat.com/blog/kastamonu-evden-eve-tasima-ucretleri-2026,UNKNOWN,UNKNOWN,UNKNOWN,UNKNOWN,UNKNOWN,false
ozdemir,https://ankaraozdemirnakliyat.com/blog/sanliurfa-evden-eve-tasima-ucretleri-2026,blog_post,KEEP,200,true,674,0.0076,0.1641,0.8821,https://ankaraozdemirnakliyat.com/blog/erzincan-evden-eve-tasima-ucretleri-2026,false,false,false,1,50,Şanlıurfa Evden Eve Taşıma Ücretleri 2026 | Ankara Özdemir Nakliyat,Şanlıurfa Evden Eve Taşıma Ücretleri 2026,https://ankaraozdemirnakliyat.com/blog/sanliurfa-evden-eve-tasima-ucretleri-2026,UNKNOWN,UNKNOWN,UNKNOWN,UNKNOWN,UNKNOWN,false
ozdemir,https://ankaraozdemirnakliyat.com/blog/kocaeli-ankara-nakliyat-hatti-analizi-2026,blog_post,KEEP,200,true,678,0.0076,0.1360,0.8901,https://ankaraozdemirnakliyat.com/blog/cocuklu-aileler-icin-tasinma-rehberi-2026,false,false,false,1,50,Kocaeli Ankara Nakliyat Hattı Analizi 2026 | Ankara Özdemir Nakliyat,Kocaeli Ankara Nakliyat Hattı Analizi 2026,https://ankaraozdemirnakliyat.com/blog/kocaeli-ankara-nakliyat-hatti-analizi-2026,UNKNOWN,UNKNOWN,UNKNOWN,UNKNOWN,UNKNOWN,false
ozdemir,https://ankaraozdemirnakliyat.com/blog/ankara-cevreyolu-lojistik-avantajlari-2026,blog_post,KEEP,200,true,672,0.0076,0.1280,0.7979,https://ankaraozdemirnakliyat.com/blog/cocuklu-aileler-icin-tasinma-rehberi-2026,false,false,false,1,50,Ankara Çevreyolu Lojistik Avantajları 2026 | Ankara Özdemir Nakliyat,Ankara Çevreyolu Lojistik Avantajları 2026,https://ankaraozdemirnakliyat.com/blog/ankara-cevreyolu-lojistik-avantajlari-2026,UNKNOWN,UNKNOWN,UNKNOWN,UNKNOWN,UNKNOWN,false
ozdemir,https://ankaraozdemirnakliyat.com/blog/kocaeli-asansorlu-tasima-cozumleri-2026,blog_post,MERGE,200,true,671,0.0076,0.1237,1.0000,https://ankaraozdemirnakliyat.com/blog/sakarya-asansorlu-tasima-cozumleri-2026,false,true,false,1,50,Kocaeli Asansörlü Taşıma Çözümleri 2026 | Ankara Özdemir Nakliyat,Kocaeli Asansörlü Taşıma Çözümleri 2026,https://ankaraozdemirnakliyat.com/blog/kocaeli-asansorlu-tasima-cozumleri-2026,UNKNOWN,UNKNOWN,UNKNOWN,UNKNOWN,UNKNOWN,false
ozdemir,https://ankaraozdemirnakliyat.com/blog/sakarya-asansorlu-tasima-cozumleri-2026,blog_post,MERGE,200,true,671,0.0076,0.1237,1.0000,https://ankaraozdemirnakliyat.com/blog/aksaray-asansorlu-tasima-cozumleri-2026,false,true,false,1,50,Sakarya Asansörlü Taşıma Çözümleri 2026 | Ankara Özdemir Nakliyat,Sakarya Asansörlü Taşıma Çözümleri 2026,https://ankaraozdemirnakliyat.com/blog/sakarya-asansorlu-tasima-cozumleri-2026,UNKNOWN,UNKNOWN,UNKNOWN,UNKNOWN,UNKNOWN,false
ozdemir,https://ankaraozdemirnakliyat.com/blog/bolu-istanbul-arasi-tasima-fiyatlari-2026,blog_post,KEEP,200,true,678,0.0076,0.1692,0.8860,https://ankaraozdemirnakliyat.com/blog/aksaray-asansorlu-tasima-cozumleri-2026,false,false,false,1,50,Bolu İstanbul Arası Taşıma Fiyatları 2026 | Ankara Özdemir Nakliyat,Bolu İstanbul Arası Taşıma Fiyatları 2026,https://ankaraozdemirnakliyat.com/blog/bolu-istanbul-arasi-tasima-fiyatlari-2026,UNKNOWN,UNKNOWN,UNKNOWN,UNKNOWN,UNKNOWN,false
ozdemir,https://ankaraozdemirnakliyat.com/blog/cankiri-asansorlu-tasima-cozumleri-2026,blog_post,KEEP,200,true,671,0.0076,0.1237,0.8764,https://ankaraozdemirnakliyat.com/blog/aksaray-asansorlu-tasima-cozumleri-2026,false,false,false,1,50,Çankırı Asansörlü Taşıma Çözümleri 2026 | Ankara Özdemir Nakliyat,Çankırı Asansörlü Taşıma Çözümleri 2026,https://ankaraozdemirnakliyat.com/blog/cankiri-asansorlu-tasima-cozumleri-2026,UNKNOWN,UNKNOWN,UNKNOWN,UNKNOWN,UNKNOWN,false
ozdemir,https://ankaraozdemirnakliyat.com/blog/aksaray-asansorlu-tasima-cozumleri-2026,blog_post,MERGE,200,true,671,0.0076,0.1237,1.0000,https://ankaraozdemirnakliyat.com/blog/bilecik-asansorlu-tasima-cozumleri-2026,false,true,false,1,50,Aksaray Asansörlü Taşıma Çözümleri 2026 | Ankara Özdemir Nakliyat,Aksaray Asansörlü Taşıma Çözümleri 2026,https://ankaraozdemirnakliyat.com/blog/aksaray-asansorlu-tasima-cozumleri-2026,UNKNOWN,UNKNOWN,UNKNOWN,UNKNOWN,UNKNOWN,false
ozdemir,https://ankaraozdemirnakliyat.com/blog/bilecik-asansorlu-tasima-cozumleri-2026,blog_post,MERGE,200,true,671,0.0076,0.1237,1.0000,https://ankaraozdemirnakliyat.com/blog/yalova-asansorlu-tasima-cozumleri-2026,false,true,false,1,50,Bilecik Asansörlü Taşıma Çözümleri 2026 | Ankara Özdemir Nakliyat,Bilecik Asansörlü Taşıma Çözümleri 2026,https://ankaraozdemirnakliyat.com/blog/bilecik-asansorlu-tasima-cozumleri-2026,UNKNOWN,UNKNOWN,UNKNOWN,UNKNOWN,UNKNOWN,false
ozdemir,https://ankaraozdemirnakliyat.com/blog/karabuk-asansorlu-tasima-cozumleri-2026,blog_post,KEEP,200,true,671,0.0076,0.1237,0.8764,https://ankaraozdemirnakliyat.com/blog/yalova-asansorlu-tasima-cozumleri-2026,false,false,false,1,50,Karabük Asansörlü Taşıma Çözümleri 2026 | Ankara Özdemir Nakliyat,Karabük Asansörlü Taşıma Çözümleri 2026,https://ankaraozdemirnakliyat.com/blog/karabuk-asansorlu-tasima-cozumleri-2026,UNKNOWN,UNKNOWN,UNKNOWN,UNKNOWN,UNKNOWN,false
ozdemir,https://ankaraozdemirnakliyat.com/blog/cocuklu-aileler-icin-tasinma-rehberi-2026,blog_post,KEEP,200,true,678,0.0076,0.1360,0.8369,https://ankaraozdemirnakliyat.com/blog/erzincan-evden-eve-tasima-ucretleri-2026,false,false,false,1,50,Çocuklu Aileler İçin Taşınma Rehberi 2026 | Ankara Özdemir Nakliyat,Çocuklu Aileler İçin Taşınma Rehberi 2026,https://ankaraozdemirnakliyat.com/blog/cocuklu-aileler-icin-tasinma-rehberi-2026,UNKNOWN,UNKNOWN,UNKNOWN,UNKNOWN,UNKNOWN,false
ozdemir,https://ankaraozdemirnakliyat.com/blog/adiyaman-evden-eve-tasima-ucretleri-2026,blog_post,KEEP,200,true,674,0.0076,0.1641,0.8821,https://ankaraozdemirnakliyat.com/blog/erzincan-evden-eve-tasima-ucretleri-2026,false,false,false,1,50,Adıyaman Evden Eve Taşıma Ücretleri 2026 | Ankara Özdemir Nakliyat,Adıyaman Evden Eve Taşıma Ücretleri 2026,https://ankaraozdemirnakliyat.com/blog/adiyaman-evden-eve-tasima-ucretleri-2026,UNKNOWN,UNKNOWN,UNKNOWN,UNKNOWN,UNKNOWN,false
ozdemir,https://ankaraozdemirnakliyat.com/blog/erzincan-evden-eve-tasima-ucretleri-2026,blog_post,MERGE,200,true,674,0.0076,0.1641,1.0000,https://ankaraozdemirnakliyat.com/blog/osmaniye-evden-eve-tasima-ucretleri-2026,false,true,false,1,50,Erzincan Evden Eve Taşıma Ücretleri 2026 | Ankara Özdemir Nakliyat,Erzincan Evden Eve Taşıma Ücretleri 2026,https://ankaraozdemirnakliyat.com/blog/erzincan-evden-eve-tasima-ucretleri-2026,UNKNOWN,UNKNOWN,UNKNOWN,UNKNOWN,UNKNOWN,false
ozdemir,https://ankaraozdemirnakliyat.com/blog/nevsehir-evden-eve-tasima-ucretleri-2026,blog_post,KEEP,200,true,674,0.0076,0.1641,0.8821,https://ankaraozdemirnakliyat.com/blog/osmaniye-evden-eve-tasima-ucretleri-2026,false,false,false,1,50,Nevşehir Evden Eve Taşıma Ücretleri 2026 | Ankara Özdemir Nakliyat,Nevşehir Evden Eve Taşıma Ücretleri 2026,https://ankaraozdemirnakliyat.com/blog/nevsehir-evden-eve-tasima-ucretleri-2026,UNKNOWN,UNKNOWN,UNKNOWN,UNKNOWN,UNKNOWN,false
ozdemir,https://ankaraozdemirnakliyat.com/blog/osmaniye-evden-eve-tasima-ucretleri-2026,blog_post,MERGE,200,true,674,0.0076,0.1641,1.0000,https://ankaraozdemirnakliyat.com/blog/denizli-evden-eve-tasima-ucretleri-2026,false,true,false,1,50,Osmaniye Evden Eve Taşıma Ücretleri 2026 | Ankara Özdemir Nakliyat,Osmaniye Evden Eve Taşıma Ücretleri 2026,https://ankaraozdemirnakliyat.com/blog/osmaniye-evden-eve-tasima-ucretleri-2026,UNKNOWN,UNKNOWN,UNKNOWN,UNKNOWN,UNKNOWN,false
ozdemir,https://ankaraozdemirnakliyat.com/blog/yalova-asansorlu-tasima-cozumleri-2026,blog_post,MERGE,200,true,671,0.0076,0.1237,1.0000,https://ankaraozdemirnakliyat.com/blog/edirne-asansorlu-tasima-cozumleri-2026,false,true,false,1,50,Yalova Asansörlü Taşıma Çözümleri 2026 | Ankara Özdemir Nakliyat,Yalova Asansörlü Taşıma Çözümleri 2026,https://ankaraozdemirnakliyat.com/blog/yalova-asansorlu-tasima-cozumleri-2026,UNKNOWN,UNKNOWN,UNKNOWN,UNKNOWN,UNKNOWN,false
ozdemir,https://ankaraozdemirnakliyat.com/blog/edirne-asansorlu-tasima-cozumleri-2026,blog_post,MERGE,200,true,671,0.0076,0.1237,1.0000,https://ankaraozdemirnakliyat.com/blog/konya-asansorlu-tasima-cozumleri-2026,false,true,false,1,50,Edirne Asansörlü Taşıma Çözümleri 2026 | Ankara Özdemir Nakliyat,Edirne Asansörlü Taşıma Çözümleri 2026,https://ankaraozdemirnakliyat.com/blog/edirne-asansorlu-tasima-cozumleri-2026,UNKNOWN,UNKNOWN,UNKNOWN,UNKNOWN,UNKNOWN,false
ozdemir,https://ankaraozdemirnakliyat.com/blog/bartin-asansorlu-tasima-cozumleri-2026,blog_post,KEEP,200,true,671,0.0076,0.1237,0.8764,https://ankaraozdemirnakliyat.com/blog/konya-asansorlu-tasima-cozumleri-2026,false,false,false,1,50,Bartın Asansörlü Taşıma Çözümleri 2026 | Ankara Özdemir Nakliyat,Bartın Asansörlü Taşıma Çözümleri 2026,https://ankaraozdemirnakliyat.com/blog/bartin-asansorlu-tasima-cozumleri-2026,UNKNOWN,UNKNOWN,UNKNOWN,UNKNOWN,UNKNOWN,false
ozdemir,https://ankaraozdemirnakliyat.com/blog/antalya-evden-eve-tasima-ucretleri-2026,blog_post,MERGE,200,true,674,0.0076,0.1641,0.9824,https://ankaraozdemirnakliyat.com/blog/denizli-evden-eve-tasima-ucretleri-2026,false,true,false,1,50,Antalya Evden Eve Taşıma Ücretleri 2026 | Ankara Özdemir Nakliyat,Antalya Evden Eve Taşıma Ücretleri 2026,https://ankaraozdemirnakliyat.com/blog/antalya-evden-eve-tasima-ucretleri-2026,UNKNOWN,UNKNOWN,UNKNOWN,UNKNOWN,UNKNOWN,false
ozdemir,https://ankaraozdemirnakliyat.com/blog/denizli-evden-eve-tasima-ucretleri-2026,blog_post,MERGE,200,true,674,0.0076,0.1641,1.0000,https://ankaraozdemirnakliyat.com/blog/erzurum-evden-eve-tasima-ucretleri-2026,false,true,false,1,50,Denizli Evden Eve Taşıma Ücretleri 2026 | Ankara Özdemir Nakliyat,Denizli Evden Eve Taşıma Ücretleri 2026,https://ankaraozdemirnakliyat.com/blog/denizli-evden-eve-tasima-ucretleri-2026,UNKNOWN,UNKNOWN,UNKNOWN,UNKNOWN,UNKNOWN,false
ozdemir,https://ankaraozdemirnakliyat.com/blog/erzurum-evden-eve-tasima-ucretleri-2026,blog_post,MERGE,200,true,674,0.0076,0.1641,1.0000,https://ankaraozdemirnakliyat.com/blog/giresun-evden-eve-tasima-ucretleri-2026,false,true,false,1,50,Erzurum Evden Eve Taşıma Ücretleri 2026 | Ankara Özdemir Nakliyat,Erzurum Evden Eve Taşıma Ücretleri 2026,https://ankaraozdemirnakliyat.com/blog/erzurum-evden-eve-tasima-ucretleri-2026,UNKNOWN,UNKNOWN,UNKNOWN,UNKNOWN,UNKNOWN,false
ozdemir,https://ankaraozdemirnakliyat.com/blog/giresun-evden-eve-tasima-ucretleri-2026,blog_post,MERGE,200,true,674,0.0076,0.1641,1.0000,https://ankaraozdemirnakliyat.com/blog/hakkari-evden-eve-tasima-ucretleri-2026,false,true,false,1,50,Giresun Evden Eve Taşıma Ücretleri 2026 | Ankara Özdemir Nakliyat,Giresun Evden Eve Taşıma Ücretleri 2026,https://ankaraozdemirnakliyat.com/blog/giresun-evden-eve-tasima-ucretleri-2026,UNKNOWN,UNKNOWN,UNKNOWN,UNKNOWN,UNKNOWN,false
ozdemir,https://ankaraozdemirnakliyat.com/blog/hakkari-evden-eve-tasima-ucretleri-2026,blog_post,MERGE,200,true,674,0.0076,0.1641,1.0000,https://ankaraozdemirnakliyat.com/blog/kayseri-evden-eve-tasima-ucretleri-2026,false,true,false,1,50,Hakkari Evden Eve Taşıma Ücretleri 2026 | Ankara Özdemir Nakliyat,Hakkari Evden Eve Taşıma Ücretleri 2026,https://ankaraozdemirnakliyat.com/blog/hakkari-evden-eve-tasima-ucretleri-2026,UNKNOWN,UNKNOWN,UNKNOWN,UNKNOWN,UNKNOWN,false
ozdemir,https://ankaraozdemirnakliyat.com/blog/isparta-evden-eve-tasima-ucretleri-2026,blog_post,KEEP,200,true,674,0.0076,0.1641,0.8994,https://ankaraozdemirnakliyat.com/blog/kayseri-evden-eve-tasima-ucretleri-2026,false,false,false,1,50,Isparta Evden Eve Taşıma Ücretleri 2026 | Ankara Özdemir Nakliyat,Isparta Evden Eve Taşıma Ücretleri 2026,https://ankaraozdemirnakliyat.com/blog/isparta-evden-eve-tasima-ucretleri-2026,UNKNOWN,UNKNOWN,UNKNOWN,UNKNOWN,UNKNOWN,false
ozdemir,https://ankaraozdemirnakliyat.com/blog/kayseri-evden-eve-tasima-ucretleri-2026,blog_post,MERGE,200,true,674,0.0076,0.1641,1.0000,https://ankaraozdemirnakliyat.com/blog/malatya-evden-eve-tasima-ucretleri-2026,false,true,false,1,50,Kayseri Evden Eve Taşıma Ücretleri 2026 | Ankara Özdemir Nakliyat,Kayseri Evden Eve Taşıma Ücretleri 2026,https://ankaraozdemirnakliyat.com/blog/kayseri-evden-eve-tasima-ucretleri-2026,UNKNOWN,UNKNOWN,UNKNOWN,UNKNOWN,UNKNOWN,false
ozdemir,https://ankaraozdemirnakliyat.com/blog/kutahya-evden-eve-tasima-ucretleri-2026,blog_post,KEEP,200,true,674,0.0076,0.1641,0.8821,https://ankaraozdemirnakliyat.com/blog/malatya-evden-eve-tasima-ucretleri-2026,false,false,false,1,50,Kütahya Evden Eve Taşıma Ücretleri 2026 | Ankara Özdemir Nakliyat,Kütahya Evden Eve Taşıma Ücretleri 2026,https://ankaraozdemirnakliyat.com/blog/kutahya-evden-eve-tasima-ucretleri-2026,UNKNOWN,UNKNOWN,UNKNOWN,UNKNOWN,UNKNOWN,false
ozdemir,https://ankaraozdemirnakliyat.com/blog/malatya-evden-eve-tasima-ucretleri-2026,blog_post,MERGE,200,true,674,0.0076,0.1641,1.0000,https://ankaraozdemirnakliyat.com/blog/trabzon-evden-eve-tasima-ucretleri-2026,false,true,false,1,50,Malatya Evden Eve Taşıma Ücretleri 2026 | Ankara Özdemir Nakliyat,Malatya Evden Eve Taşıma Ücretleri 2026,https://ankaraozdemirnakliyat.com/blog/malatya-evden-eve-tasima-ucretleri-2026,UNKNOWN,UNKNOWN,UNKNOWN,UNKNOWN,UNKNOWN,false
ozdemir,https://ankaraozdemirnakliyat.com/blog/trabzon-evden-eve-tasima-ucretleri-2026,blog_post,MERGE,200,true,674,0.0076,0.1641,1.0000,https://ankaraozdemirnakliyat.com/blog/tunceli-evden-eve-tasima-ucretleri-2026,false,true,false,1,50,Trabzon Evden Eve Taşıma Ücretleri 2026 | Ankara Özdemir Nakliyat,Trabzon Evden Eve Taşıma Ücretleri 2026,https://ankaraozdemirnakliyat.com/blog/trabzon-evden-eve-tasima-ucretleri-2026,UNKNOWN,UNKNOWN,UNKNOWN,UNKNOWN,UNKNOWN,false
ozdemir,https://ankaraozdemirnakliyat.com/blog/tunceli-evden-eve-tasima-ucretleri-2026,blog_post,MERGE,200,true,674,0.0076,0.1641,1.0000,https://ankaraozdemirnakliyat.com/blog/bayburt-evden-eve-tasima-ucretleri-2026,false,true,false,1,50,Tunceli Evden Eve Taşıma Ücretleri 2026 | Ankara Özdemir Nakliyat,Tunceli Evden Eve Taşıma Ücretleri 2026,https://ankaraozdemirnakliyat.com/blog/tunceli-evden-eve-tasima-ucretleri-2026,UNKNOWN,UNKNOWN,UNKNOWN,UNKNOWN,UNKNOWN,false
ozdemir,https://ankaraozdemirnakliyat.com/blog/bayburt-evden-eve-tasima-ucretleri-2026,blog_post,MERGE,200,true,674,0.0076,0.1641,1.0000,https://ankaraozdemirnakliyat.com/blog/karaman-evden-eve-tasima-ucretleri-2026,false,true,false,1,50,Bayburt Evden Eve Taşıma Ücretleri 2026 | Ankara Özdemir Nakliyat,Bayburt Evden Eve Taşıma Ücretleri 2026,https://ankaraozdemirnakliyat.com/blog/bayburt-evden-eve-tasima-ucretleri-2026,UNKNOWN,UNKNOWN,UNKNOWN,UNKNOWN,UNKNOWN,false
ozdemir,https://ankaraozdemirnakliyat.com/blog/karaman-evden-eve-tasima-ucretleri-2026,blog_post,MERGE,200,true,674,0.0076,0.1641,1.0000,https://ankaraozdemirnakliyat.com/blog/ardahan-evden-eve-tasima-ucretleri-2026,false,true,false,1,50,Karaman Evden Eve Taşıma Ücretleri 2026 | Ankara Özdemir Nakliyat,Karaman Evden Eve Taşıma Ücretleri 2026,https://ankaraozdemirnakliyat.com/blog/karaman-evden-eve-tasima-ucretleri-2026,UNKNOWN,UNKNOWN,UNKNOWN,UNKNOWN,UNKNOWN,false
ozdemir,https://ankaraozdemirnakliyat.com/blog/ardahan-evden-eve-tasima-ucretleri-2026,blog_post,MERGE,200,true,674,0.0076,0.1641,1.0000,https://ankaraozdemirnakliyat.com/blog/amasya-evden-eve-tasima-ucretleri-2026,false,true,false,1,50,Ardahan Evden Eve Taşıma Ücretleri 2026 | Ankara Özdemir Nakliyat,Ardahan Evden Eve Taşıma Ücretleri 2026,https://ankaraozdemirnakliyat.com/blog/ardahan-evden-eve-tasima-ucretleri-2026,UNKNOWN,UNKNOWN,UNKNOWN,UNKNOWN,UNKNOWN,false
ozdemir,https://ankaraozdemirnakliyat.com/blog/duzce-asansorlu-tasima-cozumleri-2026,blog_post,KEEP,200,true,671,0.0076,0.1237,0.8764,https://ankaraozdemirnakliyat.com/blog/konya-asansorlu-tasima-cozumleri-2026,false,false,false,1,50,Düzce Asansörlü Taşıma Çözümleri 2026 | Ankara Özdemir Nakliyat,Düzce Asansörlü Taşıma Çözümleri 2026,https://ankaraozdemirnakliyat.com/blog/duzce-asansorlu-tasima-cozumleri-2026,UNKNOWN,UNKNOWN,UNKNOWN,UNKNOWN,UNKNOWN,false
ozdemir,https://ankaraozdemirnakliyat.com/blog/konya-asansorlu-tasima-cozumleri-2026,blog_post,KEEP,200,true,671,0.0076,0.1237,0.8595,https://ankaraozdemirnakliyat.com/blog/amasya-evden-eve-tasima-ucretleri-2026,false,false,false,1,50,Konya Asansörlü Taşıma Çözümleri 2026 | Ankara Özdemir Nakliyat,Konya Asansörlü Taşıma Çözümleri 2026,https://ankaraozdemirnakliyat.com/blog/konya-asansorlu-tasima-cozumleri-2026,UNKNOWN,UNKNOWN,UNKNOWN,UNKNOWN,UNKNOWN,false
ozdemir,https://ankaraozdemirnakliyat.com/blog/amasya-evden-eve-tasima-ucretleri-2026,blog_post,MERGE,200,true,674,0.0076,0.1641,1.0000,https://ankaraozdemirnakliyat.com/blog/artvin-evden-eve-tasima-ucretleri-2026,false,true,false,1,50,Amasya Evden Eve Taşıma Ücretleri 2026 | Ankara Özdemir Nakliyat,Amasya Evden Eve Taşıma Ücretleri 2026,https://ankaraozdemirnakliyat.com/blog/amasya-evden-eve-tasima-ucretleri-2026,UNKNOWN,UNKNOWN,UNKNOWN,UNKNOWN,UNKNOWN,false
ozdemir,https://ankaraozdemirnakliyat.com/blog/artvin-evden-eve-tasima-ucretleri-2026,blog_post,MERGE,200,true,674,0.0076,0.1641,1.0000,https://ankaraozdemirnakliyat.com/blog/bitlis-evden-eve-tasima-ucretleri-2026,false,true,false,1,50,Artvin Evden Eve Taşıma Ücretleri 2026 | Ankara Özdemir Nakliyat,Artvin Evden Eve Taşıma Ücretleri 2026,https://ankaraozdemirnakliyat.com/blog/artvin-evden-eve-tasima-ucretleri-2026,UNKNOWN,UNKNOWN,UNKNOWN,UNKNOWN,UNKNOWN,false
ozdemir,https://ankaraozdemirnakliyat.com/blog/bingol-evden-eve-tasima-ucretleri-2026,blog_post,KEEP,200,true,674,0.0076,0.1641,0.8821,https://ankaraozdemirnakliyat.com/blog/bitlis-evden-eve-tasima-ucretleri-2026,false,false,false,1,50,Bingöl Evden Eve Taşıma Ücretleri 2026 | Ankara Özdemir Nakliyat,Bingöl Evden Eve Taşıma Ücretleri 2026,https://ankaraozdemirnakliyat.com/blog/bingol-evden-eve-tasima-ucretleri-2026,UNKNOWN,UNKNOWN,UNKNOWN,UNKNOWN,UNKNOWN,false
ozdemir,https://ankaraozdemirnakliyat.com/blog/bitlis-evden-eve-tasima-ucretleri-2026,blog_post,MERGE,200,true,674,0.0076,0.1641,1.0000,https://ankaraozdemirnakliyat.com/blog/burdur-evden-eve-tasima-ucretleri-2026,false,true,false,1,50,Bitlis Evden Eve Taşıma Ücretleri 2026 | Ankara Özdemir Nakliyat,Bitlis Evden Eve Taşıma Ücretleri 2026,https://ankaraozdemirnakliyat.com/blog/bitlis-evden-eve-tasima-ucretleri-2026,UNKNOWN,UNKNOWN,UNKNOWN,UNKNOWN,UNKNOWN,false
ozdemir,https://ankaraozdemirnakliyat.com/blog/burdur-evden-eve-tasima-ucretleri-2026,blog_post,KEEP,200,true,674,0.0076,0.1641,0.0000,,false,false,false,1,50,Burdur Evden Eve Taşıma Ücretleri 2026 | Ankara Özdemir Nakliyat,Burdur Evden Eve Taşıma Ücretleri 2026,https://ankaraozdemirnakliyat.com/blog/burdur-evden-eve-tasima-ucretleri-2026,UNKNOWN,UNKNOWN,UNKNOWN,UNKNOWN,UNKNOWN,false
ozdemir,https://ankaraozdemirnakliyat.com/makaleler/cankaya-evden-eve-nakliyat-firmalari,article_post,IMPROVE,200,true,334,0.2974,0.0458,0.9023,https://ankaraozdemirnakliyat.com/makaleler/cankaya-ofis-tasima-firmalari,false,false,false,1,47,Çankaya Evden Eve Nakliyat Firmaları | Ankara Özdemir Nakliyat,Çankaya Evden Eve Nakliyat Firmaları,https://ankaraozdemirnakliyat.com/makaleler/cankaya-evden-eve-nakliyat-firmalari,UNKNOWN,UNKNOWN,UNKNOWN,UNKNOWN,UNKNOWN,false
ozdemir,https://ankaraozdemirnakliyat.com/makaleler/cankaya-evden-eve-nakliyat-fiyatlari,article_post,IMPROVE,200,true,341,0.2945,0.0453,0.9057,https://ankaraozdemirnakliyat.com/makaleler/cankaya-ofis-tasima-fiyatlari,false,false,false,1,47,Çankaya Evden Eve Nakliyat Fiyatları | Ankara Özdemir Nakliyat,Çankaya Evden Eve Nakliyat Fiyatları,https://ankaraozdemirnakliyat.com/makaleler/cankaya-evden-eve-nakliyat-fiyatlari,UNKNOWN,UNKNOWN,UNKNOWN,UNKNOWN,UNKNOWN,false
ozdemir,https://ankaraozdemirnakliyat.com/makaleler/cankaya-asansorlu-tasimacilik-firmalari,article_post,IMPROVE,200,true,328,0.3023,0.0399,0.8065,https://ankaraozdemirnakliyat.com/makaleler/cankaya-esya-depolama-firmalari,false,false,false,1,47,Çankaya Asansörlü Taşımacılık Firmaları | Ankara Özdemir Nakliyat,Çankaya Asansörlü Taşımacılık Firmaları,https://ankaraozdemirnakliyat.com/makaleler/cankaya-asansorlu-tasimacilik-firmalari,UNKNOWN,UNKNOWN,UNKNOWN,UNKNOWN,UNKNOWN,false
ozdemir,https://ankaraozdemirnakliyat.com/makaleler/cankaya-asansorlu-tasimacilik-fiyatlari,article_post,IMPROVE,200,true,335,0.2993,0.0395,0.8125,https://ankaraozdemirnakliyat.com/makaleler/cankaya-esya-depolama-fiyatlari,false,false,false,1,47,Çankaya Asansörlü Taşımacılık Fiyatları | Ankara Özdemir Nakliyat,Çankaya Asansörlü Taşımacılık Fiyatları,https://ankaraozdemirnakliyat.com/makaleler/cankaya-asansorlu-tasimacilik-fiyatlari,UNKNOWN,UNKNOWN,UNKNOWN,UNKNOWN,UNKNOWN,false
ozdemir,https://ankaraozdemirnakliyat.com/makaleler/cankaya-ofis-tasima-firmalari,article_post,IMPROVE,200,true,328,0.3023,0.0399,0.7942,https://ankaraozdemirnakliyat.com/makaleler/cankaya-esya-depolama-firmalari,false,false,false,1,47,Çankaya Ofis Taşıma Firmaları | Ankara Özdemir Nakliyat,Çankaya Ofis Taşıma Firmaları,https://ankaraozdemirnakliyat.com/makaleler/cankaya-ofis-tasima-firmalari,UNKNOWN,UNKNOWN,UNKNOWN,UNKNOWN,UNKNOWN,false
ozdemir,https://ankaraozdemirnakliyat.com/makaleler/cankaya-ofis-tasima-fiyatlari,article_post,IMPROVE,200,true,335,0.2993,0.0395,0.8007,https://ankaraozdemirnakliyat.com/makaleler/cankaya-esya-depolama-fiyatlari,false,false,false,1,47,Çankaya Ofis Taşıma Fiyatları | Ankara Özdemir Nakliyat,Çankaya Ofis Taşıma Fiyatları,https://ankaraozdemirnakliyat.com/makaleler/cankaya-ofis-tasima-fiyatlari,UNKNOWN,UNKNOWN,UNKNOWN,UNKNOWN,UNKNOWN,false
ozdemir,https://ankaraozdemirnakliyat.com/makaleler/cankaya-parca-esya-tasima-firmalari,article_post,IMPROVE,200,true,334,0.2974,0.0458,0.8214,https://ankaraozdemirnakliyat.com/makaleler/cankaya-esya-depolama-firmalari,false,false,false,1,47,Çankaya Parça Eşya Taşıma Firmaları | Ankara Özdemir Nakliyat,Çankaya Parça Eşya Taşıma Firmaları,https://ankaraozdemirnakliyat.com/makaleler/cankaya-parca-esya-tasima-firmalari,UNKNOWN,UNKNOWN,UNKNOWN,UNKNOWN,UNKNOWN,false
ozdemir,https://ankaraozdemirnakliyat.com/makaleler/cankaya-parca-esya-tasima-fiyatlari,article_post,IMPROVE,200,true,341,0.2945,0.0453,0.8270,https://ankaraozdemirnakliyat.com/makaleler/cankaya-esya-depolama-fiyatlari,false,false,false,1,47,Çankaya Parça Eşya Taşıma Fiyatları | Ankara Özdemir Nakliyat,Çankaya Parça Eşya Taşıma Fiyatları,https://ankaraozdemirnakliyat.com/makaleler/cankaya-parca-esya-tasima-fiyatlari,UNKNOWN,UNKNOWN,UNKNOWN,UNKNOWN,UNKNOWN,false
ozdemir,https://ankaraozdemirnakliyat.com/makaleler/cankaya-sehirler-arasi-nakliyat-firmalari,article_post,IMPROVE,200,true,334,0.2974,0.0458,0.7895,https://ankaraozdemirnakliyat.com/makaleler/cankaya-esya-depolama-firmalari,false,false,false,1,47,Çankaya Şehirler Arası Nakliyat Firmaları | Ankara Özdemir Nakliyat,Çankaya Şehirler Arası Nakliyat Firmaları,https://ankaraozdemirnakliyat.com/makaleler/cankaya-sehirler-arasi-nakliyat-firmalari,UNKNOWN,UNKNOWN,UNKNOWN,UNKNOWN,UNKNOWN,false
ozdemir,https://ankaraozdemirnakliyat.com/makaleler/cankaya-sehirler-arasi-nakliyat-fiyatlari,article_post,IMPROVE,200,true,341,0.2945,0.0453,0.7959,https://ankaraozdemirnakliyat.com/makaleler/cankaya-esya-depolama-fiyatlari,false,false,false,1,47,Çankaya Şehirler Arası Nakliyat Fiyatları | Ankara Özdemir Nakliyat,Çankaya Şehirler Arası Nakliyat Fiyatları,https://ankaraozdemirnakliyat.com/makaleler/cankaya-sehirler-arasi-nakliyat-fiyatlari,UNKNOWN,UNKNOWN,UNKNOWN,UNKNOWN,UNKNOWN,false
ozdemir,https://ankaraozdemirnakliyat.com/makaleler/cankaya-esya-depolama-firmalari,article_post,IMPROVE,200,true,328,0.3023,0.0399,0.6532,https://ankaraozdemirnakliyat.com/makaleler/yenimahalle-esya-depolama-firmalari,false,false,false,1,47,Çankaya Eşya Depolama Firmaları | Ankara Özdemir Nakliyat,Çankaya Eşya Depolama Firmaları,https://ankaraozdemirnakliyat.com/makaleler/cankaya-esya-depolama-firmalari,UNKNOWN,UNKNOWN,UNKNOWN,UNKNOWN,UNKNOWN,false
ozdemir,https://ankaraozdemirnakliyat.com/makaleler/cankaya-esya-depolama-fiyatlari,article_post,IMPROVE,200,true,335,0.2993,0.0395,0.6387,https://ankaraozdemirnakliyat.com/makaleler/yenimahalle-esya-depolama-fiyatlari,false,false,false,1,47,Çankaya Eşya Depolama Fiyatları | Ankara Özdemir Nakliyat,Çankaya Eşya Depolama Fiyatları,https://ankaraozdemirnakliyat.com/makaleler/cankaya-esya-depolama-fiyatlari,UNKNOWN,UNKNOWN,UNKNOWN,UNKNOWN,UNKNOWN,false
ozdemir,https://ankaraozdemirnakliyat.com/makaleler/kecioren-evden-eve-nakliyat-firmalari,article_post,IMPROVE,200,true,334,0.2974,0.0458,0.9023,https://ankaraozdemirnakliyat.com/makaleler/kecioren-ofis-tasima-firmalari,false,false,false,1,47,Keçiören Evden Eve Nakliyat Firmaları | Ankara Özdemir Nakliyat,Keçiören Evden Eve Nakliyat Firmaları,https://ankaraozdemirnakliyat.com/makaleler/kecioren-evden-eve-nakliyat-firmalari,UNKNOWN,UNKNOWN,UNKNOWN,UNKNOWN,UNKNOWN,false
ozdemir,https://ankaraozdemirnakliyat.com/makaleler/kecioren-evden-eve-nakliyat-fiyatlari,article_post,IMPROVE,200,true,341,0.2945,0.0453,0.9057,https://ankaraozdemirnakliyat.com/makaleler/kecioren-ofis-tasima-fiyatlari,false,false,false,1,47,Keçiören Evden Eve Nakliyat Fiyatları | Ankara Özdemir Nakliyat,Keçiören Evden Eve Nakliyat Fiyatları,https://ankaraozdemirnakliyat.com/makaleler/kecioren-evden-eve-nakliyat-fiyatlari,UNKNOWN,UNKNOWN,UNKNOWN,UNKNOWN,UNKNOWN,false
ozdemir,https://ankaraozdemirnakliyat.com/makaleler/kecioren-asansorlu-tasimacilik-firmalari,article_post,IMPROVE,200,true,328,0.3023,0.0399,0.8065,https://ankaraozdemirnakliyat.com/makaleler/kecioren-esya-depolama-firmalari,false,false,false,1,47,Keçiören Asansörlü Taşımacılık Firmaları | Ankara Özdemir Nakliyat,Keçiören Asansörlü Taşımacılık Firmaları,https://ankaraozdemirnakliyat.com/makaleler/kecioren-asansorlu-tasimacilik-firmalari,UNKNOWN,UNKNOWN,UNKNOWN,UNKNOWN,UNKNOWN,false
ozdemir,https://ankaraozdemirnakliyat.com/makaleler/kecioren-asansorlu-tasimacilik-fiyatlari,article_post,IMPROVE,200,true,335,0.2993,0.0395,0.8125,https://ankaraozdemirnakliyat.com/makaleler/kecioren-esya-depolama-fiyatlari,false,false,false,1,47,Keçiören Asansörlü Taşımacılık Fiyatları | Ankara Özdemir Nakliyat,Keçiören Asansörlü Taşımacılık Fiyatları,https://ankaraozdemirnakliyat.com/makaleler/kecioren-asansorlu-tasimacilik-fiyatlari,UNKNOWN,UNKNOWN,UNKNOWN,UNKNOWN,UNKNOWN,false
ozdemir,https://ankaraozdemirnakliyat.com/makaleler/kecioren-ofis-tasima-firmalari,article_post,IMPROVE,200,true,328,0.3023,0.0399,0.7942,https://ankaraozdemirnakliyat.com/makaleler/kecioren-esya-depolama-firmalari,false,false,false,1,47,Keçiören Ofis Taşıma Firmaları | Ankara Özdemir Nakliyat,Keçiören Ofis Taşıma Firmaları,https://ankaraozdemirnakliyat.com/makaleler/kecioren-ofis-tasima-firmalari,UNKNOWN,UNKNOWN,UNKNOWN,UNKNOWN,UNKNOWN,false
ozdemir,https://ankaraozdemirnakliyat.com/makaleler/kecioren-ofis-tasima-fiyatlari,article_post,IMPROVE,200,true,335,0.2993,0.0395,0.8007,https://ankaraozdemirnakliyat.com/makaleler/kecioren-esya-depolama-fiyatlari,false,false,false,1,47,Keçiören Ofis Taşıma Fiyatları | Ankara Özdemir Nakliyat,Keçiören Ofis Taşıma Fiyatları,https://ankaraozdemirnakliyat.com/makaleler/kecioren-ofis-tasima-fiyatlari,UNKNOWN,UNKNOWN,UNKNOWN,UNKNOWN,UNKNOWN,false
ozdemir,https://ankaraozdemirnakliyat.com/makaleler/kecioren-parca-esya-tasima-firmalari,article_post,IMPROVE,200,true,334,0.2974,0.0458,0.8214,https://ankaraozdemirnakliyat.com/makaleler/kecioren-esya-depolama-firmalari,false,false,false,1,47,Keçiören Parça Eşya Taşıma Firmaları | Ankara Özdemir Nakliyat,Keçiören Parça Eşya Taşıma Firmaları,https://ankaraozdemirnakliyat.com/makaleler/kecioren-parca-esya-tasima-firmalari,UNKNOWN,UNKNOWN,UNKNOWN,UNKNOWN,UNKNOWN,false
ozdemir,https://ankaraozdemirnakliyat.com/makaleler/kecioren-parca-esya-tasima-fiyatlari,article_post,IMPROVE,200,true,341,0.2945,0.0453,0.8270,https://ankaraozdemirnakliyat.com/makaleler/kecioren-esya-depolama-fiyatlari,false,false,false,1,47,Keçiören Parça Eşya Taşıma Fiyatları | Ankara Özdemir Nakliyat,Keçiören Parça Eşya Taşıma Fiyatları,https://ankaraozdemirnakliyat.com/makaleler/kecioren-parca-esya-tasima-fiyatlari,UNKNOWN,UNKNOWN,UNKNOWN,UNKNOWN,UNKNOWN,false
ozdemir,https://ankaraozdemirnakliyat.com/makaleler/kecioren-sehirler-arasi-nakliyat-firmalari,article_post,IMPROVE,200,true,334,0.2974,0.0458,0.7895,https://ankaraozdemirnakliyat.com/makaleler/kecioren-esya-depolama-firmalari,false,false,false,1,47,Keçiören Şehirler Arası Nakliyat Firmaları | Ankara Özdemir Nakliyat,Keçiören Şehirler Arası Nakliyat Firmaları,https://ankaraozdemirnakliyat.com/makaleler/kecioren-sehirler-arasi-nakliyat-firmalari,UNKNOWN,UNKNOWN,UNKNOWN,UNKNOWN,UNKNOWN,false
ozdemir,https://ankaraozdemirnakliyat.com/makaleler/kecioren-sehirler-arasi-nakliyat-fiyatlari,article_post,IMPROVE,200,true,341,0.2945,0.0453,0.7959,https://ankaraozdemirnakliyat.com/makaleler/kecioren-esya-depolama-fiyatlari,false,false,false,1,47,Keçiören Şehirler Arası Nakliyat Fiyatları | Ankara Özdemir Nakliyat,Keçiören Şehirler Arası Nakliyat Fiyatları,https://ankaraozdemirnakliyat.com/makaleler/kecioren-sehirler-arasi-nakliyat-fiyatlari,UNKNOWN,UNKNOWN,UNKNOWN,UNKNOWN,UNKNOWN,false
ozdemir,https://ankaraozdemirnakliyat.com/makaleler/kecioren-esya-depolama-firmalari,article_post,IMPROVE,200,true,328,0.3023,0.0399,0.6532,https://ankaraozdemirnakliyat.com/makaleler/yenimahalle-esya-depolama-firmalari,false,false,false,1,47,Keçiören Eşya Depolama Firmaları | Ankara Özdemir Nakliyat,Keçiören Eşya Depolama Firmaları,https://ankaraozdemirnakliyat.com/makaleler/kecioren-esya-depolama-firmalari,UNKNOWN,UNKNOWN,UNKNOWN,UNKNOWN,UNKNOWN,false
ozdemir,https://ankaraozdemirnakliyat.com/makaleler/kecioren-esya-depolama-fiyatlari,article_post,IMPROVE,200,true,335,0.2993,0.0395,0.6387,https://ankaraozdemirnakliyat.com/makaleler/yenimahalle-esya-depolama-fiyatlari,false,false,false,1,47,Keçiören Eşya Depolama Fiyatları | Ankara Özdemir Nakliyat,Keçiören Eşya Depolama Fiyatları,https://ankaraozdemirnakliyat.com/makaleler/kecioren-esya-depolama-fiyatlari,UNKNOWN,UNKNOWN,UNKNOWN,UNKNOWN,UNKNOWN,false
ozdemir,https://ankaraozdemirnakliyat.com/makaleler/yenimahalle-evden-eve-nakliyat-firmalari,article_post,MERGE,200,true,334,0.2974,0.0458,1.0000,https://ankaraozdemirnakliyat.com/makaleler/mamak-evden-eve-nakliyat-firmalari,false,true,false,1,47,Yenimahalle Evden Eve Nakliyat Firmaları | Ankara Özdemir Nakliyat,Yenimahalle Evden Eve Nakliyat Firmaları,https://ankaraozdemirnakliyat.com/makaleler/yenimahalle-evden-eve-nakliyat-firmalari,UNKNOWN,UNKNOWN,UNKNOWN,UNKNOWN,UNKNOWN,false
ozdemir,https://ankaraozdemirnakliyat.com/makaleler/yenimahalle-evden-eve-nakliyat-fiyatlari,article_post,MERGE,200,true,341,0.2945,0.0453,1.0000,https://ankaraozdemirnakliyat.com/makaleler/mamak-evden-eve-nakliyat-fiyatlari,false,true,false,1,47,Yenimahalle Evden Eve Nakliyat Fiyatları | Ankara Özdemir Nakliyat,Yenimahalle Evden Eve Nakliyat Fiyatları,https://ankaraozdemirnakliyat.com/makaleler/yenimahalle-evden-eve-nakliyat-fiyatlari,UNKNOWN,UNKNOWN,UNKNOWN,UNKNOWN,UNKNOWN,false
ozdemir,https://ankaraozdemirnakliyat.com/makaleler/yenimahalle-asansorlu-tasimacilik-firmalari,article_post,MERGE,200,true,328,0.3023,0.0399,1.0000,https://ankaraozdemirnakliyat.com/makaleler/mamak-asansorlu-tasimacilik-firmalari,false,true,false,1,47,Yenimahalle Asansörlü Taşımacılık Firmaları | Ankara Özdemir Nakliyat,Yenimahalle Asansörlü Taşımacılık Firmaları,https://ankaraozdemirnakliyat.com/makaleler/yenimahalle-asansorlu-tasimacilik-firmalari,UNKNOWN,UNKNOWN,UNKNOWN,UNKNOWN,UNKNOWN,false
ozdemir,https://ankaraozdemirnakliyat.com/makaleler/yenimahalle-asansorlu-tasimacilik-fiyatlari,article_post,MERGE,200,true,335,0.2993,0.0395,1.0000,https://ankaraozdemirnakliyat.com/makaleler/mamak-asansorlu-tasimacilik-fiyatlari,false,true,false,1,47,Yenimahalle Asansörlü Taşımacılık Fiyatları | Ankara Özdemir Nakliyat,Yenimahalle Asansörlü Taşımacılık Fiyatları,https://ankaraozdemirnakliyat.com/makaleler/yenimahalle-asansorlu-tasimacilik-fiyatlari,UNKNOWN,UNKNOWN,UNKNOWN,UNKNOWN,UNKNOWN,false
ozdemir,https://ankaraozdemirnakliyat.com/makaleler/yenimahalle-ofis-tasima-firmalari,article_post,MERGE,200,true,328,0.3023,0.0399,1.0000,https://ankaraozdemirnakliyat.com/makaleler/mamak-ofis-tasima-firmalari,false,true,false,1,47,Yenimahalle Ofis Taşıma Firmaları | Ankara Özdemir Nakliyat,Yenimahalle Ofis Taşıma Firmaları,https://ankaraozdemirnakliyat.com/makaleler/yenimahalle-ofis-tasima-firmalari,UNKNOWN,UNKNOWN,UNKNOWN,UNKNOWN,UNKNOWN,false
ozdemir,https://ankaraozdemirnakliyat.com/makaleler/yenimahalle-ofis-tasima-fiyatlari,article_post,MERGE,200,true,335,0.2993,0.0395,1.0000,https://ankaraozdemirnakliyat.com/makaleler/mamak-ofis-tasima-fiyatlari,false,true,false,1,47,Yenimahalle Ofis Taşıma Fiyatları | Ankara Özdemir Nakliyat,Yenimahalle Ofis Taşıma Fiyatları,https://ankaraozdemirnakliyat.com/makaleler/yenimahalle-ofis-tasima-fiyatlari,UNKNOWN,UNKNOWN,UNKNOWN,UNKNOWN,UNKNOWN,false
ozdemir,https://ankaraozdemirnakliyat.com/makaleler/yenimahalle-parca-esya-tasima-firmalari,article_post,MERGE,200,true,334,0.2974,0.0458,1.0000,https://ankaraozdemirnakliyat.com/makaleler/mamak-parca-esya-tasima-firmalari,false,true,false,1,47,Yenimahalle Parça Eşya Taşıma Firmaları | Ankara Özdemir Nakliyat,Yenimahalle Parça Eşya Taşıma Firmaları,https://ankaraozdemirnakliyat.com/makaleler/yenimahalle-parca-esya-tasima-firmalari,UNKNOWN,UNKNOWN,UNKNOWN,UNKNOWN,UNKNOWN,false
ozdemir,https://ankaraozdemirnakliyat.com/makaleler/yenimahalle-parca-esya-tasima-fiyatlari,article_post,MERGE,200,true,341,0.2945,0.0453,1.0000,https://ankaraozdemirnakliyat.com/makaleler/mamak-parca-esya-tasima-fiyatlari,false,true,false,1,47,Yenimahalle Parça Eşya Taşıma Fiyatları | Ankara Özdemir Nakliyat,Yenimahalle Parça Eşya Taşıma Fiyatları,https://ankaraozdemirnakliyat.com/makaleler/yenimahalle-parca-esya-tasima-fiyatlari,UNKNOWN,UNKNOWN,UNKNOWN,UNKNOWN,UNKNOWN,false
ozdemir,https://ankaraozdemirnakliyat.com/makaleler/yenimahalle-sehirler-arasi-nakliyat-firmalari,article_post,MERGE,200,true,334,0.2974,0.0458,1.0000,https://ankaraozdemirnakliyat.com/makaleler/mamak-sehirler-arasi-nakliyat-firmalari,false,true,false,1,47,Yenimahalle Şehirler Arası Nakliyat Firmaları | Ankara Özdemir Nakliyat,Yenimahalle Şehirler Arası Nakliyat Firmaları,https://ankaraozdemirnakliyat.com/makaleler/yenimahalle-sehirler-arasi-nakliyat-firmalari,UNKNOWN,UNKNOWN,UNKNOWN,UNKNOWN,UNKNOWN,false
ozdemir,https://ankaraozdemirnakliyat.com/makaleler/yenimahalle-sehirler-arasi-nakliyat-fiyatlari,article_post,MERGE,200,true,341,0.2945,0.0453,1.0000,https://ankaraozdemirnakliyat.com/makaleler/mamak-sehirler-arasi-nakliyat-fiyatlari,false,true,false,1,47,Yenimahalle Şehirler Arası Nakliyat Fiyatları | Ankara Özdemir Nakliyat,Yenimahalle Şehirler Arası Nakliyat Fiyatları,https://ankaraozdemirnakliyat.com/makaleler/yenimahalle-sehirler-arasi-nakliyat-fiyatlari,UNKNOWN,UNKNOWN,UNKNOWN,UNKNOWN,UNKNOWN,false
ozdemir,https://ankaraozdemirnakliyat.com/makaleler/yenimahalle-esya-depolama-firmalari,article_post,MERGE,200,true,328,0.3023,0.0399,1.0000,https://ankaraozdemirnakliyat.com/makaleler/mamak-esya-depolama-firmalari,false,true,false,1,47,Yenimahalle Eşya Depolama Firmaları | Ankara Özdemir Nakliyat,Yenimahalle Eşya Depolama Firmaları,https://ankaraozdemirnakliyat.com/makaleler/yenimahalle-esya-depolama-firmalari,UNKNOWN,UNKNOWN,UNKNOWN,UNKNOWN,UNKNOWN,false
ozdemir,https://ankaraozdemirnakliyat.com/makaleler/yenimahalle-esya-depolama-fiyatlari,article_post,MERGE,200,true,335,0.2993,0.0395,1.0000,https://ankaraozdemirnakliyat.com/makaleler/mamak-esya-depolama-fiyatlari,false,true,false,1,47,Yenimahalle Eşya Depolama Fiyatları | Ankara Özdemir Nakliyat,Yenimahalle Eşya Depolama Fiyatları,https://ankaraozdemirnakliyat.com/makaleler/yenimahalle-esya-depolama-fiyatlari,UNKNOWN,UNKNOWN,UNKNOWN,UNKNOWN,UNKNOWN,false
ozdemir,https://ankaraozdemirnakliyat.com/makaleler/mamak-evden-eve-nakliyat-firmalari,article_post,MERGE,200,true,334,0.2974,0.0458,1.0000,https://ankaraozdemirnakliyat.com/makaleler/etimesgut-evden-eve-nakliyat-firmalari,false,true,false,1,47,Mamak Evden Eve Nakliyat Firmaları | Ankara Özdemir Nakliyat,Mamak Evden Eve Nakliyat Firmaları,https://ankaraozdemirnakliyat.com/makaleler/mamak-evden-eve-nakliyat-firmalari,UNKNOWN,UNKNOWN,UNKNOWN,UNKNOWN,UNKNOWN,false
ozdemir,https://ankaraozdemirnakliyat.com/makaleler/mamak-evden-eve-nakliyat-fiyatlari,article_post,MERGE,200,true,341,0.2945,0.0453,1.0000,https://ankaraozdemirnakliyat.com/makaleler/etimesgut-evden-eve-nakliyat-fiyatlari,false,true,false,1,47,Mamak Evden Eve Nakliyat Fiyatları | Ankara Özdemir Nakliyat,Mamak Evden Eve Nakliyat Fiyatları,https://ankaraozdemirnakliyat.com/makaleler/mamak-evden-eve-nakliyat-fiyatlari,UNKNOWN,UNKNOWN,UNKNOWN,UNKNOWN,UNKNOWN,false
ozdemir,https://ankaraozdemirnakliyat.com/makaleler/mamak-asansorlu-tasimacilik-firmalari,article_post,MERGE,200,true,328,0.3023,0.0399,1.0000,https://ankaraozdemirnakliyat.com/makaleler/etimesgut-asansorlu-tasimacilik-firmalari,false,true,false,1,47,Mamak Asansörlü Taşımacılık Firmaları | Ankara Özdemir Nakliyat,Mamak Asansörlü Taşımacılık Firmaları,https://ankaraozdemirnakliyat.com/makaleler/mamak-asansorlu-tasimacilik-firmalari,UNKNOWN,UNKNOWN,UNKNOWN,UNKNOWN,UNKNOWN,false
ozdemir,https://ankaraozdemirnakliyat.com/makaleler/mamak-asansorlu-tasimacilik-fiyatlari,article_post,MERGE,200,true,335,0.2993,0.0395,1.0000,https://ankaraozdemirnakliyat.com/makaleler/etimesgut-asansorlu-tasimacilik-fiyatlari,false,true,false,1,47,Mamak Asansörlü Taşımacılık Fiyatları | Ankara Özdemir Nakliyat,Mamak Asansörlü Taşımacılık Fiyatları,https://ankaraozdemirnakliyat.com/makaleler/mamak-asansorlu-tasimacilik-fiyatlari,UNKNOWN,UNKNOWN,UNKNOWN,UNKNOWN,UNKNOWN,false
ozdemir,https://ankaraozdemirnakliyat.com/makaleler/mamak-ofis-tasima-firmalari,article_post,MERGE,200,true,328,0.3023,0.0399,1.0000,https://ankaraozdemirnakliyat.com/makaleler/etimesgut-ofis-tasima-firmalari,false,true,false,1,47,Mamak Ofis Taşıma Firmaları | Ankara Özdemir Nakliyat,Mamak Ofis Taşıma Firmaları,https://ankaraozdemirnakliyat.com/makaleler/mamak-ofis-tasima-firmalari,UNKNOWN,UNKNOWN,UNKNOWN,UNKNOWN,UNKNOWN,false
ozdemir,https://ankaraozdemirnakliyat.com/makaleler/mamak-ofis-tasima-fiyatlari,article_post,MERGE,200,true,335,0.2993,0.0395,1.0000,https://ankaraozdemirnakliyat.com/makaleler/etimesgut-ofis-tasima-fiyatlari,false,true,false,1,47,Mamak Ofis Taşıma Fiyatları | Ankara Özdemir Nakliyat,Mamak Ofis Taşıma Fiyatları,https://ankaraozdemirnakliyat.com/makaleler/mamak-ofis-tasima-fiyatlari,UNKNOWN,UNKNOWN,UNKNOWN,UNKNOWN,UNKNOWN,false
ozdemir,https://ankaraozdemirnakliyat.com/makaleler/mamak-parca-esya-tasima-firmalari,article_post,MERGE,200,true,334,0.2974,0.0458,1.0000,https://ankaraozdemirnakliyat.com/makaleler/etimesgut-parca-esya-tasima-firmalari,false,true,false,1,47,Mamak Parça Eşya Taşıma Firmaları | Ankara Özdemir Nakliyat,Mamak Parça Eşya Taşıma Firmaları,https://ankaraozdemirnakliyat.com/makaleler/mamak-parca-esya-tasima-firmalari,UNKNOWN,UNKNOWN,UNKNOWN,UNKNOWN,UNKNOWN,false
ozdemir,https://ankaraozdemirnakliyat.com/makaleler/mamak-parca-esya-tasima-fiyatlari,article_post,MERGE,200,true,341,0.2945,0.0453,1.0000,https://ankaraozdemirnakliyat.com/makaleler/etimesgut-parca-esya-tasima-fiyatlari,false,true,false,1,47,Mamak Parça Eşya Taşıma Fiyatları | Ankara Özdemir Nakliyat,Mamak Parça Eşya Taşıma Fiyatları,https://ankaraozdemirnakliyat.com/makaleler/mamak-parca-esya-tasima-fiyatlari,UNKNOWN,UNKNOWN,UNKNOWN,UNKNOWN,UNKNOWN,false
ozdemir,https://ankaraozdemirnakliyat.com/makaleler/mamak-sehirler-arasi-nakliyat-firmalari,article_post,MERGE,200,true,334,0.2974,0.0458,1.0000,https://ankaraozdemirnakliyat.com/makaleler/etimesgut-sehirler-arasi-nakliyat-firmalari,false,true,false,1,47,Mamak Şehirler Arası Nakliyat Firmaları | Ankara Özdemir Nakliyat,Mamak Şehirler Arası Nakliyat Firmaları,https://ankaraozdemirnakliyat.com/makaleler/mamak-sehirler-arasi-nakliyat-firmalari,UNKNOWN,UNKNOWN,UNKNOWN,UNKNOWN,UNKNOWN,false
ozdemir,https://ankaraozdemirnakliyat.com/makaleler/mamak-sehirler-arasi-nakliyat-fiyatlari,article_post,MERGE,200,true,341,0.2945,0.0453,1.0000,https://ankaraozdemirnakliyat.com/makaleler/etimesgut-sehirler-arasi-nakliyat-fiyatlari,false,true,false,1,47,Mamak Şehirler Arası Nakliyat Fiyatları | Ankara Özdemir Nakliyat,Mamak Şehirler Arası Nakliyat Fiyatları,https://ankaraozdemirnakliyat.com/makaleler/mamak-sehirler-arasi-nakliyat-fiyatlari,UNKNOWN,UNKNOWN,UNKNOWN,UNKNOWN,UNKNOWN,false
ozdemir,https://ankaraozdemirnakliyat.com/makaleler/mamak-esya-depolama-firmalari,article_post,MERGE,200,true,328,0.3023,0.0399,1.0000,https://ankaraozdemirnakliyat.com/makaleler/etimesgut-esya-depolama-firmalari,false,true,false,1,47,Mamak Eşya Depolama Firmaları | Ankara Özdemir Nakliyat,Mamak Eşya Depolama Firmaları,https://ankaraozdemirnakliyat.com/makaleler/mamak-esya-depolama-firmalari,UNKNOWN,UNKNOWN,UNKNOWN,UNKNOWN,UNKNOWN,false
ozdemir,https://ankaraozdemirnakliyat.com/makaleler/mamak-esya-depolama-fiyatlari,article_post,MERGE,200,true,335,0.2993,0.0395,1.0000,https://ankaraozdemirnakliyat.com/makaleler/etimesgut-esya-depolama-fiyatlari,false,true,false,1,47,Mamak Eşya Depolama Fiyatları | Ankara Özdemir Nakliyat,Mamak Eşya Depolama Fiyatları,https://ankaraozdemirnakliyat.com/makaleler/mamak-esya-depolama-fiyatlari,UNKNOWN,UNKNOWN,UNKNOWN,UNKNOWN,UNKNOWN,false
ozdemir,https://ankaraozdemirnakliyat.com/makaleler/etimesgut-evden-eve-nakliyat-firmalari,article_post,MERGE,200,true,334,0.2974,0.0458,1.0000,https://ankaraozdemirnakliyat.com/makaleler/sincan-evden-eve-nakliyat-firmalari,false,true,false,1,47,Etimesgut Evden Eve Nakliyat Firmaları | Ankara Özdemir Nakliyat,Etimesgut Evden Eve Nakliyat Firmaları,https://ankaraozdemirnakliyat.com/makaleler/etimesgut-evden-eve-nakliyat-firmalari,UNKNOWN,UNKNOWN,UNKNOWN,UNKNOWN,UNKNOWN,false
ozdemir,https://ankaraozdemirnakliyat.com/makaleler/etimesgut-evden-eve-nakliyat-fiyatlari,article_post,MERGE,200,true,341,0.2945,0.0453,1.0000,https://ankaraozdemirnakliyat.com/makaleler/sincan-evden-eve-nakliyat-fiyatlari,false,true,false,1,47,Etimesgut Evden Eve Nakliyat Fiyatları | Ankara Özdemir Nakliyat,Etimesgut Evden Eve Nakliyat Fiyatları,https://ankaraozdemirnakliyat.com/makaleler/etimesgut-evden-eve-nakliyat-fiyatlari,UNKNOWN,UNKNOWN,UNKNOWN,UNKNOWN,UNKNOWN,false
ozdemir,https://ankaraozdemirnakliyat.com/makaleler/etimesgut-asansorlu-tasimacilik-firmalari,article_post,MERGE,200,true,328,0.3023,0.0399,1.0000,https://ankaraozdemirnakliyat.com/makaleler/sincan-asansorlu-tasimacilik-firmalari,false,true,false,1,47,Etimesgut Asansörlü Taşımacılık Firmaları | Ankara Özdemir Nakliyat,Etimesgut Asansörlü Taşımacılık Firmaları,https://ankaraozdemirnakliyat.com/makaleler/etimesgut-asansorlu-tasimacilik-firmalari,UNKNOWN,UNKNOWN,UNKNOWN,UNKNOWN,UNKNOWN,false
ozdemir,https://ankaraozdemirnakliyat.com/makaleler/etimesgut-asansorlu-tasimacilik-fiyatlari,article_post,MERGE,200,true,335,0.2993,0.0395,1.0000,https://ankaraozdemirnakliyat.com/makaleler/sincan-asansorlu-tasimacilik-fiyatlari,false,true,false,1,47,Etimesgut Asansörlü Taşımacılık Fiyatları | Ankara Özdemir Nakliyat,Etimesgut Asansörlü Taşımacılık Fiyatları,https://ankaraozdemirnakliyat.com/makaleler/etimesgut-asansorlu-tasimacilik-fiyatlari,UNKNOWN,UNKNOWN,UNKNOWN,UNKNOWN,UNKNOWN,false
ozdemir,https://ankaraozdemirnakliyat.com/makaleler/etimesgut-ofis-tasima-firmalari,article_post,MERGE,200,true,328,0.3023,0.0399,1.0000,https://ankaraozdemirnakliyat.com/makaleler/sincan-ofis-tasima-firmalari,false,true,false,1,47,Etimesgut Ofis Taşıma Firmaları | Ankara Özdemir Nakliyat,Etimesgut Ofis Taşıma Firmaları,https://ankaraozdemirnakliyat.com/makaleler/etimesgut-ofis-tasima-firmalari,UNKNOWN,UNKNOWN,UNKNOWN,UNKNOWN,UNKNOWN,false
ozdemir,https://ankaraozdemirnakliyat.com/makaleler/etimesgut-ofis-tasima-fiyatlari,article_post,MERGE,200,true,335,0.2993,0.0395,1.0000,https://ankaraozdemirnakliyat.com/makaleler/sincan-ofis-tasima-fiyatlari,false,true,false,1,47,Etimesgut Ofis Taşıma Fiyatları | Ankara Özdemir Nakliyat,Etimesgut Ofis Taşıma Fiyatları,https://ankaraozdemirnakliyat.com/makaleler/etimesgut-ofis-tasima-fiyatlari,UNKNOWN,UNKNOWN,UNKNOWN,UNKNOWN,UNKNOWN,false
ozdemir,https://ankaraozdemirnakliyat.com/makaleler/etimesgut-parca-esya-tasima-firmalari,article_post,MERGE,200,true,334,0.2974,0.0458,1.0000,https://ankaraozdemirnakliyat.com/makaleler/sincan-parca-esya-tasima-firmalari,false,true,false,1,47,Etimesgut Parça Eşya Taşıma Firmaları | Ankara Özdemir Nakliyat,Etimesgut Parça Eşya Taşıma Firmaları,https://ankaraozdemirnakliyat.com/makaleler/etimesgut-parca-esya-tasima-firmalari,UNKNOWN,UNKNOWN,UNKNOWN,UNKNOWN,UNKNOWN,false
ozdemir,https://ankaraozdemirnakliyat.com/makaleler/etimesgut-parca-esya-tasima-fiyatlari,article_post,MERGE,200,true,341,0.2945,0.0453,1.0000,https://ankaraozdemirnakliyat.com/makaleler/sincan-parca-esya-tasima-fiyatlari,false,true,false,1,47,Etimesgut Parça Eşya Taşıma Fiyatları | Ankara Özdemir Nakliyat,Etimesgut Parça Eşya Taşıma Fiyatları,https://ankaraozdemirnakliyat.com/makaleler/etimesgut-parca-esya-tasima-fiyatlari,UNKNOWN,UNKNOWN,UNKNOWN,UNKNOWN,UNKNOWN,false
ozdemir,https://ankaraozdemirnakliyat.com/makaleler/etimesgut-sehirler-arasi-nakliyat-firmalari,article_post,MERGE,200,true,334,0.2974,0.0458,1.0000,https://ankaraozdemirnakliyat.com/makaleler/sincan-sehirler-arasi-nakliyat-firmalari,false,true,false,1,47,Etimesgut Şehirler Arası Nakliyat Firmaları | Ankara Özdemir Nakliyat,Etimesgut Şehirler Arası Nakliyat Firmaları,https://ankaraozdemirnakliyat.com/makaleler/etimesgut-sehirler-arasi-nakliyat-firmalari,UNKNOWN,UNKNOWN,UNKNOWN,UNKNOWN,UNKNOWN,false
ozdemir,https://ankaraozdemirnakliyat.com/makaleler/etimesgut-sehirler-arasi-nakliyat-fiyatlari,article_post,MERGE,200,true,341,0.2945,0.0453,1.0000,https://ankaraozdemirnakliyat.com/makaleler/sincan-sehirler-arasi-nakliyat-fiyatlari,false,true,false,1,47,Etimesgut Şehirler Arası Nakliyat Fiyatları | Ankara Özdemir Nakliyat,Etimesgut Şehirler Arası Nakliyat Fiyatları,https://ankaraozdemirnakliyat.com/makaleler/etimesgut-sehirler-arasi-nakliyat-fiyatlari,UNKNOWN,UNKNOWN,UNKNOWN,UNKNOWN,UNKNOWN,false
ozdemir,https://ankaraozdemirnakliyat.com/makaleler/etimesgut-esya-depolama-firmalari,article_post,MERGE,200,true,328,0.3023,0.0399,1.0000,https://ankaraozdemirnakliyat.com/makaleler/sincan-esya-depolama-firmalari,false,true,false,1,47,Etimesgut Eşya Depolama Firmaları | Ankara Özdemir Nakliyat,Etimesgut Eşya Depolama Firmaları,https://ankaraozdemirnakliyat.com/makaleler/etimesgut-esya-depolama-firmalari,UNKNOWN,UNKNOWN,UNKNOWN,UNKNOWN,UNKNOWN,false
ozdemir,https://ankaraozdemirnakliyat.com/makaleler/etimesgut-esya-depolama-fiyatlari,article_post,MERGE,200,true,335,0.2993,0.0395,1.0000,https://ankaraozdemirnakliyat.com/makaleler/sincan-esya-depolama-fiyatlari,false,true,false,1,47,Etimesgut Eşya Depolama Fiyatları | Ankara Özdemir Nakliyat,Etimesgut Eşya Depolama Fiyatları,https://ankaraozdemirnakliyat.com/makaleler/etimesgut-esya-depolama-fiyatlari,UNKNOWN,UNKNOWN,UNKNOWN,UNKNOWN,UNKNOWN,false
ozdemir,https://ankaraozdemirnakliyat.com/makaleler/sincan-evden-eve-nakliyat-firmalari,article_post,MERGE,200,true,334,0.2974,0.0458,1.0000,https://ankaraozdemirnakliyat.com/makaleler/pursaklar-evden-eve-nakliyat-firmalari,false,true,false,1,47,Sincan Evden Eve Nakliyat Firmaları | Ankara Özdemir Nakliyat,Sincan Evden Eve Nakliyat Firmaları,https://ankaraozdemirnakliyat.com/makaleler/sincan-evden-eve-nakliyat-firmalari,UNKNOWN,UNKNOWN,UNKNOWN,UNKNOWN,UNKNOWN,false
ozdemir,https://ankaraozdemirnakliyat.com/makaleler/sincan-evden-eve-nakliyat-fiyatlari,article_post,MERGE,200,true,341,0.2945,0.0453,1.0000,https://ankaraozdemirnakliyat.com/makaleler/pursaklar-evden-eve-nakliyat-fiyatlari,false,true,false,1,47,Sincan Evden Eve Nakliyat Fiyatları | Ankara Özdemir Nakliyat,Sincan Evden Eve Nakliyat Fiyatları,https://ankaraozdemirnakliyat.com/makaleler/sincan-evden-eve-nakliyat-fiyatlari,UNKNOWN,UNKNOWN,UNKNOWN,UNKNOWN,UNKNOWN,false
ozdemir,https://ankaraozdemirnakliyat.com/makaleler/sincan-asansorlu-tasimacilik-firmalari,article_post,MERGE,200,true,328,0.3023,0.0399,1.0000,https://ankaraozdemirnakliyat.com/makaleler/pursaklar-asansorlu-tasimacilik-firmalari,false,true,false,1,47,Sincan Asansörlü Taşımacılık Firmaları | Ankara Özdemir Nakliyat,Sincan Asansörlü Taşımacılık Firmaları,https://ankaraozdemirnakliyat.com/makaleler/sincan-asansorlu-tasimacilik-firmalari,UNKNOWN,UNKNOWN,UNKNOWN,UNKNOWN,UNKNOWN,false
ozdemir,https://ankaraozdemirnakliyat.com/makaleler/sincan-asansorlu-tasimacilik-fiyatlari,article_post,MERGE,200,true,335,0.2993,0.0395,1.0000,https://ankaraozdemirnakliyat.com/makaleler/pursaklar-asansorlu-tasimacilik-fiyatlari,false,true,false,1,47,Sincan Asansörlü Taşımacılık Fiyatları | Ankara Özdemir Nakliyat,Sincan Asansörlü Taşımacılık Fiyatları,https://ankaraozdemirnakliyat.com/makaleler/sincan-asansorlu-tasimacilik-fiyatlari,UNKNOWN,UNKNOWN,UNKNOWN,UNKNOWN,UNKNOWN,false
ozdemir,https://ankaraozdemirnakliyat.com/makaleler/sincan-ofis-tasima-firmalari,article_post,MERGE,200,true,328,0.3023,0.0399,1.0000,https://ankaraozdemirnakliyat.com/makaleler/pursaklar-ofis-tasima-firmalari,false,true,false,1,47,Sincan Ofis Taşıma Firmaları | Ankara Özdemir Nakliyat,Sincan Ofis Taşıma Firmaları,https://ankaraozdemirnakliyat.com/makaleler/sincan-ofis-tasima-firmalari,UNKNOWN,UNKNOWN,UNKNOWN,UNKNOWN,UNKNOWN,false
ozdemir,https://ankaraozdemirnakliyat.com/makaleler/sincan-ofis-tasima-fiyatlari,article_post,MERGE,200,true,335,0.2993,0.0395,1.0000,https://ankaraozdemirnakliyat.com/makaleler/pursaklar-ofis-tasima-fiyatlari,false,true,false,1,47,Sincan Ofis Taşıma Fiyatları | Ankara Özdemir Nakliyat,Sincan Ofis Taşıma Fiyatları,https://ankaraozdemirnakliyat.com/makaleler/sincan-ofis-tasima-fiyatlari,UNKNOWN,UNKNOWN,UNKNOWN,UNKNOWN,UNKNOWN,false
ozdemir,https://ankaraozdemirnakliyat.com/makaleler/sincan-parca-esya-tasima-firmalari,article_post,MERGE,200,true,334,0.2974,0.0458,1.0000,https://ankaraozdemirnakliyat.com/makaleler/pursaklar-parca-esya-tasima-firmalari,false,true,false,1,47,Sincan Parça Eşya Taşıma Firmaları | Ankara Özdemir Nakliyat,Sincan Parça Eşya Taşıma Firmaları,https://ankaraozdemirnakliyat.com/makaleler/sincan-parca-esya-tasima-firmalari,UNKNOWN,UNKNOWN,UNKNOWN,UNKNOWN,UNKNOWN,false
ozdemir,https://ankaraozdemirnakliyat.com/makaleler/sincan-parca-esya-tasima-fiyatlari,article_post,MERGE,200,true,341,0.2945,0.0453,1.0000,https://ankaraozdemirnakliyat.com/makaleler/pursaklar-parca-esya-tasima-fiyatlari,false,true,false,1,47,Sincan Parça Eşya Taşıma Fiyatları | Ankara Özdemir Nakliyat,Sincan Parça Eşya Taşıma Fiyatları,https://ankaraozdemirnakliyat.com/makaleler/sincan-parca-esya-tasima-fiyatlari,UNKNOWN,UNKNOWN,UNKNOWN,UNKNOWN,UNKNOWN,false
ozdemir,https://ankaraozdemirnakliyat.com/makaleler/sincan-sehirler-arasi-nakliyat-firmalari,article_post,MERGE,200,true,334,0.2974,0.0458,1.0000,https://ankaraozdemirnakliyat.com/makaleler/pursaklar-sehirler-arasi-nakliyat-firmalari,false,true,false,1,47,Sincan Şehirler Arası Nakliyat Firmaları | Ankara Özdemir Nakliyat,Sincan Şehirler Arası Nakliyat Firmaları,https://ankaraozdemirnakliyat.com/makaleler/sincan-sehirler-arasi-nakliyat-firmalari,UNKNOWN,UNKNOWN,UNKNOWN,UNKNOWN,UNKNOWN,false
ozdemir,https://ankaraozdemirnakliyat.com/makaleler/sincan-sehirler-arasi-nakliyat-fiyatlari,article_post,MERGE,200,true,341,0.2945,0.0453,1.0000,https://ankaraozdemirnakliyat.com/makaleler/pursaklar-sehirler-arasi-nakliyat-fiyatlari,false,true,false,1,47,Sincan Şehirler Arası Nakliyat Fiyatları | Ankara Özdemir Nakliyat,Sincan Şehirler Arası Nakliyat Fiyatları,https://ankaraozdemirnakliyat.com/makaleler/sincan-sehirler-arasi-nakliyat-fiyatlari,UNKNOWN,UNKNOWN,UNKNOWN,UNKNOWN,UNKNOWN,false
ozdemir,https://ankaraozdemirnakliyat.com/makaleler/sincan-esya-depolama-firmalari,article_post,MERGE,200,true,328,0.3023,0.0399,1.0000,https://ankaraozdemirnakliyat.com/makaleler/pursaklar-esya-depolama-firmalari,false,true,false,1,47,Sincan Eşya Depolama Firmaları | Ankara Özdemir Nakliyat,Sincan Eşya Depolama Firmaları,https://ankaraozdemirnakliyat.com/makaleler/sincan-esya-depolama-firmalari,UNKNOWN,UNKNOWN,UNKNOWN,UNKNOWN,UNKNOWN,false
ozdemir,https://ankaraozdemirnakliyat.com/makaleler/sincan-esya-depolama-fiyatlari,article_post,MERGE,200,true,335,0.2993,0.0395,1.0000,https://ankaraozdemirnakliyat.com/makaleler/pursaklar-esya-depolama-fiyatlari,false,true,false,1,47,Sincan Eşya Depolama Fiyatları | Ankara Özdemir Nakliyat,Sincan Eşya Depolama Fiyatları,https://ankaraozdemirnakliyat.com/makaleler/sincan-esya-depolama-fiyatlari,UNKNOWN,UNKNOWN,UNKNOWN,UNKNOWN,UNKNOWN,false
ozdemir,https://ankaraozdemirnakliyat.com/makaleler/altindag-evden-eve-nakliyat-firmalari,article_post,IMPROVE,200,true,334,0.2974,0.0458,0.9023,https://ankaraozdemirnakliyat.com/makaleler/altindag-ofis-tasima-firmalari,false,false,false,1,47,Altındağ Evden Eve Nakliyat Firmaları | Ankara Özdemir Nakliyat,Altındağ Evden Eve Nakliyat Firmaları,https://ankaraozdemirnakliyat.com/makaleler/altindag-evden-eve-nakliyat-firmalari,UNKNOWN,UNKNOWN,UNKNOWN,UNKNOWN,UNKNOWN,false
ozdemir,https://ankaraozdemirnakliyat.com/makaleler/altindag-evden-eve-nakliyat-fiyatlari,article_post,IMPROVE,200,true,341,0.2945,0.0453,0.9057,https://ankaraozdemirnakliyat.com/makaleler/altindag-ofis-tasima-fiyatlari,false,false,false,1,47,Altındağ Evden Eve Nakliyat Fiyatları | Ankara Özdemir Nakliyat,Altındağ Evden Eve Nakliyat Fiyatları,https://ankaraozdemirnakliyat.com/makaleler/altindag-evden-eve-nakliyat-fiyatlari,UNKNOWN,UNKNOWN,UNKNOWN,UNKNOWN,UNKNOWN,false
ozdemir,https://ankaraozdemirnakliyat.com/makaleler/altindag-asansorlu-tasimacilik-firmalari,article_post,IMPROVE,200,true,328,0.3023,0.0399,0.8065,https://ankaraozdemirnakliyat.com/makaleler/altindag-esya-depolama-firmalari,false,false,false,1,47,Altındağ Asansörlü Taşımacılık Firmaları | Ankara Özdemir Nakliyat,Altındağ Asansörlü Taşımacılık Firmaları,https://ankaraozdemirnakliyat.com/makaleler/altindag-asansorlu-tasimacilik-firmalari,UNKNOWN,UNKNOWN,UNKNOWN,UNKNOWN,UNKNOWN,false
ozdemir,https://ankaraozdemirnakliyat.com/makaleler/altindag-asansorlu-tasimacilik-fiyatlari,article_post,IMPROVE,200,true,335,0.2993,0.0395,0.8125,https://ankaraozdemirnakliyat.com/makaleler/altindag-esya-depolama-fiyatlari,false,false,false,1,47,Altındağ Asansörlü Taşımacılık Fiyatları | Ankara Özdemir Nakliyat,Altındağ Asansörlü Taşımacılık Fiyatları,https://ankaraozdemirnakliyat.com/makaleler/altindag-asansorlu-tasimacilik-fiyatlari,UNKNOWN,UNKNOWN,UNKNOWN,UNKNOWN,UNKNOWN,false
ozdemir,https://ankaraozdemirnakliyat.com/makaleler/altindag-ofis-tasima-firmalari,article_post,IMPROVE,200,true,328,0.3023,0.0399,0.7942,https://ankaraozdemirnakliyat.com/makaleler/altindag-esya-depolama-firmalari,false,false,false,1,47,Altındağ Ofis Taşıma Firmaları | Ankara Özdemir Nakliyat,Altındağ Ofis Taşıma Firmaları,https://ankaraozdemirnakliyat.com/makaleler/altindag-ofis-tasima-firmalari,UNKNOWN,UNKNOWN,UNKNOWN,UNKNOWN,UNKNOWN,false
ozdemir,https://ankaraozdemirnakliyat.com/makaleler/altindag-ofis-tasima-fiyatlari,article_post,IMPROVE,200,true,335,0.2993,0.0395,0.8007,https://ankaraozdemirnakliyat.com/makaleler/altindag-esya-depolama-fiyatlari,false,false,false,1,47,Altındağ Ofis Taşıma Fiyatları | Ankara Özdemir Nakliyat,Altındağ Ofis Taşıma Fiyatları,https://ankaraozdemirnakliyat.com/makaleler/altindag-ofis-tasima-fiyatlari,UNKNOWN,UNKNOWN,UNKNOWN,UNKNOWN,UNKNOWN,false
ozdemir,https://ankaraozdemirnakliyat.com/makaleler/altindag-parca-esya-tasima-firmalari,article_post,IMPROVE,200,true,334,0.2974,0.0458,0.8214,https://ankaraozdemirnakliyat.com/makaleler/altindag-esya-depolama-firmalari,false,false,false,1,47,Altındağ Parça Eşya Taşıma Firmaları | Ankara Özdemir Nakliyat,Altındağ Parça Eşya Taşıma Firmaları,https://ankaraozdemirnakliyat.com/makaleler/altindag-parca-esya-tasima-firmalari,UNKNOWN,UNKNOWN,UNKNOWN,UNKNOWN,UNKNOWN,false
ozdemir,https://ankaraozdemirnakliyat.com/makaleler/altindag-parca-esya-tasima-fiyatlari,article_post,IMPROVE,200,true,341,0.2945,0.0453,0.8270,https://ankaraozdemirnakliyat.com/makaleler/altindag-esya-depolama-fiyatlari,false,false,false,1,47,Altındağ Parça Eşya Taşıma Fiyatları | Ankara Özdemir Nakliyat,Altındağ Parça Eşya Taşıma Fiyatları,https://ankaraozdemirnakliyat.com/makaleler/altindag-parca-esya-tasima-fiyatlari,UNKNOWN,UNKNOWN,UNKNOWN,UNKNOWN,UNKNOWN,false
ozdemir,https://ankaraozdemirnakliyat.com/makaleler/altindag-sehirler-arasi-nakliyat-firmalari,article_post,IMPROVE,200,true,334,0.2974,0.0458,0.7895,https://ankaraozdemirnakliyat.com/makaleler/altindag-esya-depolama-firmalari,false,false,false,1,47,Altındağ Şehirler Arası Nakliyat Firmaları | Ankara Özdemir Nakliyat,Altındağ Şehirler Arası Nakliyat Firmaları,https://ankaraozdemirnakliyat.com/makaleler/altindag-sehirler-arasi-nakliyat-firmalari,UNKNOWN,UNKNOWN,UNKNOWN,UNKNOWN,UNKNOWN,false
ozdemir,https://ankaraozdemirnakliyat.com/makaleler/altindag-sehirler-arasi-nakliyat-fiyatlari,article_post,IMPROVE,200,true,341,0.2945,0.0453,0.7959,https://ankaraozdemirnakliyat.com/makaleler/altindag-esya-depolama-fiyatlari,false,false,false,1,47,Altındağ Şehirler Arası Nakliyat Fiyatları | Ankara Özdemir Nakliyat,Altındağ Şehirler Arası Nakliyat Fiyatları,https://ankaraozdemirnakliyat.com/makaleler/altindag-sehirler-arasi-nakliyat-fiyatlari,UNKNOWN,UNKNOWN,UNKNOWN,UNKNOWN,UNKNOWN,false
ozdemir,https://ankaraozdemirnakliyat.com/makaleler/altindag-esya-depolama-firmalari,article_post,IMPROVE,200,true,328,0.3023,0.0399,0.6532,https://ankaraozdemirnakliyat.com/makaleler/pursaklar-esya-depolama-firmalari,false,false,false,1,47,Altındağ Eşya Depolama Firmaları | Ankara Özdemir Nakliyat,Altındağ Eşya Depolama Firmaları,https://ankaraozdemirnakliyat.com/makaleler/altindag-esya-depolama-firmalari,UNKNOWN,UNKNOWN,UNKNOWN,UNKNOWN,UNKNOWN,false
ozdemir,https://ankaraozdemirnakliyat.com/makaleler/altindag-esya-depolama-fiyatlari,article_post,IMPROVE,200,true,335,0.2993,0.0395,0.6387,https://ankaraozdemirnakliyat.com/makaleler/pursaklar-esya-depolama-fiyatlari,false,false,false,1,47,Altındağ Eşya Depolama Fiyatları | Ankara Özdemir Nakliyat,Altındağ Eşya Depolama Fiyatları,https://ankaraozdemirnakliyat.com/makaleler/altindag-esya-depolama-fiyatlari,UNKNOWN,UNKNOWN,UNKNOWN,UNKNOWN,UNKNOWN,false
ozdemir,https://ankaraozdemirnakliyat.com/makaleler/pursaklar-evden-eve-nakliyat-firmalari,article_post,MERGE,200,true,334,0.2974,0.0458,1.0000,https://ankaraozdemirnakliyat.com/makaleler/kahramankazan-evden-eve-nakliyat-firmalari,false,true,false,1,47,Pursaklar Evden Eve Nakliyat Firmaları | Ankara Özdemir Nakliyat,Pursaklar Evden Eve Nakliyat Firmaları,https://ankaraozdemirnakliyat.com/makaleler/pursaklar-evden-eve-nakliyat-firmalari,UNKNOWN,UNKNOWN,UNKNOWN,UNKNOWN,UNKNOWN,false
ozdemir,https://ankaraozdemirnakliyat.com/makaleler/pursaklar-evden-eve-nakliyat-fiyatlari,article_post,MERGE,200,true,341,0.2945,0.0453,1.0000,https://ankaraozdemirnakliyat.com/makaleler/kahramankazan-evden-eve-nakliyat-fiyatlari,false,true,false,1,47,Pursaklar Evden Eve Nakliyat Fiyatları | Ankara Özdemir Nakliyat,Pursaklar Evden Eve Nakliyat Fiyatları,https://ankaraozdemirnakliyat.com/makaleler/pursaklar-evden-eve-nakliyat-fiyatlari,UNKNOWN,UNKNOWN,UNKNOWN,UNKNOWN,UNKNOWN,false
ozdemir,https://ankaraozdemirnakliyat.com/makaleler/pursaklar-asansorlu-tasimacilik-firmalari,article_post,MERGE,200,true,328,0.3023,0.0399,1.0000,https://ankaraozdemirnakliyat.com/makaleler/kahramankazan-asansorlu-tasimacilik-firmalari,false,true,false,1,47,Pursaklar Asansörlü Taşımacılık Firmaları | Ankara Özdemir Nakliyat,Pursaklar Asansörlü Taşımacılık Firmaları,https://ankaraozdemirnakliyat.com/makaleler/pursaklar-asansorlu-tasimacilik-firmalari,UNKNOWN,UNKNOWN,UNKNOWN,UNKNOWN,UNKNOWN,false
ozdemir,https://ankaraozdemirnakliyat.com/makaleler/pursaklar-asansorlu-tasimacilik-fiyatlari,article_post,MERGE,200,true,335,0.2993,0.0395,1.0000,https://ankaraozdemirnakliyat.com/makaleler/kahramankazan-asansorlu-tasimacilik-fiyatlari,false,true,false,1,47,Pursaklar Asansörlü Taşımacılık Fiyatları | Ankara Özdemir Nakliyat,Pursaklar Asansörlü Taşımacılık Fiyatları,https://ankaraozdemirnakliyat.com/makaleler/pursaklar-asansorlu-tasimacilik-fiyatlari,UNKNOWN,UNKNOWN,UNKNOWN,UNKNOWN,UNKNOWN,false
ozdemir,https://ankaraozdemirnakliyat.com/makaleler/pursaklar-ofis-tasima-firmalari,article_post,MERGE,200,true,328,0.3023,0.0399,1.0000,https://ankaraozdemirnakliyat.com/makaleler/kahramankazan-ofis-tasima-firmalari,false,true,false,1,47,Pursaklar Ofis Taşıma Firmaları | Ankara Özdemir Nakliyat,Pursaklar Ofis Taşıma Firmaları,https://ankaraozdemirnakliyat.com/makaleler/pursaklar-ofis-tasima-firmalari,UNKNOWN,UNKNOWN,UNKNOWN,UNKNOWN,UNKNOWN,false
ozdemir,https://ankaraozdemirnakliyat.com/makaleler/pursaklar-ofis-tasima-fiyatlari,article_post,MERGE,200,true,335,0.2993,0.0395,1.0000,https://ankaraozdemirnakliyat.com/makaleler/kahramankazan-ofis-tasima-fiyatlari,false,true,false,1,47,Pursaklar Ofis Taşıma Fiyatları | Ankara Özdemir Nakliyat,Pursaklar Ofis Taşıma Fiyatları,https://ankaraozdemirnakliyat.com/makaleler/pursaklar-ofis-tasima-fiyatlari,UNKNOWN,UNKNOWN,UNKNOWN,UNKNOWN,UNKNOWN,false
ozdemir,https://ankaraozdemirnakliyat.com/makaleler/pursaklar-parca-esya-tasima-firmalari,article_post,MERGE,200,true,334,0.2974,0.0458,1.0000,https://ankaraozdemirnakliyat.com/makaleler/kahramankazan-parca-esya-tasima-firmalari,false,true,false,1,47,Pursaklar Parça Eşya Taşıma Firmaları | Ankara Özdemir Nakliyat,Pursaklar Parça Eşya Taşıma Firmaları,https://ankaraozdemirnakliyat.com/makaleler/pursaklar-parca-esya-tasima-firmalari,UNKNOWN,UNKNOWN,UNKNOWN,UNKNOWN,UNKNOWN,false
ozdemir,https://ankaraozdemirnakliyat.com/makaleler/pursaklar-parca-esya-tasima-fiyatlari,article_post,MERGE,200,true,341,0.2945,0.0453,1.0000,https://ankaraozdemirnakliyat.com/makaleler/kahramankazan-parca-esya-tasima-fiyatlari,false,true,false,1,47,Pursaklar Parça Eşya Taşıma Fiyatları | Ankara Özdemir Nakliyat,Pursaklar Parça Eşya Taşıma Fiyatları,https://ankaraozdemirnakliyat.com/makaleler/pursaklar-parca-esya-tasima-fiyatlari,UNKNOWN,UNKNOWN,UNKNOWN,UNKNOWN,UNKNOWN,false
ozdemir,https://ankaraozdemirnakliyat.com/makaleler/pursaklar-sehirler-arasi-nakliyat-firmalari,article_post,MERGE,200,true,334,0.2974,0.0458,1.0000,https://ankaraozdemirnakliyat.com/makaleler/kahramankazan-sehirler-arasi-nakliyat-firmalari,false,true,false,1,47,Pursaklar Şehirler Arası Nakliyat Firmaları | Ankara Özdemir Nakliyat,Pursaklar Şehirler Arası Nakliyat Firmaları,https://ankaraozdemirnakliyat.com/makaleler/pursaklar-sehirler-arasi-nakliyat-firmalari,UNKNOWN,UNKNOWN,UNKNOWN,UNKNOWN,UNKNOWN,false
ozdemir,https://ankaraozdemirnakliyat.com/makaleler/pursaklar-sehirler-arasi-nakliyat-fiyatlari,article_post,MERGE,200,true,341,0.2945,0.0453,1.0000,https://ankaraozdemirnakliyat.com/makaleler/kahramankazan-sehirler-arasi-nakliyat-fiyatlari,false,true,false,1,47,Pursaklar Şehirler Arası Nakliyat Fiyatları | Ankara Özdemir Nakliyat,Pursaklar Şehirler Arası Nakliyat Fiyatları,https://ankaraozdemirnakliyat.com/makaleler/pursaklar-sehirler-arasi-nakliyat-fiyatlari,UNKNOWN,UNKNOWN,UNKNOWN,UNKNOWN,UNKNOWN,false
ozdemir,https://ankaraozdemirnakliyat.com/makaleler/pursaklar-esya-depolama-firmalari,article_post,MERGE,200,true,328,0.3023,0.0399,1.0000,https://ankaraozdemirnakliyat.com/makaleler/kahramankazan-esya-depolama-firmalari,false,true,false,1,47,Pursaklar Eşya Depolama Firmaları | Ankara Özdemir Nakliyat,Pursaklar Eşya Depolama Firmaları,https://ankaraozdemirnakliyat.com/makaleler/pursaklar-esya-depolama-firmalari,UNKNOWN,UNKNOWN,UNKNOWN,UNKNOWN,UNKNOWN,false
ozdemir,https://ankaraozdemirnakliyat.com/makaleler/pursaklar-esya-depolama-fiyatlari,article_post,MERGE,200,true,335,0.2993,0.0395,1.0000,https://ankaraozdemirnakliyat.com/makaleler/kahramankazan-esya-depolama-fiyatlari,false,true,false,1,47,Pursaklar Eşya Depolama Fiyatları | Ankara Özdemir Nakliyat,Pursaklar Eşya Depolama Fiyatları,https://ankaraozdemirnakliyat.com/makaleler/pursaklar-esya-depolama-fiyatlari,UNKNOWN,UNKNOWN,UNKNOWN,UNKNOWN,UNKNOWN,false
ozdemir,https://ankaraozdemirnakliyat.com/makaleler/golbasi-evden-eve-nakliyat-firmalari,article_post,IMPROVE,200,true,334,0.2974,0.0458,0.9023,https://ankaraozdemirnakliyat.com/makaleler/golbasi-ofis-tasima-firmalari,false,false,false,1,47,Gölbaşı Evden Eve Nakliyat Firmaları | Ankara Özdemir Nakliyat,Gölbaşı Evden Eve Nakliyat Firmaları,https://ankaraozdemirnakliyat.com/makaleler/golbasi-evden-eve-nakliyat-firmalari,UNKNOWN,UNKNOWN,UNKNOWN,UNKNOWN,UNKNOWN,false
ozdemir,https://ankaraozdemirnakliyat.com/makaleler/golbasi-evden-eve-nakliyat-fiyatlari,article_post,IMPROVE,200,true,341,0.2945,0.0453,0.9057,https://ankaraozdemirnakliyat.com/makaleler/golbasi-ofis-tasima-fiyatlari,false,false,false,1,47,Gölbaşı Evden Eve Nakliyat Fiyatları | Ankara Özdemir Nakliyat,Gölbaşı Evden Eve Nakliyat Fiyatları,https://ankaraozdemirnakliyat.com/makaleler/golbasi-evden-eve-nakliyat-fiyatlari,UNKNOWN,UNKNOWN,UNKNOWN,UNKNOWN,UNKNOWN,false
ozdemir,https://ankaraozdemirnakliyat.com/makaleler/golbasi-asansorlu-tasimacilik-firmalari,article_post,IMPROVE,200,true,328,0.3023,0.0399,0.8065,https://ankaraozdemirnakliyat.com/makaleler/golbasi-esya-depolama-firmalari,false,false,false,1,47,Gölbaşı Asansörlü Taşımacılık Firmaları | Ankara Özdemir Nakliyat,Gölbaşı Asansörlü Taşımacılık Firmaları,https://ankaraozdemirnakliyat.com/makaleler/golbasi-asansorlu-tasimacilik-firmalari,UNKNOWN,UNKNOWN,UNKNOWN,UNKNOWN,UNKNOWN,false
ozdemir,https://ankaraozdemirnakliyat.com/makaleler/golbasi-asansorlu-tasimacilik-fiyatlari,article_post,IMPROVE,200,true,335,0.2993,0.0395,0.8125,https://ankaraozdemirnakliyat.com/makaleler/golbasi-esya-depolama-fiyatlari,false,false,false,1,47,Gölbaşı Asansörlü Taşımacılık Fiyatları | Ankara Özdemir Nakliyat,Gölbaşı Asansörlü Taşımacılık Fiyatları,https://ankaraozdemirnakliyat.com/makaleler/golbasi-asansorlu-tasimacilik-fiyatlari,UNKNOWN,UNKNOWN,UNKNOWN,UNKNOWN,UNKNOWN,false
ozdemir,https://ankaraozdemirnakliyat.com/makaleler/golbasi-ofis-tasima-firmalari,article_post,IMPROVE,200,true,328,0.3023,0.0399,0.7942,https://ankaraozdemirnakliyat.com/makaleler/golbasi-esya-depolama-firmalari,false,false,false,1,47,Gölbaşı Ofis Taşıma Firmaları | Ankara Özdemir Nakliyat,Gölbaşı Ofis Taşıma Firmaları,https://ankaraozdemirnakliyat.com/makaleler/golbasi-ofis-tasima-firmalari,UNKNOWN,UNKNOWN,UNKNOWN,UNKNOWN,UNKNOWN,false
ozdemir,https://ankaraozdemirnakliyat.com/makaleler/golbasi-ofis-tasima-fiyatlari,article_post,IMPROVE,200,true,335,0.2993,0.0395,0.8007,https://ankaraozdemirnakliyat.com/makaleler/golbasi-esya-depolama-fiyatlari,false,false,false,1,47,Gölbaşı Ofis Taşıma Fiyatları | Ankara Özdemir Nakliyat,Gölbaşı Ofis Taşıma Fiyatları,https://ankaraozdemirnakliyat.com/makaleler/golbasi-ofis-tasima-fiyatlari,UNKNOWN,UNKNOWN,UNKNOWN,UNKNOWN,UNKNOWN,false
ozdemir,https://ankaraozdemirnakliyat.com/makaleler/golbasi-parca-esya-tasima-firmalari,article_post,IMPROVE,200,true,334,0.2974,0.0458,0.8214,https://ankaraozdemirnakliyat.com/makaleler/golbasi-esya-depolama-firmalari,false,false,false,1,47,Gölbaşı Parça Eşya Taşıma Firmaları | Ankara Özdemir Nakliyat,Gölbaşı Parça Eşya Taşıma Firmaları,https://ankaraozdemirnakliyat.com/makaleler/golbasi-parca-esya-tasima-firmalari,UNKNOWN,UNKNOWN,UNKNOWN,UNKNOWN,UNKNOWN,false
ozdemir,https://ankaraozdemirnakliyat.com/makaleler/golbasi-parca-esya-tasima-fiyatlari,article_post,IMPROVE,200,true,341,0.2945,0.0453,0.8270,https://ankaraozdemirnakliyat.com/makaleler/golbasi-esya-depolama-fiyatlari,false,false,false,1,47,Gölbaşı Parça Eşya Taşıma Fiyatları | Ankara Özdemir Nakliyat,Gölbaşı Parça Eşya Taşıma Fiyatları,https://ankaraozdemirnakliyat.com/makaleler/golbasi-parca-esya-tasima-fiyatlari,UNKNOWN,UNKNOWN,UNKNOWN,UNKNOWN,UNKNOWN,false
ozdemir,https://ankaraozdemirnakliyat.com/makaleler/golbasi-sehirler-arasi-nakliyat-firmalari,article_post,IMPROVE,200,true,334,0.2974,0.0458,0.7895,https://ankaraozdemirnakliyat.com/makaleler/golbasi-esya-depolama-firmalari,false,false,false,1,47,Gölbaşı Şehirler Arası Nakliyat Firmaları | Ankara Özdemir Nakliyat,Gölbaşı Şehirler Arası Nakliyat Firmaları,https://ankaraozdemirnakliyat.com/makaleler/golbasi-sehirler-arasi-nakliyat-firmalari,UNKNOWN,UNKNOWN,UNKNOWN,UNKNOWN,UNKNOWN,false
ozdemir,https://ankaraozdemirnakliyat.com/makaleler/golbasi-sehirler-arasi-nakliyat-fiyatlari,article_post,IMPROVE,200,true,341,0.2945,0.0453,0.7959,https://ankaraozdemirnakliyat.com/makaleler/golbasi-esya-depolama-fiyatlari,false,false,false,1,47,Gölbaşı Şehirler Arası Nakliyat Fiyatları | Ankara Özdemir Nakliyat,Gölbaşı Şehirler Arası Nakliyat Fiyatları,https://ankaraozdemirnakliyat.com/makaleler/golbasi-sehirler-arasi-nakliyat-fiyatlari,UNKNOWN,UNKNOWN,UNKNOWN,UNKNOWN,UNKNOWN,false
ozdemir,https://ankaraozdemirnakliyat.com/makaleler/golbasi-esya-depolama-firmalari,article_post,IMPROVE,200,true,328,0.3023,0.0399,0.6532,https://ankaraozdemirnakliyat.com/makaleler/kahramankazan-esya-depolama-firmalari,false,false,false,1,47,Gölbaşı Eşya Depolama Firmaları | Ankara Özdemir Nakliyat,Gölbaşı Eşya Depolama Firmaları,https://ankaraozdemirnakliyat.com/makaleler/golbasi-esya-depolama-firmalari,UNKNOWN,UNKNOWN,UNKNOWN,UNKNOWN,UNKNOWN,false
ozdemir,https://ankaraozdemirnakliyat.com/makaleler/golbasi-esya-depolama-fiyatlari,article_post,IMPROVE,200,true,335,0.2993,0.0395,0.6387,https://ankaraozdemirnakliyat.com/makaleler/kahramankazan-esya-depolama-fiyatlari,false,false,false,1,47,Gölbaşı Eşya Depolama Fiyatları | Ankara Özdemir Nakliyat,Gölbaşı Eşya Depolama Fiyatları,https://ankaraozdemirnakliyat.com/makaleler/golbasi-esya-depolama-fiyatlari,UNKNOWN,UNKNOWN,UNKNOWN,UNKNOWN,UNKNOWN,false
ozdemir,https://ankaraozdemirnakliyat.com/makaleler/polatli-evden-eve-nakliyat-firmalari,article_post,IMPROVE,200,true,334,0.2974,0.0458,0.9023,https://ankaraozdemirnakliyat.com/makaleler/polatli-ofis-tasima-firmalari,false,false,false,1,47,Polatlı Evden Eve Nakliyat Firmaları | Ankara Özdemir Nakliyat,Polatlı Evden Eve Nakliyat Firmaları,https://ankaraozdemirnakliyat.com/makaleler/polatli-evden-eve-nakliyat-firmalari,UNKNOWN,UNKNOWN,UNKNOWN,UNKNOWN,UNKNOWN,false
ozdemir,https://ankaraozdemirnakliyat.com/makaleler/polatli-evden-eve-nakliyat-fiyatlari,article_post,IMPROVE,200,true,341,0.2945,0.0453,0.9057,https://ankaraozdemirnakliyat.com/makaleler/polatli-ofis-tasima-fiyatlari,false,false,false,1,47,Polatlı Evden Eve Nakliyat Fiyatları | Ankara Özdemir Nakliyat,Polatlı Evden Eve Nakliyat Fiyatları,https://ankaraozdemirnakliyat.com/makaleler/polatli-evden-eve-nakliyat-fiyatlari,UNKNOWN,UNKNOWN,UNKNOWN,UNKNOWN,UNKNOWN,false
ozdemir,https://ankaraozdemirnakliyat.com/makaleler/polatli-asansorlu-tasimacilik-firmalari,article_post,IMPROVE,200,true,328,0.3023,0.0399,0.8065,https://ankaraozdemirnakliyat.com/makaleler/polatli-esya-depolama-firmalari,false,false,false,1,47,Polatlı Asansörlü Taşımacılık Firmaları | Ankara Özdemir Nakliyat,Polatlı Asansörlü Taşımacılık Firmaları,https://ankaraozdemirnakliyat.com/makaleler/polatli-asansorlu-tasimacilik-firmalari,UNKNOWN,UNKNOWN,UNKNOWN,UNKNOWN,UNKNOWN,false
ozdemir,https://ankaraozdemirnakliyat.com/makaleler/polatli-asansorlu-tasimacilik-fiyatlari,article_post,IMPROVE,200,true,335,0.2993,0.0395,0.8125,https://ankaraozdemirnakliyat.com/makaleler/polatli-esya-depolama-fiyatlari,false,false,false,1,47,Polatlı Asansörlü Taşımacılık Fiyatları | Ankara Özdemir Nakliyat,Polatlı Asansörlü Taşımacılık Fiyatları,https://ankaraozdemirnakliyat.com/makaleler/polatli-asansorlu-tasimacilik-fiyatlari,UNKNOWN,UNKNOWN,UNKNOWN,UNKNOWN,UNKNOWN,false
ozdemir,https://ankaraozdemirnakliyat.com/makaleler/polatli-ofis-tasima-firmalari,article_post,IMPROVE,200,true,328,0.3023,0.0399,0.7942,https://ankaraozdemirnakliyat.com/makaleler/polatli-esya-depolama-firmalari,false,false,false,1,47,Polatlı Ofis Taşıma Firmaları | Ankara Özdemir Nakliyat,Polatlı Ofis Taşıma Firmaları,https://ankaraozdemirnakliyat.com/makaleler/polatli-ofis-tasima-firmalari,UNKNOWN,UNKNOWN,UNKNOWN,UNKNOWN,UNKNOWN,false
ozdemir,https://ankaraozdemirnakliyat.com/makaleler/polatli-ofis-tasima-fiyatlari,article_post,IMPROVE,200,true,335,0.2993,0.0395,0.8007,https://ankaraozdemirnakliyat.com/makaleler/polatli-esya-depolama-fiyatlari,false,false,false,1,47,Polatlı Ofis Taşıma Fiyatları | Ankara Özdemir Nakliyat,Polatlı Ofis Taşıma Fiyatları,https://ankaraozdemirnakliyat.com/makaleler/polatli-ofis-tasima-fiyatlari,UNKNOWN,UNKNOWN,UNKNOWN,UNKNOWN,UNKNOWN,false
ozdemir,https://ankaraozdemirnakliyat.com/makaleler/polatli-parca-esya-tasima-firmalari,article_post,IMPROVE,200,true,334,0.2974,0.0458,0.8214,https://ankaraozdemirnakliyat.com/makaleler/polatli-esya-depolama-firmalari,false,false,false,1,47,Polatlı Parça Eşya Taşıma Firmaları | Ankara Özdemir Nakliyat,Polatlı Parça Eşya Taşıma Firmaları,https://ankaraozdemirnakliyat.com/makaleler/polatli-parca-esya-tasima-firmalari,UNKNOWN,UNKNOWN,UNKNOWN,UNKNOWN,UNKNOWN,false
ozdemir,https://ankaraozdemirnakliyat.com/makaleler/polatli-parca-esya-tasima-fiyatlari,article_post,IMPROVE,200,true,341,0.2945,0.0453,0.8270,https://ankaraozdemirnakliyat.com/makaleler/polatli-esya-depolama-fiyatlari,false,false,false,1,47,Polatlı Parça Eşya Taşıma Fiyatları | Ankara Özdemir Nakliyat,Polatlı Parça Eşya Taşıma Fiyatları,https://ankaraozdemirnakliyat.com/makaleler/polatli-parca-esya-tasima-fiyatlari,UNKNOWN,UNKNOWN,UNKNOWN,UNKNOWN,UNKNOWN,false
ozdemir,https://ankaraozdemirnakliyat.com/makaleler/polatli-sehirler-arasi-nakliyat-firmalari,article_post,IMPROVE,200,true,334,0.2974,0.0458,0.7895,https://ankaraozdemirnakliyat.com/makaleler/polatli-esya-depolama-firmalari,false,false,false,1,47,Polatlı Şehirler Arası Nakliyat Firmaları | Ankara Özdemir Nakliyat,Polatlı Şehirler Arası Nakliyat Firmaları,https://ankaraozdemirnakliyat.com/makaleler/polatli-sehirler-arasi-nakliyat-firmalari,UNKNOWN,UNKNOWN,UNKNOWN,UNKNOWN,UNKNOWN,false
ozdemir,https://ankaraozdemirnakliyat.com/makaleler/polatli-sehirler-arasi-nakliyat-fiyatlari,article_post,IMPROVE,200,true,341,0.2945,0.0453,0.7959,https://ankaraozdemirnakliyat.com/makaleler/polatli-esya-depolama-fiyatlari,false,false,false,1,47,Polatlı Şehirler Arası Nakliyat Fiyatları | Ankara Özdemir Nakliyat,Polatlı Şehirler Arası Nakliyat Fiyatları,https://ankaraozdemirnakliyat.com/makaleler/polatli-sehirler-arasi-nakliyat-fiyatlari,UNKNOWN,UNKNOWN,UNKNOWN,UNKNOWN,UNKNOWN,false
ozdemir,https://ankaraozdemirnakliyat.com/makaleler/polatli-esya-depolama-firmalari,article_post,IMPROVE,200,true,328,0.3023,0.0399,0.6532,https://ankaraozdemirnakliyat.com/makaleler/kahramankazan-esya-depolama-firmalari,false,false,false,1,47,Polatlı Eşya Depolama Firmaları | Ankara Özdemir Nakliyat,Polatlı Eşya Depolama Firmaları,https://ankaraozdemirnakliyat.com/makaleler/polatli-esya-depolama-firmalari,UNKNOWN,UNKNOWN,UNKNOWN,UNKNOWN,UNKNOWN,false
ozdemir,https://ankaraozdemirnakliyat.com/makaleler/polatli-esya-depolama-fiyatlari,article_post,IMPROVE,200,true,335,0.2993,0.0395,0.6387,https://ankaraozdemirnakliyat.com/makaleler/kahramankazan-esya-depolama-fiyatlari,false,false,false,1,47,Polatlı Eşya Depolama Fiyatları | Ankara Özdemir Nakliyat,Polatlı Eşya Depolama Fiyatları,https://ankaraozdemirnakliyat.com/makaleler/polatli-esya-depolama-fiyatlari,UNKNOWN,UNKNOWN,UNKNOWN,UNKNOWN,UNKNOWN,false
ozdemir,https://ankaraozdemirnakliyat.com/makaleler/cubuk-evden-eve-nakliyat-firmalari,article_post,IMPROVE,200,true,334,0.2974,0.0458,0.9023,https://ankaraozdemirnakliyat.com/makaleler/cubuk-ofis-tasima-firmalari,false,false,false,1,47,Çubuk Evden Eve Nakliyat Firmaları | Ankara Özdemir Nakliyat,Çubuk Evden Eve Nakliyat Firmaları,https://ankaraozdemirnakliyat.com/makaleler/cubuk-evden-eve-nakliyat-firmalari,UNKNOWN,UNKNOWN,UNKNOWN,UNKNOWN,UNKNOWN,false
ozdemir,https://ankaraozdemirnakliyat.com/makaleler/cubuk-evden-eve-nakliyat-fiyatlari,article_post,IMPROVE,200,true,341,0.2945,0.0453,0.9057,https://ankaraozdemirnakliyat.com/makaleler/cubuk-ofis-tasima-fiyatlari,false,false,false,1,47,Çubuk Evden Eve Nakliyat Fiyatları | Ankara Özdemir Nakliyat,Çubuk Evden Eve Nakliyat Fiyatları,https://ankaraozdemirnakliyat.com/makaleler/cubuk-evden-eve-nakliyat-fiyatlari,UNKNOWN,UNKNOWN,UNKNOWN,UNKNOWN,UNKNOWN,false
ozdemir,https://ankaraozdemirnakliyat.com/makaleler/cubuk-asansorlu-tasimacilik-firmalari,article_post,IMPROVE,200,true,328,0.3023,0.0399,0.8065,https://ankaraozdemirnakliyat.com/makaleler/cubuk-esya-depolama-firmalari,false,false,false,1,47,Çubuk Asansörlü Taşımacılık Firmaları | Ankara Özdemir Nakliyat,Çubuk Asansörlü Taşımacılık Firmaları,https://ankaraozdemirnakliyat.com/makaleler/cubuk-asansorlu-tasimacilik-firmalari,UNKNOWN,UNKNOWN,UNKNOWN,UNKNOWN,UNKNOWN,false
ozdemir,https://ankaraozdemirnakliyat.com/makaleler/cubuk-asansorlu-tasimacilik-fiyatlari,article_post,IMPROVE,200,true,335,0.2993,0.0395,0.8125,https://ankaraozdemirnakliyat.com/makaleler/cubuk-esya-depolama-fiyatlari,false,false,false,1,47,Çubuk Asansörlü Taşımacılık Fiyatları | Ankara Özdemir Nakliyat,Çubuk Asansörlü Taşımacılık Fiyatları,https://ankaraozdemirnakliyat.com/makaleler/cubuk-asansorlu-tasimacilik-fiyatlari,UNKNOWN,UNKNOWN,UNKNOWN,UNKNOWN,UNKNOWN,false
ozdemir,https://ankaraozdemirnakliyat.com/makaleler/cubuk-ofis-tasima-firmalari,article_post,IMPROVE,200,true,328,0.3023,0.0399,0.7942,https://ankaraozdemirnakliyat.com/makaleler/cubuk-esya-depolama-firmalari,false,false,false,1,47,Çubuk Ofis Taşıma Firmaları | Ankara Özdemir Nakliyat,Çubuk Ofis Taşıma Firmaları,https://ankaraozdemirnakliyat.com/makaleler/cubuk-ofis-tasima-firmalari,UNKNOWN,UNKNOWN,UNKNOWN,UNKNOWN,UNKNOWN,false
ozdemir,https://ankaraozdemirnakliyat.com/makaleler/cubuk-ofis-tasima-fiyatlari,article_post,IMPROVE,200,true,335,0.2993,0.0395,0.8007,https://ankaraozdemirnakliyat.com/makaleler/cubuk-esya-depolama-fiyatlari,false,false,false,1,47,Çubuk Ofis Taşıma Fiyatları | Ankara Özdemir Nakliyat,Çubuk Ofis Taşıma Fiyatları,https://ankaraozdemirnakliyat.com/makaleler/cubuk-ofis-tasima-fiyatlari,UNKNOWN,UNKNOWN,UNKNOWN,UNKNOWN,UNKNOWN,false
ozdemir,https://ankaraozdemirnakliyat.com/makaleler/cubuk-parca-esya-tasima-firmalari,article_post,IMPROVE,200,true,334,0.2974,0.0458,0.8214,https://ankaraozdemirnakliyat.com/makaleler/cubuk-esya-depolama-firmalari,false,false,false,1,47,Çubuk Parça Eşya Taşıma Firmaları | Ankara Özdemir Nakliyat,Çubuk Parça Eşya Taşıma Firmaları,https://ankaraozdemirnakliyat.com/makaleler/cubuk-parca-esya-tasima-firmalari,UNKNOWN,UNKNOWN,UNKNOWN,UNKNOWN,UNKNOWN,false
ozdemir,https://ankaraozdemirnakliyat.com/makaleler/cubuk-parca-esya-tasima-fiyatlari,article_post,IMPROVE,200,true,341,0.2945,0.0453,0.8270,https://ankaraozdemirnakliyat.com/makaleler/cubuk-esya-depolama-fiyatlari,false,false,false,1,47,Çubuk Parça Eşya Taşıma Fiyatları | Ankara Özdemir Nakliyat,Çubuk Parça Eşya Taşıma Fiyatları,https://ankaraozdemirnakliyat.com/makaleler/cubuk-parca-esya-tasima-fiyatlari,UNKNOWN,UNKNOWN,UNKNOWN,UNKNOWN,UNKNOWN,false
ozdemir,https://ankaraozdemirnakliyat.com/makaleler/cubuk-sehirler-arasi-nakliyat-firmalari,article_post,IMPROVE,200,true,334,0.2974,0.0458,0.7895,https://ankaraozdemirnakliyat.com/makaleler/cubuk-esya-depolama-firmalari,false,false,false,1,47,Çubuk Şehirler Arası Nakliyat Firmaları | Ankara Özdemir Nakliyat,Çubuk Şehirler Arası Nakliyat Firmaları,https://ankaraozdemirnakliyat.com/makaleler/cubuk-sehirler-arasi-nakliyat-firmalari,UNKNOWN,UNKNOWN,UNKNOWN,UNKNOWN,UNKNOWN,false
ozdemir,https://ankaraozdemirnakliyat.com/makaleler/cubuk-sehirler-arasi-nakliyat-fiyatlari,article_post,IMPROVE,200,true,341,0.2945,0.0453,0.7959,https://ankaraozdemirnakliyat.com/makaleler/cubuk-esya-depolama-fiyatlari,false,false,false,1,47,Çubuk Şehirler Arası Nakliyat Fiyatları | Ankara Özdemir Nakliyat,Çubuk Şehirler Arası Nakliyat Fiyatları,https://ankaraozdemirnakliyat.com/makaleler/cubuk-sehirler-arasi-nakliyat-fiyatlari,UNKNOWN,UNKNOWN,UNKNOWN,UNKNOWN,UNKNOWN,false
ozdemir,https://ankaraozdemirnakliyat.com/makaleler/cubuk-esya-depolama-firmalari,article_post,IMPROVE,200,true,328,0.3023,0.0399,0.6532,https://ankaraozdemirnakliyat.com/makaleler/kahramankazan-esya-depolama-firmalari,false,false,false,1,47,Çubuk Eşya Depolama Firmaları | Ankara Özdemir Nakliyat,Çubuk Eşya Depolama Firmaları,https://ankaraozdemirnakliyat.com/makaleler/cubuk-esya-depolama-firmalari,UNKNOWN,UNKNOWN,UNKNOWN,UNKNOWN,UNKNOWN,false
ozdemir,https://ankaraozdemirnakliyat.com/makaleler/cubuk-esya-depolama-fiyatlari,article_post,IMPROVE,200,true,335,0.2993,0.0395,0.6387,https://ankaraozdemirnakliyat.com/makaleler/kahramankazan-esya-depolama-fiyatlari,false,false,false,1,47,Çubuk Eşya Depolama Fiyatları | Ankara Özdemir Nakliyat,Çubuk Eşya Depolama Fiyatları,https://ankaraozdemirnakliyat.com/makaleler/cubuk-esya-depolama-fiyatlari,UNKNOWN,UNKNOWN,UNKNOWN,UNKNOWN,UNKNOWN,false
ozdemir,https://ankaraozdemirnakliyat.com/makaleler/kahramankazan-evden-eve-nakliyat-firmalari,article_post,MERGE,200,true,334,0.2974,0.0458,1.0000,https://ankaraozdemirnakliyat.com/makaleler/akyurt-evden-eve-nakliyat-firmalari,false,true,false,1,47,Kahramankazan Evden Eve Nakliyat Firmaları | Ankara Özdemir Nakliyat,Kahramankazan Evden Eve Nakliyat Firmaları,https://ankaraozdemirnakliyat.com/makaleler/kahramankazan-evden-eve-nakliyat-firmalari,UNKNOWN,UNKNOWN,UNKNOWN,UNKNOWN,UNKNOWN,false
ozdemir,https://ankaraozdemirnakliyat.com/makaleler/kahramankazan-evden-eve-nakliyat-fiyatlari,article_post,MERGE,200,true,341,0.2945,0.0453,1.0000,https://ankaraozdemirnakliyat.com/makaleler/akyurt-evden-eve-nakliyat-fiyatlari,false,true,false,1,47,Kahramankazan Evden Eve Nakliyat Fiyatları | Ankara Özdemir Nakliyat,Kahramankazan Evden Eve Nakliyat Fiyatları,https://ankaraozdemirnakliyat.com/makaleler/kahramankazan-evden-eve-nakliyat-fiyatlari,UNKNOWN,UNKNOWN,UNKNOWN,UNKNOWN,UNKNOWN,false
ozdemir,https://ankaraozdemirnakliyat.com/makaleler/kahramankazan-asansorlu-tasimacilik-firmalari,article_post,MERGE,200,true,328,0.3023,0.0399,1.0000,https://ankaraozdemirnakliyat.com/makaleler/akyurt-asansorlu-tasimacilik-firmalari,false,true,false,1,47,Kahramankazan Asansörlü Taşımacılık Firmaları | Ankara Özdemir Nakliyat,Kahramankazan Asansörlü Taşımacılık Firmaları,https://ankaraozdemirnakliyat.com/makaleler/kahramankazan-asansorlu-tasimacilik-firmalari,UNKNOWN,UNKNOWN,UNKNOWN,UNKNOWN,UNKNOWN,false
ozdemir,https://ankaraozdemirnakliyat.com/makaleler/kahramankazan-asansorlu-tasimacilik-fiyatlari,article_post,MERGE,200,true,335,0.2993,0.0395,1.0000,https://ankaraozdemirnakliyat.com/makaleler/akyurt-asansorlu-tasimacilik-fiyatlari,false,true,false,1,47,Kahramankazan Asansörlü Taşımacılık Fiyatları | Ankara Özdemir Nakliyat,Kahramankazan Asansörlü Taşımacılık Fiyatları,https://ankaraozdemirnakliyat.com/makaleler/kahramankazan-asansorlu-tasimacilik-fiyatlari,UNKNOWN,UNKNOWN,UNKNOWN,UNKNOWN,UNKNOWN,false
ozdemir,https://ankaraozdemirnakliyat.com/makaleler/kahramankazan-ofis-tasima-firmalari,article_post,MERGE,200,true,328,0.3023,0.0399,1.0000,https://ankaraozdemirnakliyat.com/makaleler/akyurt-ofis-tasima-firmalari,false,true,false,1,47,Kahramankazan Ofis Taşıma Firmaları | Ankara Özdemir Nakliyat,Kahramankazan Ofis Taşıma Firmaları,https://ankaraozdemirnakliyat.com/makaleler/kahramankazan-ofis-tasima-firmalari,UNKNOWN,UNKNOWN,UNKNOWN,UNKNOWN,UNKNOWN,false
ozdemir,https://ankaraozdemirnakliyat.com/makaleler/kahramankazan-ofis-tasima-fiyatlari,article_post,MERGE,200,true,335,0.2993,0.0395,1.0000,https://ankaraozdemirnakliyat.com/makaleler/akyurt-ofis-tasima-fiyatlari,false,true,false,1,47,Kahramankazan Ofis Taşıma Fiyatları | Ankara Özdemir Nakliyat,Kahramankazan Ofis Taşıma Fiyatları,https://ankaraozdemirnakliyat.com/makaleler/kahramankazan-ofis-tasima-fiyatlari,UNKNOWN,UNKNOWN,UNKNOWN,UNKNOWN,UNKNOWN,false
ozdemir,https://ankaraozdemirnakliyat.com/makaleler/kahramankazan-parca-esya-tasima-firmalari,article_post,MERGE,200,true,334,0.2974,0.0458,1.0000,https://ankaraozdemirnakliyat.com/makaleler/akyurt-parca-esya-tasima-firmalari,false,true,false,1,47,Kahramankazan Parça Eşya Taşıma Firmaları | Ankara Özdemir Nakliyat,Kahramankazan Parça Eşya Taşıma Firmaları,https://ankaraozdemirnakliyat.com/makaleler/kahramankazan-parca-esya-tasima-firmalari,UNKNOWN,UNKNOWN,UNKNOWN,UNKNOWN,UNKNOWN,false
ozdemir,https://ankaraozdemirnakliyat.com/makaleler/kahramankazan-parca-esya-tasima-fiyatlari,article_post,MERGE,200,true,341,0.2945,0.0453,1.0000,https://ankaraozdemirnakliyat.com/makaleler/akyurt-parca-esya-tasima-fiyatlari,false,true,false,1,47,Kahramankazan Parça Eşya Taşıma Fiyatları | Ankara Özdemir Nakliyat,Kahramankazan Parça Eşya Taşıma Fiyatları,https://ankaraozdemirnakliyat.com/makaleler/kahramankazan-parca-esya-tasima-fiyatlari,UNKNOWN,UNKNOWN,UNKNOWN,UNKNOWN,UNKNOWN,false
ozdemir,https://ankaraozdemirnakliyat.com/makaleler/kahramankazan-sehirler-arasi-nakliyat-firmalari,article_post,MERGE,200,true,334,0.2974,0.0458,1.0000,https://ankaraozdemirnakliyat.com/makaleler/akyurt-sehirler-arasi-nakliyat-firmalari,false,true,false,1,47,Kahramankazan Şehirler Arası Nakliyat Firmaları | Ankara Özdemir Nakliyat,Kahramankazan Şehirler Arası Nakliyat Firmaları,https://ankaraozdemirnakliyat.com/makaleler/kahramankazan-sehirler-arasi-nakliyat-firmalari,UNKNOWN,UNKNOWN,UNKNOWN,UNKNOWN,UNKNOWN,false
ozdemir,https://ankaraozdemirnakliyat.com/makaleler/kahramankazan-sehirler-arasi-nakliyat-fiyatlari,article_post,MERGE,200,true,341,0.2945,0.0453,1.0000,https://ankaraozdemirnakliyat.com/makaleler/akyurt-sehirler-arasi-nakliyat-fiyatlari,false,true,false,1,47,Kahramankazan Şehirler Arası Nakliyat Fiyatları | Ankara Özdemir Nakliyat,Kahramankazan Şehirler Arası Nakliyat Fiyatları,https://ankaraozdemirnakliyat.com/makaleler/kahramankazan-sehirler-arasi-nakliyat-fiyatlari,UNKNOWN,UNKNOWN,UNKNOWN,UNKNOWN,UNKNOWN,false
ozdemir,https://ankaraozdemirnakliyat.com/makaleler/kahramankazan-esya-depolama-firmalari,article_post,MERGE,200,true,328,0.3023,0.0399,1.0000,https://ankaraozdemirnakliyat.com/makaleler/akyurt-esya-depolama-firmalari,false,true,false,1,47,Kahramankazan Eşya Depolama Firmaları | Ankara Özdemir Nakliyat,Kahramankazan Eşya Depolama Firmaları,https://ankaraozdemirnakliyat.com/makaleler/kahramankazan-esya-depolama-firmalari,UNKNOWN,UNKNOWN,UNKNOWN,UNKNOWN,UNKNOWN,false
ozdemir,https://ankaraozdemirnakliyat.com/makaleler/kahramankazan-esya-depolama-fiyatlari,article_post,MERGE,200,true,335,0.2993,0.0395,1.0000,https://ankaraozdemirnakliyat.com/makaleler/akyurt-esya-depolama-fiyatlari,false,true,false,1,47,Kahramankazan Eşya Depolama Fiyatları | Ankara Özdemir Nakliyat,Kahramankazan Eşya Depolama Fiyatları,https://ankaraozdemirnakliyat.com/makaleler/kahramankazan-esya-depolama-fiyatlari,UNKNOWN,UNKNOWN,UNKNOWN,UNKNOWN,UNKNOWN,false
ozdemir,https://ankaraozdemirnakliyat.com/makaleler/beypazari-evden-eve-nakliyat-firmalari,article_post,IMPROVE,200,true,334,0.2974,0.0458,0.9023,https://ankaraozdemirnakliyat.com/makaleler/beypazari-ofis-tasima-firmalari,false,false,false,1,47,Beypazarı Evden Eve Nakliyat Firmaları | Ankara Özdemir Nakliyat,Beypazarı Evden Eve Nakliyat Firmaları,https://ankaraozdemirnakliyat.com/makaleler/beypazari-evden-eve-nakliyat-firmalari,UNKNOWN,UNKNOWN,UNKNOWN,UNKNOWN,UNKNOWN,false
ozdemir,https://ankaraozdemirnakliyat.com/makaleler/beypazari-evden-eve-nakliyat-fiyatlari,article_post,IMPROVE,200,true,341,0.2945,0.0453,0.9057,https://ankaraozdemirnakliyat.com/makaleler/beypazari-ofis-tasima-fiyatlari,false,false,false,1,47,Beypazarı Evden Eve Nakliyat Fiyatları | Ankara Özdemir Nakliyat,Beypazarı Evden Eve Nakliyat Fiyatları,https://ankaraozdemirnakliyat.com/makaleler/beypazari-evden-eve-nakliyat-fiyatlari,UNKNOWN,UNKNOWN,UNKNOWN,UNKNOWN,UNKNOWN,false
ozdemir,https://ankaraozdemirnakliyat.com/makaleler/beypazari-asansorlu-tasimacilik-firmalari,article_post,IMPROVE,200,true,328,0.3023,0.0399,0.8065,https://ankaraozdemirnakliyat.com/makaleler/beypazari-esya-depolama-firmalari,false,false,false,1,47,Beypazarı Asansörlü Taşımacılık Firmaları | Ankara Özdemir Nakliyat,Beypazarı Asansörlü Taşımacılık Firmaları,https://ankaraozdemirnakliyat.com/makaleler/beypazari-asansorlu-tasimacilik-firmalari,UNKNOWN,UNKNOWN,UNKNOWN,UNKNOWN,UNKNOWN,false
ozdemir,https://ankaraozdemirnakliyat.com/makaleler/beypazari-asansorlu-tasimacilik-fiyatlari,article_post,IMPROVE,200,true,335,0.2993,0.0395,0.8125,https://ankaraozdemirnakliyat.com/makaleler/beypazari-esya-depolama-fiyatlari,false,false,false,1,47,Beypazarı Asansörlü Taşımacılık Fiyatları | Ankara Özdemir Nakliyat,Beypazarı Asansörlü Taşımacılık Fiyatları,https://ankaraozdemirnakliyat.com/makaleler/beypazari-asansorlu-tasimacilik-fiyatlari,UNKNOWN,UNKNOWN,UNKNOWN,UNKNOWN,UNKNOWN,false
ozdemir,https://ankaraozdemirnakliyat.com/makaleler/beypazari-ofis-tasima-firmalari,article_post,IMPROVE,200,true,328,0.3023,0.0399,0.7942,https://ankaraozdemirnakliyat.com/makaleler/beypazari-esya-depolama-firmalari,false,false,false,1,47,Beypazarı Ofis Taşıma Firmaları | Ankara Özdemir Nakliyat,Beypazarı Ofis Taşıma Firmaları,https://ankaraozdemirnakliyat.com/makaleler/beypazari-ofis-tasima-firmalari,UNKNOWN,UNKNOWN,UNKNOWN,UNKNOWN,UNKNOWN,false
ozdemir,https://ankaraozdemirnakliyat.com/makaleler/beypazari-ofis-tasima-fiyatlari,article_post,IMPROVE,200,true,335,0.2993,0.0395,0.8007,https://ankaraozdemirnakliyat.com/makaleler/beypazari-esya-depolama-fiyatlari,false,false,false,1,47,Beypazarı Ofis Taşıma Fiyatları | Ankara Özdemir Nakliyat,Beypazarı Ofis Taşıma Fiyatları,https://ankaraozdemirnakliyat.com/makaleler/beypazari-ofis-tasima-fiyatlari,UNKNOWN,UNKNOWN,UNKNOWN,UNKNOWN,UNKNOWN,false
ozdemir,https://ankaraozdemirnakliyat.com/makaleler/beypazari-parca-esya-tasima-firmalari,article_post,IMPROVE,200,true,334,0.2974,0.0458,0.8214,https://ankaraozdemirnakliyat.com/makaleler/beypazari-esya-depolama-firmalari,false,false,false,1,47,Beypazarı Parça Eşya Taşıma Firmaları | Ankara Özdemir Nakliyat,Beypazarı Parça Eşya Taşıma Firmaları,https://ankaraozdemirnakliyat.com/makaleler/beypazari-parca-esya-tasima-firmalari,UNKNOWN,UNKNOWN,UNKNOWN,UNKNOWN,UNKNOWN,false
ozdemir,https://ankaraozdemirnakliyat.com/makaleler/beypazari-parca-esya-tasima-fiyatlari,article_post,IMPROVE,200,true,341,0.2945,0.0453,0.8270,https://ankaraozdemirnakliyat.com/makaleler/beypazari-esya-depolama-fiyatlari,false,false,false,1,47,Beypazarı Parça Eşya Taşıma Fiyatları | Ankara Özdemir Nakliyat,Beypazarı Parça Eşya Taşıma Fiyatları,https://ankaraozdemirnakliyat.com/makaleler/beypazari-parca-esya-tasima-fiyatlari,UNKNOWN,UNKNOWN,UNKNOWN,UNKNOWN,UNKNOWN,false
ozdemir,https://ankaraozdemirnakliyat.com/makaleler/beypazari-sehirler-arasi-nakliyat-firmalari,article_post,IMPROVE,200,true,334,0.2974,0.0458,0.7895,https://ankaraozdemirnakliyat.com/makaleler/beypazari-esya-depolama-firmalari,false,false,false,1,47,Beypazarı Şehirler Arası Nakliyat Firmaları | Ankara Özdemir Nakliyat,Beypazarı Şehirler Arası Nakliyat Firmaları,https://ankaraozdemirnakliyat.com/makaleler/beypazari-sehirler-arasi-nakliyat-firmalari,UNKNOWN,UNKNOWN,UNKNOWN,UNKNOWN,UNKNOWN,false
ozdemir,https://ankaraozdemirnakliyat.com/makaleler/beypazari-sehirler-arasi-nakliyat-fiyatlari,article_post,IMPROVE,200,true,341,0.2945,0.0453,0.7959,https://ankaraozdemirnakliyat.com/makaleler/beypazari-esya-depolama-fiyatlari,false,false,false,1,47,Beypazarı Şehirler Arası Nakliyat Fiyatları | Ankara Özdemir Nakliyat,Beypazarı Şehirler Arası Nakliyat Fiyatları,https://ankaraozdemirnakliyat.com/makaleler/beypazari-sehirler-arasi-nakliyat-fiyatlari,UNKNOWN,UNKNOWN,UNKNOWN,UNKNOWN,UNKNOWN,false
ozdemir,https://ankaraozdemirnakliyat.com/makaleler/beypazari-esya-depolama-firmalari,article_post,IMPROVE,200,true,328,0.3023,0.0399,0.6532,https://ankaraozdemirnakliyat.com/makaleler/akyurt-esya-depolama-firmalari,false,false,false,1,47,Beypazarı Eşya Depolama Firmaları | Ankara Özdemir Nakliyat,Beypazarı Eşya Depolama Firmaları,https://ankaraozdemirnakliyat.com/makaleler/beypazari-esya-depolama-firmalari,UNKNOWN,UNKNOWN,UNKNOWN,UNKNOWN,UNKNOWN,false
ozdemir,https://ankaraozdemirnakliyat.com/makaleler/beypazari-esya-depolama-fiyatlari,article_post,IMPROVE,200,true,335,0.2993,0.0395,0.6387,https://ankaraozdemirnakliyat.com/makaleler/akyurt-esya-depolama-fiyatlari,false,false,false,1,47,Beypazarı Eşya Depolama Fiyatları | Ankara Özdemir Nakliyat,Beypazarı Eşya Depolama Fiyatları,https://ankaraozdemirnakliyat.com/makaleler/beypazari-esya-depolama-fiyatlari,UNKNOWN,UNKNOWN,UNKNOWN,UNKNOWN,UNKNOWN,false
ozdemir,https://ankaraozdemirnakliyat.com/makaleler/elmadag-evden-eve-nakliyat-firmalari,article_post,IMPROVE,200,true,334,0.2974,0.0458,0.9023,https://ankaraozdemirnakliyat.com/makaleler/elmadag-ofis-tasima-firmalari,false,false,false,1,47,Elmadağ Evden Eve Nakliyat Firmaları | Ankara Özdemir Nakliyat,Elmadağ Evden Eve Nakliyat Firmaları,https://ankaraozdemirnakliyat.com/makaleler/elmadag-evden-eve-nakliyat-firmalari,UNKNOWN,UNKNOWN,UNKNOWN,UNKNOWN,UNKNOWN,false
ozdemir,https://ankaraozdemirnakliyat.com/makaleler/elmadag-evden-eve-nakliyat-fiyatlari,article_post,IMPROVE,200,true,341,0.2945,0.0453,0.9057,https://ankaraozdemirnakliyat.com/makaleler/elmadag-ofis-tasima-fiyatlari,false,false,false,1,47,Elmadağ Evden Eve Nakliyat Fiyatları | Ankara Özdemir Nakliyat,Elmadağ Evden Eve Nakliyat Fiyatları,https://ankaraozdemirnakliyat.com/makaleler/elmadag-evden-eve-nakliyat-fiyatlari,UNKNOWN,UNKNOWN,UNKNOWN,UNKNOWN,UNKNOWN,false
ozdemir,https://ankaraozdemirnakliyat.com/makaleler/elmadag-asansorlu-tasimacilik-firmalari,article_post,IMPROVE,200,true,328,0.3023,0.0399,0.8065,https://ankaraozdemirnakliyat.com/makaleler/elmadag-esya-depolama-firmalari,false,false,false,1,47,Elmadağ Asansörlü Taşımacılık Firmaları | Ankara Özdemir Nakliyat,Elmadağ Asansörlü Taşımacılık Firmaları,https://ankaraozdemirnakliyat.com/makaleler/elmadag-asansorlu-tasimacilik-firmalari,UNKNOWN,UNKNOWN,UNKNOWN,UNKNOWN,UNKNOWN,false
ozdemir,https://ankaraozdemirnakliyat.com/makaleler/elmadag-asansorlu-tasimacilik-fiyatlari,article_post,IMPROVE,200,true,335,0.2993,0.0395,0.8125,https://ankaraozdemirnakliyat.com/makaleler/elmadag-esya-depolama-fiyatlari,false,false,false,1,47,Elmadağ Asansörlü Taşımacılık Fiyatları | Ankara Özdemir Nakliyat,Elmadağ Asansörlü Taşımacılık Fiyatları,https://ankaraozdemirnakliyat.com/makaleler/elmadag-asansorlu-tasimacilik-fiyatlari,UNKNOWN,UNKNOWN,UNKNOWN,UNKNOWN,UNKNOWN,false
ozdemir,https://ankaraozdemirnakliyat.com/makaleler/elmadag-ofis-tasima-firmalari,article_post,IMPROVE,200,true,328,0.3023,0.0399,0.7942,https://ankaraozdemirnakliyat.com/makaleler/elmadag-esya-depolama-firmalari,false,false,false,1,47,Elmadağ Ofis Taşıma Firmaları | Ankara Özdemir Nakliyat,Elmadağ Ofis Taşıma Firmaları,https://ankaraozdemirnakliyat.com/makaleler/elmadag-ofis-tasima-firmalari,UNKNOWN,UNKNOWN,UNKNOWN,UNKNOWN,UNKNOWN,false
ozdemir,https://ankaraozdemirnakliyat.com/makaleler/elmadag-ofis-tasima-fiyatlari,article_post,IMPROVE,200,true,335,0.2993,0.0395,0.8007,https://ankaraozdemirnakliyat.com/makaleler/elmadag-esya-depolama-fiyatlari,false,false,false,1,47,Elmadağ Ofis Taşıma Fiyatları | Ankara Özdemir Nakliyat,Elmadağ Ofis Taşıma Fiyatları,https://ankaraozdemirnakliyat.com/makaleler/elmadag-ofis-tasima-fiyatlari,UNKNOWN,UNKNOWN,UNKNOWN,UNKNOWN,UNKNOWN,false
ozdemir,https://ankaraozdemirnakliyat.com/makaleler/elmadag-parca-esya-tasima-firmalari,article_post,IMPROVE,200,true,334,0.2974,0.0458,0.8214,https://ankaraozdemirnakliyat.com/makaleler/elmadag-esya-depolama-firmalari,false,false,false,1,47,Elmadağ Parça Eşya Taşıma Firmaları | Ankara Özdemir Nakliyat,Elmadağ Parça Eşya Taşıma Firmaları,https://ankaraozdemirnakliyat.com/makaleler/elmadag-parca-esya-tasima-firmalari,UNKNOWN,UNKNOWN,UNKNOWN,UNKNOWN,UNKNOWN,false
ozdemir,https://ankaraozdemirnakliyat.com/makaleler/elmadag-parca-esya-tasima-fiyatlari,article_post,IMPROVE,200,true,341,0.2945,0.0453,0.8270,https://ankaraozdemirnakliyat.com/makaleler/elmadag-esya-depolama-fiyatlari,false,false,false,1,47,Elmadağ Parça Eşya Taşıma Fiyatları | Ankara Özdemir Nakliyat,Elmadağ Parça Eşya Taşıma Fiyatları,https://ankaraozdemirnakliyat.com/makaleler/elmadag-parca-esya-tasima-fiyatlari,UNKNOWN,UNKNOWN,UNKNOWN,UNKNOWN,UNKNOWN,false
ozdemir,https://ankaraozdemirnakliyat.com/makaleler/elmadag-sehirler-arasi-nakliyat-firmalari,article_post,IMPROVE,200,true,334,0.2974,0.0458,0.7895,https://ankaraozdemirnakliyat.com/makaleler/elmadag-esya-depolama-firmalari,false,false,false,1,47,Elmadağ Şehirler Arası Nakliyat Firmaları | Ankara Özdemir Nakliyat,Elmadağ Şehirler Arası Nakliyat Firmaları,https://ankaraozdemirnakliyat.com/makaleler/elmadag-sehirler-arasi-nakliyat-firmalari,UNKNOWN,UNKNOWN,UNKNOWN,UNKNOWN,UNKNOWN,false
ozdemir,https://ankaraozdemirnakliyat.com/makaleler/elmadag-sehirler-arasi-nakliyat-fiyatlari,article_post,IMPROVE,200,true,341,0.2945,0.0453,0.7959,https://ankaraozdemirnakliyat.com/makaleler/elmadag-esya-depolama-fiyatlari,false,false,false,1,47,Elmadağ Şehirler Arası Nakliyat Fiyatları | Ankara Özdemir Nakliyat,Elmadağ Şehirler Arası Nakliyat Fiyatları,https://ankaraozdemirnakliyat.com/makaleler/elmadag-sehirler-arasi-nakliyat-fiyatlari,UNKNOWN,UNKNOWN,UNKNOWN,UNKNOWN,UNKNOWN,false
ozdemir,https://ankaraozdemirnakliyat.com/makaleler/elmadag-esya-depolama-firmalari,article_post,IMPROVE,200,true,328,0.3023,0.0399,0.6532,https://ankaraozdemirnakliyat.com/makaleler/akyurt-esya-depolama-firmalari,false,false,false,1,47,Elmadağ Eşya Depolama Firmaları | Ankara Özdemir Nakliyat,Elmadağ Eşya Depolama Firmaları,https://ankaraozdemirnakliyat.com/makaleler/elmadag-esya-depolama-firmalari,UNKNOWN,UNKNOWN,UNKNOWN,UNKNOWN,UNKNOWN,false
ozdemir,https://ankaraozdemirnakliyat.com/makaleler/elmadag-esya-depolama-fiyatlari,article_post,IMPROVE,200,true,335,0.2993,0.0395,0.6387,https://ankaraozdemirnakliyat.com/makaleler/akyurt-esya-depolama-fiyatlari,false,false,false,1,47,Elmadağ Eşya Depolama Fiyatları | Ankara Özdemir Nakliyat,Elmadağ Eşya Depolama Fiyatları,https://ankaraozdemirnakliyat.com/makaleler/elmadag-esya-depolama-fiyatlari,UNKNOWN,UNKNOWN,UNKNOWN,UNKNOWN,UNKNOWN,false
ozdemir,https://ankaraozdemirnakliyat.com/makaleler/sereflikochisar-evden-eve-nakliyat-firmalari,article_post,IMPROVE,200,true,334,0.2974,0.0458,0.9023,https://ankaraozdemirnakliyat.com/makaleler/sereflikochisar-ofis-tasima-firmalari,false,false,false,1,47,Şereflikoçhisar Evden Eve Nakliyat Firmaları | Ankara Özdemir Nakliyat,Şereflikoçhisar Evden Eve Nakliyat Firmaları,https://ankaraozdemirnakliyat.com/makaleler/sereflikochisar-evden-eve-nakliyat-firmalari,UNKNOWN,UNKNOWN,UNKNOWN,UNKNOWN,UNKNOWN,false
ozdemir,https://ankaraozdemirnakliyat.com/makaleler/sereflikochisar-evden-eve-nakliyat-fiyatlari,article_post,IMPROVE,200,true,341,0.2945,0.0453,0.9057,https://ankaraozdemirnakliyat.com/makaleler/sereflikochisar-ofis-tasima-fiyatlari,false,false,false,1,47,Şereflikoçhisar Evden Eve Nakliyat Fiyatları | Ankara Özdemir Nakliyat,Şereflikoçhisar Evden Eve Nakliyat Fiyatları,https://ankaraozdemirnakliyat.com/makaleler/sereflikochisar-evden-eve-nakliyat-fiyatlari,UNKNOWN,UNKNOWN,UNKNOWN,UNKNOWN,UNKNOWN,false
ozdemir,https://ankaraozdemirnakliyat.com/makaleler/sereflikochisar-asansorlu-tasimacilik-firmalari,article_post,IMPROVE,200,true,328,0.3023,0.0399,0.8065,https://ankaraozdemirnakliyat.com/makaleler/sereflikochisar-esya-depolama-firmalari,false,false,false,1,47,Şereflikoçhisar Asansörlü Taşımacılık Firmaları | Ankara Özdemir Nakliyat,Şereflikoçhisar Asansörlü Taşımacılık Firmaları,https://ankaraozdemirnakliyat.com/makaleler/sereflikochisar-asansorlu-tasimacilik-firmalari,UNKNOWN,UNKNOWN,UNKNOWN,UNKNOWN,UNKNOWN,false
ozdemir,https://ankaraozdemirnakliyat.com/makaleler/sereflikochisar-asansorlu-tasimacilik-fiyatlari,article_post,IMPROVE,200,true,335,0.2993,0.0395,0.8125,https://ankaraozdemirnakliyat.com/makaleler/sereflikochisar-esya-depolama-fiyatlari,false,false,false,1,47,Şereflikoçhisar Asansörlü Taşımacılık Fiyatları | Ankara Özdemir Nakliyat,Şereflikoçhisar Asansörlü Taşımacılık Fiyatları,https://ankaraozdemirnakliyat.com/makaleler/sereflikochisar-asansorlu-tasimacilik-fiyatlari,UNKNOWN,UNKNOWN,UNKNOWN,UNKNOWN,UNKNOWN,false
ozdemir,https://ankaraozdemirnakliyat.com/makaleler/sereflikochisar-ofis-tasima-firmalari,article_post,IMPROVE,200,true,328,0.3023,0.0399,0.7942,https://ankaraozdemirnakliyat.com/makaleler/sereflikochisar-esya-depolama-firmalari,false,false,false,1,47,Şereflikoçhisar Ofis Taşıma Firmaları | Ankara Özdemir Nakliyat,Şereflikoçhisar Ofis Taşıma Firmaları,https://ankaraozdemirnakliyat.com/makaleler/sereflikochisar-ofis-tasima-firmalari,UNKNOWN,UNKNOWN,UNKNOWN,UNKNOWN,UNKNOWN,false
ozdemir,https://ankaraozdemirnakliyat.com/makaleler/sereflikochisar-ofis-tasima-fiyatlari,article_post,IMPROVE,200,true,335,0.2993,0.0395,0.8007,https://ankaraozdemirnakliyat.com/makaleler/sereflikochisar-esya-depolama-fiyatlari,false,false,false,1,47,Şereflikoçhisar Ofis Taşıma Fiyatları | Ankara Özdemir Nakliyat,Şereflikoçhisar Ofis Taşıma Fiyatları,https://ankaraozdemirnakliyat.com/makaleler/sereflikochisar-ofis-tasima-fiyatlari,UNKNOWN,UNKNOWN,UNKNOWN,UNKNOWN,UNKNOWN,false
ozdemir,https://ankaraozdemirnakliyat.com/makaleler/sereflikochisar-parca-esya-tasima-firmalari,article_post,IMPROVE,200,true,334,0.2974,0.0458,0.8214,https://ankaraozdemirnakliyat.com/makaleler/sereflikochisar-esya-depolama-firmalari,false,false,false,1,47,Şereflikoçhisar Parça Eşya Taşıma Firmaları | Ankara Özdemir Nakliyat,Şereflikoçhisar Parça Eşya Taşıma Firmaları,https://ankaraozdemirnakliyat.com/makaleler/sereflikochisar-parca-esya-tasima-firmalari,UNKNOWN,UNKNOWN,UNKNOWN,UNKNOWN,UNKNOWN,false
ozdemir,https://ankaraozdemirnakliyat.com/makaleler/sereflikochisar-parca-esya-tasima-fiyatlari,article_post,IMPROVE,200,true,341,0.2945,0.0453,0.8270,https://ankaraozdemirnakliyat.com/makaleler/sereflikochisar-esya-depolama-fiyatlari,false,false,false,1,47,Şereflikoçhisar Parça Eşya Taşıma Fiyatları | Ankara Özdemir Nakliyat,Şereflikoçhisar Parça Eşya Taşıma Fiyatları,https://ankaraozdemirnakliyat.com/makaleler/sereflikochisar-parca-esya-tasima-fiyatlari,UNKNOWN,UNKNOWN,UNKNOWN,UNKNOWN,UNKNOWN,false
ozdemir,https://ankaraozdemirnakliyat.com/makaleler/sereflikochisar-sehirler-arasi-nakliyat-firmalari,article_post,IMPROVE,200,true,334,0.2974,0.0458,0.7895,https://ankaraozdemirnakliyat.com/makaleler/sereflikochisar-esya-depolama-firmalari,false,false,false,1,47,Şereflikoçhisar Şehirler Arası Nakliyat Firmaları | Ankara Özdemir Nakliyat,Şereflikoçhisar Şehirler Arası Nakliyat Firmaları,https://ankaraozdemirnakliyat.com/makaleler/sereflikochisar-sehirler-arasi-nakliyat-firmalari,UNKNOWN,UNKNOWN,UNKNOWN,UNKNOWN,UNKNOWN,false
ozdemir,https://ankaraozdemirnakliyat.com/makaleler/sereflikochisar-sehirler-arasi-nakliyat-fiyatlari,article_post,IMPROVE,200,true,341,0.2945,0.0453,0.7959,https://ankaraozdemirnakliyat.com/makaleler/sereflikochisar-esya-depolama-fiyatlari,false,false,false,1,47,Şereflikoçhisar Şehirler Arası Nakliyat Fiyatları | Ankara Özdemir Nakliyat,Şereflikoçhisar Şehirler Arası Nakliyat Fiyatları,https://ankaraozdemirnakliyat.com/makaleler/sereflikochisar-sehirler-arasi-nakliyat-fiyatlari,UNKNOWN,UNKNOWN,UNKNOWN,UNKNOWN,UNKNOWN,false
ozdemir,https://ankaraozdemirnakliyat.com/makaleler/sereflikochisar-esya-depolama-firmalari,article_post,IMPROVE,200,true,328,0.3023,0.0399,0.6532,https://ankaraozdemirnakliyat.com/makaleler/akyurt-esya-depolama-firmalari,false,false,false,1,47,Şereflikoçhisar Eşya Depolama Firmaları | Ankara Özdemir Nakliyat,Şereflikoçhisar Eşya Depolama Firmaları,https://ankaraozdemirnakliyat.com/makaleler/sereflikochisar-esya-depolama-firmalari,UNKNOWN,UNKNOWN,UNKNOWN,UNKNOWN,UNKNOWN,false
ozdemir,https://ankaraozdemirnakliyat.com/makaleler/sereflikochisar-esya-depolama-fiyatlari,article_post,IMPROVE,200,true,335,0.2993,0.0395,0.6387,https://ankaraozdemirnakliyat.com/makaleler/akyurt-esya-depolama-fiyatlari,false,false,false,1,47,Şereflikoçhisar Eşya Depolama Fiyatları | Ankara Özdemir Nakliyat,Şereflikoçhisar Eşya Depolama Fiyatları,https://ankaraozdemirnakliyat.com/makaleler/sereflikochisar-esya-depolama-fiyatlari,UNKNOWN,UNKNOWN,UNKNOWN,UNKNOWN,UNKNOWN,false
ozdemir,https://ankaraozdemirnakliyat.com/makaleler/akyurt-evden-eve-nakliyat-firmalari,article_post,MERGE,200,true,334,0.2974,0.0458,1.0000,https://ankaraozdemirnakliyat.com/makaleler/haymana-evden-eve-nakliyat-firmalari,false,true,false,1,47,Akyurt Evden Eve Nakliyat Firmaları | Ankara Özdemir Nakliyat,Akyurt Evden Eve Nakliyat Firmaları,https://ankaraozdemirnakliyat.com/makaleler/akyurt-evden-eve-nakliyat-firmalari,UNKNOWN,UNKNOWN,UNKNOWN,UNKNOWN,UNKNOWN,false
ozdemir,https://ankaraozdemirnakliyat.com/makaleler/akyurt-evden-eve-nakliyat-fiyatlari,article_post,MERGE,200,true,341,0.2945,0.0453,1.0000,https://ankaraozdemirnakliyat.com/makaleler/haymana-evden-eve-nakliyat-fiyatlari,false,true,false,1,47,Akyurt Evden Eve Nakliyat Fiyatları | Ankara Özdemir Nakliyat,Akyurt Evden Eve Nakliyat Fiyatları,https://ankaraozdemirnakliyat.com/makaleler/akyurt-evden-eve-nakliyat-fiyatlari,UNKNOWN,UNKNOWN,UNKNOWN,UNKNOWN,UNKNOWN,false
ozdemir,https://ankaraozdemirnakliyat.com/makaleler/akyurt-asansorlu-tasimacilik-firmalari,article_post,MERGE,200,true,328,0.3023,0.0399,1.0000,https://ankaraozdemirnakliyat.com/makaleler/haymana-asansorlu-tasimacilik-firmalari,false,true,false,1,47,Akyurt Asansörlü Taşımacılık Firmaları | Ankara Özdemir Nakliyat,Akyurt Asansörlü Taşımacılık Firmaları,https://ankaraozdemirnakliyat.com/makaleler/akyurt-asansorlu-tasimacilik-firmalari,UNKNOWN,UNKNOWN,UNKNOWN,UNKNOWN,UNKNOWN,false
ozdemir,https://ankaraozdemirnakliyat.com/makaleler/akyurt-asansorlu-tasimacilik-fiyatlari,article_post,MERGE,200,true,335,0.2993,0.0395,1.0000,https://ankaraozdemirnakliyat.com/makaleler/haymana-asansorlu-tasimacilik-fiyatlari,false,true,false,1,47,Akyurt Asansörlü Taşımacılık Fiyatları | Ankara Özdemir Nakliyat,Akyurt Asansörlü Taşımacılık Fiyatları,https://ankaraozdemirnakliyat.com/makaleler/akyurt-asansorlu-tasimacilik-fiyatlari,UNKNOWN,UNKNOWN,UNKNOWN,UNKNOWN,UNKNOWN,false
ozdemir,https://ankaraozdemirnakliyat.com/makaleler/akyurt-ofis-tasima-firmalari,article_post,MERGE,200,true,328,0.3023,0.0399,1.0000,https://ankaraozdemirnakliyat.com/makaleler/haymana-ofis-tasima-firmalari,false,true,false,1,47,Akyurt Ofis Taşıma Firmaları | Ankara Özdemir Nakliyat,Akyurt Ofis Taşıma Firmaları,https://ankaraozdemirnakliyat.com/makaleler/akyurt-ofis-tasima-firmalari,UNKNOWN,UNKNOWN,UNKNOWN,UNKNOWN,UNKNOWN,false
ozdemir,https://ankaraozdemirnakliyat.com/makaleler/akyurt-ofis-tasima-fiyatlari,article_post,MERGE,200,true,335,0.2993,0.0395,1.0000,https://ankaraozdemirnakliyat.com/makaleler/haymana-ofis-tasima-fiyatlari,false,true,false,1,47,Akyurt Ofis Taşıma Fiyatları | Ankara Özdemir Nakliyat,Akyurt Ofis Taşıma Fiyatları,https://ankaraozdemirnakliyat.com/makaleler/akyurt-ofis-tasima-fiyatlari,UNKNOWN,UNKNOWN,UNKNOWN,UNKNOWN,UNKNOWN,false
ozdemir,https://ankaraozdemirnakliyat.com/makaleler/akyurt-parca-esya-tasima-firmalari,article_post,MERGE,200,true,334,0.2974,0.0458,1.0000,https://ankaraozdemirnakliyat.com/makaleler/haymana-parca-esya-tasima-firmalari,false,true,false,1,47,Akyurt Parça Eşya Taşıma Firmaları | Ankara Özdemir Nakliyat,Akyurt Parça Eşya Taşıma Firmaları,https://ankaraozdemirnakliyat.com/makaleler/akyurt-parca-esya-tasima-firmalari,UNKNOWN,UNKNOWN,UNKNOWN,UNKNOWN,UNKNOWN,false
ozdemir,https://ankaraozdemirnakliyat.com/makaleler/akyurt-parca-esya-tasima-fiyatlari,article_post,MERGE,200,true,341,0.2945,0.0453,1.0000,https://ankaraozdemirnakliyat.com/makaleler/haymana-parca-esya-tasima-fiyatlari,false,true,false,1,47,Akyurt Parça Eşya Taşıma Fiyatları | Ankara Özdemir Nakliyat,Akyurt Parça Eşya Taşıma Fiyatları,https://ankaraozdemirnakliyat.com/makaleler/akyurt-parca-esya-tasima-fiyatlari,UNKNOWN,UNKNOWN,UNKNOWN,UNKNOWN,UNKNOWN,false
ozdemir,https://ankaraozdemirnakliyat.com/makaleler/akyurt-sehirler-arasi-nakliyat-firmalari,article_post,MERGE,200,true,334,0.2974,0.0458,1.0000,https://ankaraozdemirnakliyat.com/makaleler/haymana-sehirler-arasi-nakliyat-firmalari,false,true,false,1,47,Akyurt Şehirler Arası Nakliyat Firmaları | Ankara Özdemir Nakliyat,Akyurt Şehirler Arası Nakliyat Firmaları,https://ankaraozdemirnakliyat.com/makaleler/akyurt-sehirler-arasi-nakliyat-firmalari,UNKNOWN,UNKNOWN,UNKNOWN,UNKNOWN,UNKNOWN,false
ozdemir,https://ankaraozdemirnakliyat.com/makaleler/akyurt-sehirler-arasi-nakliyat-fiyatlari,article_post,MERGE,200,true,341,0.2945,0.0453,1.0000,https://ankaraozdemirnakliyat.com/makaleler/haymana-sehirler-arasi-nakliyat-fiyatlari,false,true,false,1,47,Akyurt Şehirler Arası Nakliyat Fiyatları | Ankara Özdemir Nakliyat,Akyurt Şehirler Arası Nakliyat Fiyatları,https://ankaraozdemirnakliyat.com/makaleler/akyurt-sehirler-arasi-nakliyat-fiyatlari,UNKNOWN,UNKNOWN,UNKNOWN,UNKNOWN,UNKNOWN,false
ozdemir,https://ankaraozdemirnakliyat.com/makaleler/akyurt-esya-depolama-firmalari,article_post,MERGE,200,true,328,0.3023,0.0399,1.0000,https://ankaraozdemirnakliyat.com/makaleler/haymana-esya-depolama-firmalari,false,true,false,1,47,Akyurt Eşya Depolama Firmaları | Ankara Özdemir Nakliyat,Akyurt Eşya Depolama Firmaları,https://ankaraozdemirnakliyat.com/makaleler/akyurt-esya-depolama-firmalari,UNKNOWN,UNKNOWN,UNKNOWN,UNKNOWN,UNKNOWN,false
ozdemir,https://ankaraozdemirnakliyat.com/makaleler/akyurt-esya-depolama-fiyatlari,article_post,MERGE,200,true,335,0.2993,0.0395,1.0000,https://ankaraozdemirnakliyat.com/makaleler/haymana-esya-depolama-fiyatlari,false,true,false,1,47,Akyurt Eşya Depolama Fiyatları | Ankara Özdemir Nakliyat,Akyurt Eşya Depolama Fiyatları,https://ankaraozdemirnakliyat.com/makaleler/akyurt-esya-depolama-fiyatlari,UNKNOWN,UNKNOWN,UNKNOWN,UNKNOWN,UNKNOWN,false
ozdemir,https://ankaraozdemirnakliyat.com/makaleler/nallihan-evden-eve-nakliyat-firmalari,article_post,IMPROVE,200,true,334,0.2974,0.0458,0.9023,https://ankaraozdemirnakliyat.com/makaleler/nallihan-ofis-tasima-firmalari,false,false,false,1,47,Nallıhan Evden Eve Nakliyat Firmaları | Ankara Özdemir Nakliyat,Nallıhan Evden Eve Nakliyat Firmaları,https://ankaraozdemirnakliyat.com/makaleler/nallihan-evden-eve-nakliyat-firmalari,UNKNOWN,UNKNOWN,UNKNOWN,UNKNOWN,UNKNOWN,false
ozdemir,https://ankaraozdemirnakliyat.com/makaleler/nallihan-evden-eve-nakliyat-fiyatlari,article_post,IMPROVE,200,true,341,0.2945,0.0453,0.9057,https://ankaraozdemirnakliyat.com/makaleler/nallihan-ofis-tasima-fiyatlari,false,false,false,1,47,Nallıhan Evden Eve Nakliyat Fiyatları | Ankara Özdemir Nakliyat,Nallıhan Evden Eve Nakliyat Fiyatları,https://ankaraozdemirnakliyat.com/makaleler/nallihan-evden-eve-nakliyat-fiyatlari,UNKNOWN,UNKNOWN,UNKNOWN,UNKNOWN,UNKNOWN,false
ozdemir,https://ankaraozdemirnakliyat.com/makaleler/nallihan-asansorlu-tasimacilik-firmalari,article_post,IMPROVE,200,true,328,0.3023,0.0399,0.8065,https://ankaraozdemirnakliyat.com/makaleler/nallihan-esya-depolama-firmalari,false,false,false,1,47,Nallıhan Asansörlü Taşımacılık Firmaları | Ankara Özdemir Nakliyat,Nallıhan Asansörlü Taşımacılık Firmaları,https://ankaraozdemirnakliyat.com/makaleler/nallihan-asansorlu-tasimacilik-firmalari,UNKNOWN,UNKNOWN,UNKNOWN,UNKNOWN,UNKNOWN,false
ozdemir,https://ankaraozdemirnakliyat.com/makaleler/nallihan-asansorlu-tasimacilik-fiyatlari,article_post,IMPROVE,200,true,335,0.2993,0.0395,0.8125,https://ankaraozdemirnakliyat.com/makaleler/nallihan-esya-depolama-fiyatlari,false,false,false,1,47,Nallıhan Asansörlü Taşımacılık Fiyatları | Ankara Özdemir Nakliyat,Nallıhan Asansörlü Taşımacılık Fiyatları,https://ankaraozdemirnakliyat.com/makaleler/nallihan-asansorlu-tasimacilik-fiyatlari,UNKNOWN,UNKNOWN,UNKNOWN,UNKNOWN,UNKNOWN,false
ozdemir,https://ankaraozdemirnakliyat.com/makaleler/nallihan-ofis-tasima-firmalari,article_post,IMPROVE,200,true,328,0.3023,0.0399,0.7942,https://ankaraozdemirnakliyat.com/makaleler/nallihan-esya-depolama-firmalari,false,false,false,1,47,Nallıhan Ofis Taşıma Firmaları | Ankara Özdemir Nakliyat,Nallıhan Ofis Taşıma Firmaları,https://ankaraozdemirnakliyat.com/makaleler/nallihan-ofis-tasima-firmalari,UNKNOWN,UNKNOWN,UNKNOWN,UNKNOWN,UNKNOWN,false
ozdemir,https://ankaraozdemirnakliyat.com/makaleler/nallihan-ofis-tasima-fiyatlari,article_post,IMPROVE,200,true,335,0.2993,0.0395,0.8007,https://ankaraozdemirnakliyat.com/makaleler/nallihan-esya-depolama-fiyatlari,false,false,false,1,47,Nallıhan Ofis Taşıma Fiyatları | Ankara Özdemir Nakliyat,Nallıhan Ofis Taşıma Fiyatları,https://ankaraozdemirnakliyat.com/makaleler/nallihan-ofis-tasima-fiyatlari,UNKNOWN,UNKNOWN,UNKNOWN,UNKNOWN,UNKNOWN,false
ozdemir,https://ankaraozdemirnakliyat.com/makaleler/nallihan-parca-esya-tasima-firmalari,article_post,IMPROVE,200,true,334,0.2974,0.0458,0.8214,https://ankaraozdemirnakliyat.com/makaleler/nallihan-esya-depolama-firmalari,false,false,false,1,47,Nallıhan Parça Eşya Taşıma Firmaları | Ankara Özdemir Nakliyat,Nallıhan Parça Eşya Taşıma Firmaları,https://ankaraozdemirnakliyat.com/makaleler/nallihan-parca-esya-tasima-firmalari,UNKNOWN,UNKNOWN,UNKNOWN,UNKNOWN,UNKNOWN,false
ozdemir,https://ankaraozdemirnakliyat.com/makaleler/nallihan-parca-esya-tasima-fiyatlari,article_post,IMPROVE,200,true,341,0.2945,0.0453,0.8270,https://ankaraozdemirnakliyat.com/makaleler/nallihan-esya-depolama-fiyatlari,false,false,false,1,47,Nallıhan Parça Eşya Taşıma Fiyatları | Ankara Özdemir Nakliyat,Nallıhan Parça Eşya Taşıma Fiyatları,https://ankaraozdemirnakliyat.com/makaleler/nallihan-parca-esya-tasima-fiyatlari,UNKNOWN,UNKNOWN,UNKNOWN,UNKNOWN,UNKNOWN,false
ozdemir,https://ankaraozdemirnakliyat.com/makaleler/nallihan-sehirler-arasi-nakliyat-firmalari,article_post,IMPROVE,200,true,334,0.2974,0.0458,0.7895,https://ankaraozdemirnakliyat.com/makaleler/nallihan-esya-depolama-firmalari,false,false,false,1,47,Nallıhan Şehirler Arası Nakliyat Firmaları | Ankara Özdemir Nakliyat,Nallıhan Şehirler Arası Nakliyat Firmaları,https://ankaraozdemirnakliyat.com/makaleler/nallihan-sehirler-arasi-nakliyat-firmalari,UNKNOWN,UNKNOWN,UNKNOWN,UNKNOWN,UNKNOWN,false
ozdemir,https://ankaraozdemirnakliyat.com/makaleler/nallihan-sehirler-arasi-nakliyat-fiyatlari,article_post,IMPROVE,200,true,341,0.2945,0.0453,0.7959,https://ankaraozdemirnakliyat.com/makaleler/nallihan-esya-depolama-fiyatlari,false,false,false,1,47,Nallıhan Şehirler Arası Nakliyat Fiyatları | Ankara Özdemir Nakliyat,Nallıhan Şehirler Arası Nakliyat Fiyatları,https://ankaraozdemirnakliyat.com/makaleler/nallihan-sehirler-arasi-nakliyat-fiyatlari,UNKNOWN,UNKNOWN,UNKNOWN,UNKNOWN,UNKNOWN,false
ozdemir,https://ankaraozdemirnakliyat.com/makaleler/nallihan-esya-depolama-firmalari,article_post,IMPROVE,200,true,328,0.3023,0.0399,0.6532,https://ankaraozdemirnakliyat.com/makaleler/haymana-esya-depolama-firmalari,false,false,false,1,47,Nallıhan Eşya Depolama Firmaları | Ankara Özdemir Nakliyat,Nallıhan Eşya Depolama Firmaları,https://ankaraozdemirnakliyat.com/makaleler/nallihan-esya-depolama-firmalari,UNKNOWN,UNKNOWN,UNKNOWN,UNKNOWN,UNKNOWN,false
ozdemir,https://ankaraozdemirnakliyat.com/makaleler/nallihan-esya-depolama-fiyatlari,article_post,IMPROVE,200,true,335,0.2993,0.0395,0.6387,https://ankaraozdemirnakliyat.com/makaleler/haymana-esya-depolama-fiyatlari,false,false,false,1,47,Nallıhan Eşya Depolama Fiyatları | Ankara Özdemir Nakliyat,Nallıhan Eşya Depolama Fiyatları,https://ankaraozdemirnakliyat.com/makaleler/nallihan-esya-depolama-fiyatlari,UNKNOWN,UNKNOWN,UNKNOWN,UNKNOWN,UNKNOWN,false
ozdemir,https://ankaraozdemirnakliyat.com/makaleler/haymana-evden-eve-nakliyat-firmalari,article_post,MERGE,200,true,334,0.2974,0.0458,1.0000,https://ankaraozdemirnakliyat.com/makaleler/bala-evden-eve-nakliyat-firmalari,false,true,false,1,47,Haymana Evden Eve Nakliyat Firmaları | Ankara Özdemir Nakliyat,Haymana Evden Eve Nakliyat Firmaları,https://ankaraozdemirnakliyat.com/makaleler/haymana-evden-eve-nakliyat-firmalari,UNKNOWN,UNKNOWN,UNKNOWN,UNKNOWN,UNKNOWN,false
ozdemir,https://ankaraozdemirnakliyat.com/makaleler/haymana-evden-eve-nakliyat-fiyatlari,article_post,MERGE,200,true,341,0.2945,0.0453,1.0000,https://ankaraozdemirnakliyat.com/makaleler/bala-evden-eve-nakliyat-fiyatlari,false,true,false,1,47,Haymana Evden Eve Nakliyat Fiyatları | Ankara Özdemir Nakliyat,Haymana Evden Eve Nakliyat Fiyatları,https://ankaraozdemirnakliyat.com/makaleler/haymana-evden-eve-nakliyat-fiyatlari,UNKNOWN,UNKNOWN,UNKNOWN,UNKNOWN,UNKNOWN,false
ozdemir,https://ankaraozdemirnakliyat.com/makaleler/haymana-asansorlu-tasimacilik-firmalari,article_post,MERGE,200,true,328,0.3023,0.0399,1.0000,https://ankaraozdemirnakliyat.com/makaleler/bala-asansorlu-tasimacilik-firmalari,false,true,false,1,47,Haymana Asansörlü Taşımacılık Firmaları | Ankara Özdemir Nakliyat,Haymana Asansörlü Taşımacılık Firmaları,https://ankaraozdemirnakliyat.com/makaleler/haymana-asansorlu-tasimacilik-firmalari,UNKNOWN,UNKNOWN,UNKNOWN,UNKNOWN,UNKNOWN,false
ozdemir,https://ankaraozdemirnakliyat.com/makaleler/haymana-asansorlu-tasimacilik-fiyatlari,article_post,MERGE,200,true,335,0.2993,0.0395,1.0000,https://ankaraozdemirnakliyat.com/makaleler/bala-asansorlu-tasimacilik-fiyatlari,false,true,false,1,47,Haymana Asansörlü Taşımacılık Fiyatları | Ankara Özdemir Nakliyat,Haymana Asansörlü Taşımacılık Fiyatları,https://ankaraozdemirnakliyat.com/makaleler/haymana-asansorlu-tasimacilik-fiyatlari,UNKNOWN,UNKNOWN,UNKNOWN,UNKNOWN,UNKNOWN,false
ozdemir,https://ankaraozdemirnakliyat.com/makaleler/haymana-ofis-tasima-firmalari,article_post,MERGE,200,true,328,0.3023,0.0399,1.0000,https://ankaraozdemirnakliyat.com/makaleler/bala-ofis-tasima-firmalari,false,true,false,1,47,Haymana Ofis Taşıma Firmaları | Ankara Özdemir Nakliyat,Haymana Ofis Taşıma Firmaları,https://ankaraozdemirnakliyat.com/makaleler/haymana-ofis-tasima-firmalari,UNKNOWN,UNKNOWN,UNKNOWN,UNKNOWN,UNKNOWN,false
ozdemir,https://ankaraozdemirnakliyat.com/makaleler/haymana-ofis-tasima-fiyatlari,article_post,MERGE,200,true,335,0.2993,0.0395,1.0000,https://ankaraozdemirnakliyat.com/makaleler/bala-ofis-tasima-fiyatlari,false,true,false,1,47,Haymana Ofis Taşıma Fiyatları | Ankara Özdemir Nakliyat,Haymana Ofis Taşıma Fiyatları,https://ankaraozdemirnakliyat.com/makaleler/haymana-ofis-tasima-fiyatlari,UNKNOWN,UNKNOWN,UNKNOWN,UNKNOWN,UNKNOWN,false
ozdemir,https://ankaraozdemirnakliyat.com/makaleler/haymana-parca-esya-tasima-firmalari,article_post,MERGE,200,true,334,0.2974,0.0458,1.0000,https://ankaraozdemirnakliyat.com/makaleler/bala-parca-esya-tasima-firmalari,false,true,false,1,47,Haymana Parça Eşya Taşıma Firmaları | Ankara Özdemir Nakliyat,Haymana Parça Eşya Taşıma Firmaları,https://ankaraozdemirnakliyat.com/makaleler/haymana-parca-esya-tasima-firmalari,UNKNOWN,UNKNOWN,UNKNOWN,UNKNOWN,UNKNOWN,false
ozdemir,https://ankaraozdemirnakliyat.com/makaleler/haymana-parca-esya-tasima-fiyatlari,article_post,MERGE,200,true,341,0.2945,0.0453,1.0000,https://ankaraozdemirnakliyat.com/makaleler/bala-parca-esya-tasima-fiyatlari,false,true,false,1,47,Haymana Parça Eşya Taşıma Fiyatları | Ankara Özdemir Nakliyat,Haymana Parça Eşya Taşıma Fiyatları,https://ankaraozdemirnakliyat.com/makaleler/haymana-parca-esya-tasima-fiyatlari,UNKNOWN,UNKNOWN,UNKNOWN,UNKNOWN,UNKNOWN,false
ozdemir,https://ankaraozdemirnakliyat.com/makaleler/haymana-sehirler-arasi-nakliyat-firmalari,article_post,MERGE,200,true,334,0.2974,0.0458,1.0000,https://ankaraozdemirnakliyat.com/makaleler/bala-sehirler-arasi-nakliyat-firmalari,false,true,false,1,47,Haymana Şehirler Arası Nakliyat Firmaları | Ankara Özdemir Nakliyat,Haymana Şehirler Arası Nakliyat Firmaları,https://ankaraozdemirnakliyat.com/makaleler/haymana-sehirler-arasi-nakliyat-firmalari,UNKNOWN,UNKNOWN,UNKNOWN,UNKNOWN,UNKNOWN,false
ozdemir,https://ankaraozdemirnakliyat.com/makaleler/haymana-sehirler-arasi-nakliyat-fiyatlari,article_post,MERGE,200,true,341,0.2945,0.0453,1.0000,https://ankaraozdemirnakliyat.com/makaleler/bala-sehirler-arasi-nakliyat-fiyatlari,false,true,false,1,47,Haymana Şehirler Arası Nakliyat Fiyatları | Ankara Özdemir Nakliyat,Haymana Şehirler Arası Nakliyat Fiyatları,https://ankaraozdemirnakliyat.com/makaleler/haymana-sehirler-arasi-nakliyat-fiyatlari,UNKNOWN,UNKNOWN,UNKNOWN,UNKNOWN,UNKNOWN,false
ozdemir,https://ankaraozdemirnakliyat.com/makaleler/haymana-esya-depolama-firmalari,article_post,MERGE,200,true,328,0.3023,0.0399,1.0000,https://ankaraozdemirnakliyat.com/makaleler/bala-esya-depolama-firmalari,false,true,false,1,47,Haymana Eşya Depolama Firmaları | Ankara Özdemir Nakliyat,Haymana Eşya Depolama Firmaları,https://ankaraozdemirnakliyat.com/makaleler/haymana-esya-depolama-firmalari,UNKNOWN,UNKNOWN,UNKNOWN,UNKNOWN,UNKNOWN,false
ozdemir,https://ankaraozdemirnakliyat.com/makaleler/haymana-esya-depolama-fiyatlari,article_post,MERGE,200,true,335,0.2993,0.0395,1.0000,https://ankaraozdemirnakliyat.com/makaleler/bala-esya-depolama-fiyatlari,false,true,false,1,47,Haymana Eşya Depolama Fiyatları | Ankara Özdemir Nakliyat,Haymana Eşya Depolama Fiyatları,https://ankaraozdemirnakliyat.com/makaleler/haymana-esya-depolama-fiyatlari,UNKNOWN,UNKNOWN,UNKNOWN,UNKNOWN,UNKNOWN,false
ozdemir,https://ankaraozdemirnakliyat.com/makaleler/kizilcahamam-evden-eve-nakliyat-firmalari,article_post,IMPROVE,200,true,334,0.2974,0.0458,0.9023,https://ankaraozdemirnakliyat.com/makaleler/kizilcahamam-ofis-tasima-firmalari,false,false,false,1,47,Kızılcahamam Evden Eve Nakliyat Firmaları | Ankara Özdemir Nakliyat,Kızılcahamam Evden Eve Nakliyat Firmaları,https://ankaraozdemirnakliyat.com/makaleler/kizilcahamam-evden-eve-nakliyat-firmalari,UNKNOWN,UNKNOWN,UNKNOWN,UNKNOWN,UNKNOWN,false
ozdemir,https://ankaraozdemirnakliyat.com/makaleler/kizilcahamam-evden-eve-nakliyat-fiyatlari,article_post,IMPROVE,200,true,341,0.2945,0.0453,0.9057,https://ankaraozdemirnakliyat.com/makaleler/kizilcahamam-ofis-tasima-fiyatlari,false,false,false,1,47,Kızılcahamam Evden Eve Nakliyat Fiyatları | Ankara Özdemir Nakliyat,Kızılcahamam Evden Eve Nakliyat Fiyatları,https://ankaraozdemirnakliyat.com/makaleler/kizilcahamam-evden-eve-nakliyat-fiyatlari,UNKNOWN,UNKNOWN,UNKNOWN,UNKNOWN,UNKNOWN,false
ozdemir,https://ankaraozdemirnakliyat.com/makaleler/kizilcahamam-asansorlu-tasimacilik-firmalari,article_post,IMPROVE,200,true,328,0.3023,0.0399,0.8065,https://ankaraozdemirnakliyat.com/makaleler/kizilcahamam-esya-depolama-firmalari,false,false,false,1,47,Kızılcahamam Asansörlü Taşımacılık Firmaları | Ankara Özdemir Nakliyat,Kızılcahamam Asansörlü Taşımacılık Firmaları,https://ankaraozdemirnakliyat.com/makaleler/kizilcahamam-asansorlu-tasimacilik-firmalari,UNKNOWN,UNKNOWN,UNKNOWN,UNKNOWN,UNKNOWN,false
ozdemir,https://ankaraozdemirnakliyat.com/makaleler/kizilcahamam-asansorlu-tasimacilik-fiyatlari,article_post,IMPROVE,200,true,335,0.2993,0.0395,0.8125,https://ankaraozdemirnakliyat.com/makaleler/kizilcahamam-esya-depolama-fiyatlari,false,false,false,1,47,Kızılcahamam Asansörlü Taşımacılık Fiyatları | Ankara Özdemir Nakliyat,Kızılcahamam Asansörlü Taşımacılık Fiyatları,https://ankaraozdemirnakliyat.com/makaleler/kizilcahamam-asansorlu-tasimacilik-fiyatlari,UNKNOWN,UNKNOWN,UNKNOWN,UNKNOWN,UNKNOWN,false
ozdemir,https://ankaraozdemirnakliyat.com/makaleler/kizilcahamam-ofis-tasima-firmalari,article_post,IMPROVE,200,true,328,0.3023,0.0399,0.7942,https://ankaraozdemirnakliyat.com/makaleler/kizilcahamam-esya-depolama-firmalari,false,false,false,1,47,Kızılcahamam Ofis Taşıma Firmaları | Ankara Özdemir Nakliyat,Kızılcahamam Ofis Taşıma Firmaları,https://ankaraozdemirnakliyat.com/makaleler/kizilcahamam-ofis-tasima-firmalari,UNKNOWN,UNKNOWN,UNKNOWN,UNKNOWN,UNKNOWN,false
ozdemir,https://ankaraozdemirnakliyat.com/makaleler/kizilcahamam-ofis-tasima-fiyatlari,article_post,IMPROVE,200,true,335,0.2993,0.0395,0.8007,https://ankaraozdemirnakliyat.com/makaleler/kizilcahamam-esya-depolama-fiyatlari,false,false,false,1,47,Kızılcahamam Ofis Taşıma Fiyatları | Ankara Özdemir Nakliyat,Kızılcahamam Ofis Taşıma Fiyatları,https://ankaraozdemirnakliyat.com/makaleler/kizilcahamam-ofis-tasima-fiyatlari,UNKNOWN,UNKNOWN,UNKNOWN,UNKNOWN,UNKNOWN,false
ozdemir,https://ankaraozdemirnakliyat.com/makaleler/kizilcahamam-parca-esya-tasima-firmalari,article_post,IMPROVE,200,true,334,0.2974,0.0458,0.8214,https://ankaraozdemirnakliyat.com/makaleler/kizilcahamam-esya-depolama-firmalari,false,false,false,1,47,Kızılcahamam Parça Eşya Taşıma Firmaları | Ankara Özdemir Nakliyat,Kızılcahamam Parça Eşya Taşıma Firmaları,https://ankaraozdemirnakliyat.com/makaleler/kizilcahamam-parca-esya-tasima-firmalari,UNKNOWN,UNKNOWN,UNKNOWN,UNKNOWN,UNKNOWN,false
ozdemir,https://ankaraozdemirnakliyat.com/makaleler/kizilcahamam-parca-esya-tasima-fiyatlari,article_post,IMPROVE,200,true,341,0.2945,0.0453,0.8270,https://ankaraozdemirnakliyat.com/makaleler/kizilcahamam-esya-depolama-fiyatlari,false,false,false,1,47,Kızılcahamam Parça Eşya Taşıma Fiyatları | Ankara Özdemir Nakliyat,Kızılcahamam Parça Eşya Taşıma Fiyatları,https://ankaraozdemirnakliyat.com/makaleler/kizilcahamam-parca-esya-tasima-fiyatlari,UNKNOWN,UNKNOWN,UNKNOWN,UNKNOWN,UNKNOWN,false
ozdemir,https://ankaraozdemirnakliyat.com/makaleler/kizilcahamam-sehirler-arasi-nakliyat-firmalari,article_post,IMPROVE,200,true,334,0.2974,0.0458,0.7895,https://ankaraozdemirnakliyat.com/makaleler/kizilcahamam-esya-depolama-firmalari,false,false,false,1,47,Kızılcahamam Şehirler Arası Nakliyat Firmaları | Ankara Özdemir Nakliyat,Kızılcahamam Şehirler Arası Nakliyat Firmaları,https://ankaraozdemirnakliyat.com/makaleler/kizilcahamam-sehirler-arasi-nakliyat-firmalari,UNKNOWN,UNKNOWN,UNKNOWN,UNKNOWN,UNKNOWN,false
ozdemir,https://ankaraozdemirnakliyat.com/makaleler/kizilcahamam-sehirler-arasi-nakliyat-fiyatlari,article_post,IMPROVE,200,true,341,0.2945,0.0453,0.7959,https://ankaraozdemirnakliyat.com/makaleler/kizilcahamam-esya-depolama-fiyatlari,false,false,false,1,47,Kızılcahamam Şehirler Arası Nakliyat Fiyatları | Ankara Özdemir Nakliyat,Kızılcahamam Şehirler Arası Nakliyat Fiyatları,https://ankaraozdemirnakliyat.com/makaleler/kizilcahamam-sehirler-arasi-nakliyat-fiyatlari,UNKNOWN,UNKNOWN,UNKNOWN,UNKNOWN,UNKNOWN,false
ozdemir,https://ankaraozdemirnakliyat.com/makaleler/kizilcahamam-esya-depolama-firmalari,article_post,IMPROVE,200,true,328,0.3023,0.0399,0.6532,https://ankaraozdemirnakliyat.com/makaleler/bala-esya-depolama-firmalari,false,false,false,1,47,Kızılcahamam Eşya Depolama Firmaları | Ankara Özdemir Nakliyat,Kızılcahamam Eşya Depolama Firmaları,https://ankaraozdemirnakliyat.com/makaleler/kizilcahamam-esya-depolama-firmalari,UNKNOWN,UNKNOWN,UNKNOWN,UNKNOWN,UNKNOWN,false
ozdemir,https://ankaraozdemirnakliyat.com/makaleler/kizilcahamam-esya-depolama-fiyatlari,article_post,IMPROVE,200,true,335,0.2993,0.0395,0.6387,https://ankaraozdemirnakliyat.com/makaleler/bala-esya-depolama-fiyatlari,false,false,false,1,47,Kızılcahamam Eşya Depolama Fiyatları | Ankara Özdemir Nakliyat,Kızılcahamam Eşya Depolama Fiyatları,https://ankaraozdemirnakliyat.com/makaleler/kizilcahamam-esya-depolama-fiyatlari,UNKNOWN,UNKNOWN,UNKNOWN,UNKNOWN,UNKNOWN,false
ozdemir,https://ankaraozdemirnakliyat.com/makaleler/bala-evden-eve-nakliyat-firmalari,article_post,MERGE,200,true,334,0.2974,0.0458,1.0000,https://ankaraozdemirnakliyat.com/makaleler/kalecik-evden-eve-nakliyat-firmalari,false,true,false,1,47,Bala Evden Eve Nakliyat Firmaları | Ankara Özdemir Nakliyat,Bala Evden Eve Nakliyat Firmaları,https://ankaraozdemirnakliyat.com/makaleler/bala-evden-eve-nakliyat-firmalari,UNKNOWN,UNKNOWN,UNKNOWN,UNKNOWN,UNKNOWN,false
ozdemir,https://ankaraozdemirnakliyat.com/makaleler/bala-evden-eve-nakliyat-fiyatlari,article_post,MERGE,200,true,341,0.2945,0.0453,1.0000,https://ankaraozdemirnakliyat.com/makaleler/kalecik-evden-eve-nakliyat-fiyatlari,false,true,false,1,47,Bala Evden Eve Nakliyat Fiyatları | Ankara Özdemir Nakliyat,Bala Evden Eve Nakliyat Fiyatları,https://ankaraozdemirnakliyat.com/makaleler/bala-evden-eve-nakliyat-fiyatlari,UNKNOWN,UNKNOWN,UNKNOWN,UNKNOWN,UNKNOWN,false
ozdemir,https://ankaraozdemirnakliyat.com/makaleler/bala-asansorlu-tasimacilik-firmalari,article_post,MERGE,200,true,328,0.3023,0.0399,1.0000,https://ankaraozdemirnakliyat.com/makaleler/kalecik-asansorlu-tasimacilik-firmalari,false,true,false,1,47,Bala Asansörlü Taşımacılık Firmaları | Ankara Özdemir Nakliyat,Bala Asansörlü Taşımacılık Firmaları,https://ankaraozdemirnakliyat.com/makaleler/bala-asansorlu-tasimacilik-firmalari,UNKNOWN,UNKNOWN,UNKNOWN,UNKNOWN,UNKNOWN,false
ozdemir,https://ankaraozdemirnakliyat.com/makaleler/bala-asansorlu-tasimacilik-fiyatlari,article_post,MERGE,200,true,335,0.2993,0.0395,1.0000,https://ankaraozdemirnakliyat.com/makaleler/kalecik-asansorlu-tasimacilik-fiyatlari,false,true,false,1,47,Bala Asansörlü Taşımacılık Fiyatları | Ankara Özdemir Nakliyat,Bala Asansörlü Taşımacılık Fiyatları,https://ankaraozdemirnakliyat.com/makaleler/bala-asansorlu-tasimacilik-fiyatlari,UNKNOWN,UNKNOWN,UNKNOWN,UNKNOWN,UNKNOWN,false
ozdemir,https://ankaraozdemirnakliyat.com/makaleler/bala-ofis-tasima-firmalari,article_post,MERGE,200,true,328,0.3023,0.0399,1.0000,https://ankaraozdemirnakliyat.com/makaleler/kalecik-ofis-tasima-firmalari,false,true,false,1,47,Bala Ofis Taşıma Firmaları | Ankara Özdemir Nakliyat,Bala Ofis Taşıma Firmaları,https://ankaraozdemirnakliyat.com/makaleler/bala-ofis-tasima-firmalari,UNKNOWN,UNKNOWN,UNKNOWN,UNKNOWN,UNKNOWN,false
ozdemir,https://ankaraozdemirnakliyat.com/makaleler/bala-ofis-tasima-fiyatlari,article_post,MERGE,200,true,335,0.2993,0.0395,1.0000,https://ankaraozdemirnakliyat.com/makaleler/kalecik-ofis-tasima-fiyatlari,false,true,false,1,47,Bala Ofis Taşıma Fiyatları | Ankara Özdemir Nakliyat,Bala Ofis Taşıma Fiyatları,https://ankaraozdemirnakliyat.com/makaleler/bala-ofis-tasima-fiyatlari,UNKNOWN,UNKNOWN,UNKNOWN,UNKNOWN,UNKNOWN,false
ozdemir,https://ankaraozdemirnakliyat.com/makaleler/bala-parca-esya-tasima-firmalari,article_post,MERGE,200,true,334,0.2974,0.0458,1.0000,https://ankaraozdemirnakliyat.com/makaleler/kalecik-parca-esya-tasima-firmalari,false,true,false,1,47,Bala Parça Eşya Taşıma Firmaları | Ankara Özdemir Nakliyat,Bala Parça Eşya Taşıma Firmaları,https://ankaraozdemirnakliyat.com/makaleler/bala-parca-esya-tasima-firmalari,UNKNOWN,UNKNOWN,UNKNOWN,UNKNOWN,UNKNOWN,false
ozdemir,https://ankaraozdemirnakliyat.com/makaleler/bala-parca-esya-tasima-fiyatlari,article_post,MERGE,200,true,341,0.2945,0.0453,1.0000,https://ankaraozdemirnakliyat.com/makaleler/kalecik-parca-esya-tasima-fiyatlari,false,true,false,1,47,Bala Parça Eşya Taşıma Fiyatları | Ankara Özdemir Nakliyat,Bala Parça Eşya Taşıma Fiyatları,https://ankaraozdemirnakliyat.com/makaleler/bala-parca-esya-tasima-fiyatlari,UNKNOWN,UNKNOWN,UNKNOWN,UNKNOWN,UNKNOWN,false
ozdemir,https://ankaraozdemirnakliyat.com/makaleler/bala-sehirler-arasi-nakliyat-firmalari,article_post,MERGE,200,true,334,0.2974,0.0458,1.0000,https://ankaraozdemirnakliyat.com/makaleler/kalecik-sehirler-arasi-nakliyat-firmalari,false,true,false,1,47,Bala Şehirler Arası Nakliyat Firmaları | Ankara Özdemir Nakliyat,Bala Şehirler Arası Nakliyat Firmaları,https://ankaraozdemirnakliyat.com/makaleler/bala-sehirler-arasi-nakliyat-firmalari,UNKNOWN,UNKNOWN,UNKNOWN,UNKNOWN,UNKNOWN,false
ozdemir,https://ankaraozdemirnakliyat.com/makaleler/bala-sehirler-arasi-nakliyat-fiyatlari,article_post,MERGE,200,true,341,0.2945,0.0453,1.0000,https://ankaraozdemirnakliyat.com/makaleler/kalecik-sehirler-arasi-nakliyat-fiyatlari,false,true,false,1,47,Bala Şehirler Arası Nakliyat Fiyatları | Ankara Özdemir Nakliyat,Bala Şehirler Arası Nakliyat Fiyatları,https://ankaraozdemirnakliyat.com/makaleler/bala-sehirler-arasi-nakliyat-fiyatlari,UNKNOWN,UNKNOWN,UNKNOWN,UNKNOWN,UNKNOWN,false
ozdemir,https://ankaraozdemirnakliyat.com/makaleler/bala-esya-depolama-firmalari,article_post,MERGE,200,true,328,0.3023,0.0399,1.0000,https://ankaraozdemirnakliyat.com/makaleler/kalecik-esya-depolama-firmalari,false,true,false,1,47,Bala Eşya Depolama Firmaları | Ankara Özdemir Nakliyat,Bala Eşya Depolama Firmaları,https://ankaraozdemirnakliyat.com/makaleler/bala-esya-depolama-firmalari,UNKNOWN,UNKNOWN,UNKNOWN,UNKNOWN,UNKNOWN,false
ozdemir,https://ankaraozdemirnakliyat.com/makaleler/bala-esya-depolama-fiyatlari,article_post,MERGE,200,true,335,0.2993,0.0395,1.0000,https://ankaraozdemirnakliyat.com/makaleler/kalecik-esya-depolama-fiyatlari,false,true,false,1,47,Bala Eşya Depolama Fiyatları | Ankara Özdemir Nakliyat,Bala Eşya Depolama Fiyatları,https://ankaraozdemirnakliyat.com/makaleler/bala-esya-depolama-fiyatlari,UNKNOWN,UNKNOWN,UNKNOWN,UNKNOWN,UNKNOWN,false
ozdemir,https://ankaraozdemirnakliyat.com/makaleler/kalecik-evden-eve-nakliyat-firmalari,article_post,MERGE,200,true,334,0.2974,0.0458,1.0000,https://ankaraozdemirnakliyat.com/makaleler/evren-evden-eve-nakliyat-firmalari,false,true,false,1,47,Kalecik Evden Eve Nakliyat Firmaları | Ankara Özdemir Nakliyat,Kalecik Evden Eve Nakliyat Firmaları,https://ankaraozdemirnakliyat.com/makaleler/kalecik-evden-eve-nakliyat-firmalari,UNKNOWN,UNKNOWN,UNKNOWN,UNKNOWN,UNKNOWN,false
ozdemir,https://ankaraozdemirnakliyat.com/makaleler/kalecik-evden-eve-nakliyat-fiyatlari,article_post,MERGE,200,true,341,0.2945,0.0453,1.0000,https://ankaraozdemirnakliyat.com/makaleler/evren-evden-eve-nakliyat-fiyatlari,false,true,false,1,47,Kalecik Evden Eve Nakliyat Fiyatları | Ankara Özdemir Nakliyat,Kalecik Evden Eve Nakliyat Fiyatları,https://ankaraozdemirnakliyat.com/makaleler/kalecik-evden-eve-nakliyat-fiyatlari,UNKNOWN,UNKNOWN,UNKNOWN,UNKNOWN,UNKNOWN,false
ozdemir,https://ankaraozdemirnakliyat.com/makaleler/kalecik-asansorlu-tasimacilik-firmalari,article_post,MERGE,200,true,328,0.3023,0.0399,1.0000,https://ankaraozdemirnakliyat.com/makaleler/evren-asansorlu-tasimacilik-firmalari,false,true,false,1,47,Kalecik Asansörlü Taşımacılık Firmaları | Ankara Özdemir Nakliyat,Kalecik Asansörlü Taşımacılık Firmaları,https://ankaraozdemirnakliyat.com/makaleler/kalecik-asansorlu-tasimacilik-firmalari,UNKNOWN,UNKNOWN,UNKNOWN,UNKNOWN,UNKNOWN,false
ozdemir,https://ankaraozdemirnakliyat.com/makaleler/kalecik-asansorlu-tasimacilik-fiyatlari,article_post,MERGE,200,true,335,0.2993,0.0395,1.0000,https://ankaraozdemirnakliyat.com/makaleler/evren-asansorlu-tasimacilik-fiyatlari,false,true,false,1,47,Kalecik Asansörlü Taşımacılık Fiyatları | Ankara Özdemir Nakliyat,Kalecik Asansörlü Taşımacılık Fiyatları,https://ankaraozdemirnakliyat.com/makaleler/kalecik-asansorlu-tasimacilik-fiyatlari,UNKNOWN,UNKNOWN,UNKNOWN,UNKNOWN,UNKNOWN,false
ozdemir,https://ankaraozdemirnakliyat.com/makaleler/kalecik-ofis-tasima-firmalari,article_post,MERGE,200,true,328,0.3023,0.0399,1.0000,https://ankaraozdemirnakliyat.com/makaleler/evren-ofis-tasima-firmalari,false,true,false,1,47,Kalecik Ofis Taşıma Firmaları | Ankara Özdemir Nakliyat,Kalecik Ofis Taşıma Firmaları,https://ankaraozdemirnakliyat.com/makaleler/kalecik-ofis-tasima-firmalari,UNKNOWN,UNKNOWN,UNKNOWN,UNKNOWN,UNKNOWN,false
ozdemir,https://ankaraozdemirnakliyat.com/makaleler/kalecik-ofis-tasima-fiyatlari,article_post,MERGE,200,true,335,0.2993,0.0395,1.0000,https://ankaraozdemirnakliyat.com/makaleler/evren-ofis-tasima-fiyatlari,false,true,false,1,47,Kalecik Ofis Taşıma Fiyatları | Ankara Özdemir Nakliyat,Kalecik Ofis Taşıma Fiyatları,https://ankaraozdemirnakliyat.com/makaleler/kalecik-ofis-tasima-fiyatlari,UNKNOWN,UNKNOWN,UNKNOWN,UNKNOWN,UNKNOWN,false
ozdemir,https://ankaraozdemirnakliyat.com/makaleler/kalecik-parca-esya-tasima-firmalari,article_post,MERGE,200,true,334,0.2974,0.0458,1.0000,https://ankaraozdemirnakliyat.com/makaleler/evren-parca-esya-tasima-firmalari,false,true,false,1,47,Kalecik Parça Eşya Taşıma Firmaları | Ankara Özdemir Nakliyat,Kalecik Parça Eşya Taşıma Firmaları,https://ankaraozdemirnakliyat.com/makaleler/kalecik-parca-esya-tasima-firmalari,UNKNOWN,UNKNOWN,UNKNOWN,UNKNOWN,UNKNOWN,false
ozdemir,https://ankaraozdemirnakliyat.com/makaleler/kalecik-parca-esya-tasima-fiyatlari,article_post,MERGE,200,true,341,0.2945,0.0453,1.0000,https://ankaraozdemirnakliyat.com/makaleler/evren-parca-esya-tasima-fiyatlari,false,true,false,1,47,Kalecik Parça Eşya Taşıma Fiyatları | Ankara Özdemir Nakliyat,Kalecik Parça Eşya Taşıma Fiyatları,https://ankaraozdemirnakliyat.com/makaleler/kalecik-parca-esya-tasima-fiyatlari,UNKNOWN,UNKNOWN,UNKNOWN,UNKNOWN,UNKNOWN,false
ozdemir,https://ankaraozdemirnakliyat.com/makaleler/kalecik-sehirler-arasi-nakliyat-firmalari,article_post,MERGE,200,true,334,0.2974,0.0458,1.0000,https://ankaraozdemirnakliyat.com/makaleler/evren-sehirler-arasi-nakliyat-firmalari,false,true,false,1,47,Kalecik Şehirler Arası Nakliyat Firmaları | Ankara Özdemir Nakliyat,Kalecik Şehirler Arası Nakliyat Firmaları,https://ankaraozdemirnakliyat.com/makaleler/kalecik-sehirler-arasi-nakliyat-firmalari,UNKNOWN,UNKNOWN,UNKNOWN,UNKNOWN,UNKNOWN,false
ozdemir,https://ankaraozdemirnakliyat.com/makaleler/kalecik-sehirler-arasi-nakliyat-fiyatlari,article_post,MERGE,200,true,341,0.2945,0.0453,1.0000,https://ankaraozdemirnakliyat.com/makaleler/evren-sehirler-arasi-nakliyat-fiyatlari,false,true,false,1,47,Kalecik Şehirler Arası Nakliyat Fiyatları | Ankara Özdemir Nakliyat,Kalecik Şehirler Arası Nakliyat Fiyatları,https://ankaraozdemirnakliyat.com/makaleler/kalecik-sehirler-arasi-nakliyat-fiyatlari,UNKNOWN,UNKNOWN,UNKNOWN,UNKNOWN,UNKNOWN,false
ozdemir,https://ankaraozdemirnakliyat.com/makaleler/kalecik-esya-depolama-firmalari,article_post,MERGE,200,true,328,0.3023,0.0399,1.0000,https://ankaraozdemirnakliyat.com/makaleler/evren-esya-depolama-firmalari,false,true,false,1,47,Kalecik Eşya Depolama Firmaları | Ankara Özdemir Nakliyat,Kalecik Eşya Depolama Firmaları,https://ankaraozdemirnakliyat.com/makaleler/kalecik-esya-depolama-firmalari,UNKNOWN,UNKNOWN,UNKNOWN,UNKNOWN,UNKNOWN,false
ozdemir,https://ankaraozdemirnakliyat.com/makaleler/kalecik-esya-depolama-fiyatlari,article_post,MERGE,200,true,335,0.2993,0.0395,1.0000,https://ankaraozdemirnakliyat.com/makaleler/evren-esya-depolama-fiyatlari,false,true,false,1,47,Kalecik Eşya Depolama Fiyatları | Ankara Özdemir Nakliyat,Kalecik Eşya Depolama Fiyatları,https://ankaraozdemirnakliyat.com/makaleler/kalecik-esya-depolama-fiyatlari,UNKNOWN,UNKNOWN,UNKNOWN,UNKNOWN,UNKNOWN,false
ozdemir,https://ankaraozdemirnakliyat.com/makaleler/ayas-evden-eve-nakliyat-firmalari,article_post,IMPROVE,200,true,334,0.2974,0.0458,0.9023,https://ankaraozdemirnakliyat.com/makaleler/ayas-ofis-tasima-firmalari,false,false,false,1,47,Ayaş Evden Eve Nakliyat Firmaları | Ankara Özdemir Nakliyat,Ayaş Evden Eve Nakliyat Firmaları,https://ankaraozdemirnakliyat.com/makaleler/ayas-evden-eve-nakliyat-firmalari,UNKNOWN,UNKNOWN,UNKNOWN,UNKNOWN,UNKNOWN,false
ozdemir,https://ankaraozdemirnakliyat.com/makaleler/ayas-evden-eve-nakliyat-fiyatlari,article_post,IMPROVE,200,true,341,0.2945,0.0453,0.9057,https://ankaraozdemirnakliyat.com/makaleler/ayas-ofis-tasima-fiyatlari,false,false,false,1,47,Ayaş Evden Eve Nakliyat Fiyatları | Ankara Özdemir Nakliyat,Ayaş Evden Eve Nakliyat Fiyatları,https://ankaraozdemirnakliyat.com/makaleler/ayas-evden-eve-nakliyat-fiyatlari,UNKNOWN,UNKNOWN,UNKNOWN,UNKNOWN,UNKNOWN,false
ozdemir,https://ankaraozdemirnakliyat.com/makaleler/ayas-asansorlu-tasimacilik-firmalari,article_post,IMPROVE,200,true,328,0.3023,0.0399,0.8065,https://ankaraozdemirnakliyat.com/makaleler/ayas-esya-depolama-firmalari,false,false,false,1,47,Ayaş Asansörlü Taşımacılık Firmaları | Ankara Özdemir Nakliyat,Ayaş Asansörlü Taşımacılık Firmaları,https://ankaraozdemirnakliyat.com/makaleler/ayas-asansorlu-tasimacilik-firmalari,UNKNOWN,UNKNOWN,UNKNOWN,UNKNOWN,UNKNOWN,false
ozdemir,https://ankaraozdemirnakliyat.com/makaleler/ayas-asansorlu-tasimacilik-fiyatlari,article_post,IMPROVE,200,true,335,0.2993,0.0395,0.8125,https://ankaraozdemirnakliyat.com/makaleler/ayas-esya-depolama-fiyatlari,false,false,false,1,47,Ayaş Asansörlü Taşımacılık Fiyatları | Ankara Özdemir Nakliyat,Ayaş Asansörlü Taşımacılık Fiyatları,https://ankaraozdemirnakliyat.com/makaleler/ayas-asansorlu-tasimacilik-fiyatlari,UNKNOWN,UNKNOWN,UNKNOWN,UNKNOWN,UNKNOWN,false
ozdemir,https://ankaraozdemirnakliyat.com/makaleler/ayas-ofis-tasima-firmalari,article_post,IMPROVE,200,true,328,0.3023,0.0399,0.7942,https://ankaraozdemirnakliyat.com/makaleler/ayas-esya-depolama-firmalari,false,false,false,1,47,Ayaş Ofis Taşıma Firmaları | Ankara Özdemir Nakliyat,Ayaş Ofis Taşıma Firmaları,https://ankaraozdemirnakliyat.com/makaleler/ayas-ofis-tasima-firmalari,UNKNOWN,UNKNOWN,UNKNOWN,UNKNOWN,UNKNOWN,false
ozdemir,https://ankaraozdemirnakliyat.com/makaleler/ayas-ofis-tasima-fiyatlari,article_post,IMPROVE,200,true,335,0.2993,0.0395,0.8007,https://ankaraozdemirnakliyat.com/makaleler/ayas-esya-depolama-fiyatlari,false,false,false,1,47,Ayaş Ofis Taşıma Fiyatları | Ankara Özdemir Nakliyat,Ayaş Ofis Taşıma Fiyatları,https://ankaraozdemirnakliyat.com/makaleler/ayas-ofis-tasima-fiyatlari,UNKNOWN,UNKNOWN,UNKNOWN,UNKNOWN,UNKNOWN,false
ozdemir,https://ankaraozdemirnakliyat.com/makaleler/ayas-parca-esya-tasima-firmalari,article_post,IMPROVE,200,true,334,0.2974,0.0458,0.8214,https://ankaraozdemirnakliyat.com/makaleler/ayas-esya-depolama-firmalari,false,false,false,1,47,Ayaş Parça Eşya Taşıma Firmaları | Ankara Özdemir Nakliyat,Ayaş Parça Eşya Taşıma Firmaları,https://ankaraozdemirnakliyat.com/makaleler/ayas-parca-esya-tasima-firmalari,UNKNOWN,UNKNOWN,UNKNOWN,UNKNOWN,UNKNOWN,false
ozdemir,https://ankaraozdemirnakliyat.com/makaleler/ayas-parca-esya-tasima-fiyatlari,article_post,IMPROVE,200,true,341,0.2945,0.0453,0.8270,https://ankaraozdemirnakliyat.com/makaleler/ayas-esya-depolama-fiyatlari,false,false,false,1,47,Ayaş Parça Eşya Taşıma Fiyatları | Ankara Özdemir Nakliyat,Ayaş Parça Eşya Taşıma Fiyatları,https://ankaraozdemirnakliyat.com/makaleler/ayas-parca-esya-tasima-fiyatlari,UNKNOWN,UNKNOWN,UNKNOWN,UNKNOWN,UNKNOWN,false
ozdemir,https://ankaraozdemirnakliyat.com/makaleler/ayas-sehirler-arasi-nakliyat-firmalari,article_post,IMPROVE,200,true,334,0.2974,0.0458,0.7895,https://ankaraozdemirnakliyat.com/makaleler/ayas-esya-depolama-firmalari,false,false,false,1,47,Ayaş Şehirler Arası Nakliyat Firmaları | Ankara Özdemir Nakliyat,Ayaş Şehirler Arası Nakliyat Firmaları,https://ankaraozdemirnakliyat.com/makaleler/ayas-sehirler-arasi-nakliyat-firmalari,UNKNOWN,UNKNOWN,UNKNOWN,UNKNOWN,UNKNOWN,false
ozdemir,https://ankaraozdemirnakliyat.com/makaleler/ayas-sehirler-arasi-nakliyat-fiyatlari,article_post,IMPROVE,200,true,341,0.2945,0.0453,0.7959,https://ankaraozdemirnakliyat.com/makaleler/ayas-esya-depolama-fiyatlari,false,false,false,1,47,Ayaş Şehirler Arası Nakliyat Fiyatları | Ankara Özdemir Nakliyat,Ayaş Şehirler Arası Nakliyat Fiyatları,https://ankaraozdemirnakliyat.com/makaleler/ayas-sehirler-arasi-nakliyat-fiyatlari,UNKNOWN,UNKNOWN,UNKNOWN,UNKNOWN,UNKNOWN,false
ozdemir,https://ankaraozdemirnakliyat.com/makaleler/ayas-esya-depolama-firmalari,article_post,IMPROVE,200,true,328,0.3023,0.0399,0.6532,https://ankaraozdemirnakliyat.com/makaleler/evren-esya-depolama-firmalari,false,false,false,1,47,Ayaş Eşya Depolama Firmaları | Ankara Özdemir Nakliyat,Ayaş Eşya Depolama Firmaları,https://ankaraozdemirnakliyat.com/makaleler/ayas-esya-depolama-firmalari,UNKNOWN,UNKNOWN,UNKNOWN,UNKNOWN,UNKNOWN,false
ozdemir,https://ankaraozdemirnakliyat.com/makaleler/ayas-esya-depolama-fiyatlari,article_post,IMPROVE,200,true,335,0.2993,0.0395,0.6387,https://ankaraozdemirnakliyat.com/makaleler/evren-esya-depolama-fiyatlari,false,false,false,1,47,Ayaş Eşya Depolama Fiyatları | Ankara Özdemir Nakliyat,Ayaş Eşya Depolama Fiyatları,https://ankaraozdemirnakliyat.com/makaleler/ayas-esya-depolama-fiyatlari,UNKNOWN,UNKNOWN,UNKNOWN,UNKNOWN,UNKNOWN,false
ozdemir,https://ankaraozdemirnakliyat.com/makaleler/camlidere-evden-eve-nakliyat-firmalari,article_post,IMPROVE,200,true,334,0.2974,0.0458,0.9023,https://ankaraozdemirnakliyat.com/makaleler/camlidere-ofis-tasima-firmalari,false,false,false,1,47,Çamlıdere Evden Eve Nakliyat Firmaları | Ankara Özdemir Nakliyat,Çamlıdere Evden Eve Nakliyat Firmaları,https://ankaraozdemirnakliyat.com/makaleler/camlidere-evden-eve-nakliyat-firmalari,UNKNOWN,UNKNOWN,UNKNOWN,UNKNOWN,UNKNOWN,false
ozdemir,https://ankaraozdemirnakliyat.com/makaleler/camlidere-evden-eve-nakliyat-fiyatlari,article_post,IMPROVE,200,true,341,0.2945,0.0453,0.9057,https://ankaraozdemirnakliyat.com/makaleler/camlidere-ofis-tasima-fiyatlari,false,false,false,1,47,Çamlıdere Evden Eve Nakliyat Fiyatları | Ankara Özdemir Nakliyat,Çamlıdere Evden Eve Nakliyat Fiyatları,https://ankaraozdemirnakliyat.com/makaleler/camlidere-evden-eve-nakliyat-fiyatlari,UNKNOWN,UNKNOWN,UNKNOWN,UNKNOWN,UNKNOWN,false
ozdemir,https://ankaraozdemirnakliyat.com/makaleler/camlidere-asansorlu-tasimacilik-firmalari,article_post,IMPROVE,200,true,328,0.3023,0.0399,0.8065,https://ankaraozdemirnakliyat.com/makaleler/camlidere-esya-depolama-firmalari,false,false,false,1,47,Çamlıdere Asansörlü Taşımacılık Firmaları | Ankara Özdemir Nakliyat,Çamlıdere Asansörlü Taşımacılık Firmaları,https://ankaraozdemirnakliyat.com/makaleler/camlidere-asansorlu-tasimacilik-firmalari,UNKNOWN,UNKNOWN,UNKNOWN,UNKNOWN,UNKNOWN,false
ozdemir,https://ankaraozdemirnakliyat.com/makaleler/camlidere-asansorlu-tasimacilik-fiyatlari,article_post,IMPROVE,200,true,335,0.2993,0.0395,0.8125,https://ankaraozdemirnakliyat.com/makaleler/camlidere-esya-depolama-fiyatlari,false,false,false,1,47,Çamlıdere Asansörlü Taşımacılık Fiyatları | Ankara Özdemir Nakliyat,Çamlıdere Asansörlü Taşımacılık Fiyatları,https://ankaraozdemirnakliyat.com/makaleler/camlidere-asansorlu-tasimacilik-fiyatlari,UNKNOWN,UNKNOWN,UNKNOWN,UNKNOWN,UNKNOWN,false
ozdemir,https://ankaraozdemirnakliyat.com/makaleler/camlidere-ofis-tasima-firmalari,article_post,IMPROVE,200,true,328,0.3023,0.0399,0.7942,https://ankaraozdemirnakliyat.com/makaleler/camlidere-esya-depolama-firmalari,false,false,false,1,47,Çamlıdere Ofis Taşıma Firmaları | Ankara Özdemir Nakliyat,Çamlıdere Ofis Taşıma Firmaları,https://ankaraozdemirnakliyat.com/makaleler/camlidere-ofis-tasima-firmalari,UNKNOWN,UNKNOWN,UNKNOWN,UNKNOWN,UNKNOWN,false
ozdemir,https://ankaraozdemirnakliyat.com/makaleler/camlidere-ofis-tasima-fiyatlari,article_post,IMPROVE,200,true,335,0.2993,0.0395,0.8007,https://ankaraozdemirnakliyat.com/makaleler/camlidere-esya-depolama-fiyatlari,false,false,false,1,47,Çamlıdere Ofis Taşıma Fiyatları | Ankara Özdemir Nakliyat,Çamlıdere Ofis Taşıma Fiyatları,https://ankaraozdemirnakliyat.com/makaleler/camlidere-ofis-tasima-fiyatlari,UNKNOWN,UNKNOWN,UNKNOWN,UNKNOWN,UNKNOWN,false
ozdemir,https://ankaraozdemirnakliyat.com/makaleler/camlidere-parca-esya-tasima-firmalari,article_post,IMPROVE,200,true,334,0.2974,0.0458,0.8214,https://ankaraozdemirnakliyat.com/makaleler/camlidere-esya-depolama-firmalari,false,false,false,1,47,Çamlıdere Parça Eşya Taşıma Firmaları | Ankara Özdemir Nakliyat,Çamlıdere Parça Eşya Taşıma Firmaları,https://ankaraozdemirnakliyat.com/makaleler/camlidere-parca-esya-tasima-firmalari,UNKNOWN,UNKNOWN,UNKNOWN,UNKNOWN,UNKNOWN,false
ozdemir,https://ankaraozdemirnakliyat.com/makaleler/camlidere-parca-esya-tasima-fiyatlari,article_post,IMPROVE,200,true,341,0.2945,0.0453,0.8270,https://ankaraozdemirnakliyat.com/makaleler/camlidere-esya-depolama-fiyatlari,false,false,false,1,47,Çamlıdere Parça Eşya Taşıma Fiyatları | Ankara Özdemir Nakliyat,Çamlıdere Parça Eşya Taşıma Fiyatları,https://ankaraozdemirnakliyat.com/makaleler/camlidere-parca-esya-tasima-fiyatlari,UNKNOWN,UNKNOWN,UNKNOWN,UNKNOWN,UNKNOWN,false
ozdemir,https://ankaraozdemirnakliyat.com/makaleler/camlidere-sehirler-arasi-nakliyat-firmalari,article_post,IMPROVE,200,true,334,0.2974,0.0458,0.7895,https://ankaraozdemirnakliyat.com/makaleler/camlidere-esya-depolama-firmalari,false,false,false,1,47,Çamlıdere Şehirler Arası Nakliyat Firmaları | Ankara Özdemir Nakliyat,Çamlıdere Şehirler Arası Nakliyat Firmaları,https://ankaraozdemirnakliyat.com/makaleler/camlidere-sehirler-arasi-nakliyat-firmalari,UNKNOWN,UNKNOWN,UNKNOWN,UNKNOWN,UNKNOWN,false
ozdemir,https://ankaraozdemirnakliyat.com/makaleler/camlidere-sehirler-arasi-nakliyat-fiyatlari,article_post,IMPROVE,200,true,341,0.2945,0.0453,0.7959,https://ankaraozdemirnakliyat.com/makaleler/camlidere-esya-depolama-fiyatlari,false,false,false,1,47,Çamlıdere Şehirler Arası Nakliyat Fiyatları | Ankara Özdemir Nakliyat,Çamlıdere Şehirler Arası Nakliyat Fiyatları,https://ankaraozdemirnakliyat.com/makaleler/camlidere-sehirler-arasi-nakliyat-fiyatlari,UNKNOWN,UNKNOWN,UNKNOWN,UNKNOWN,UNKNOWN,false
ozdemir,https://ankaraozdemirnakliyat.com/makaleler/camlidere-esya-depolama-firmalari,article_post,IMPROVE,200,true,328,0.3023,0.0399,0.6532,https://ankaraozdemirnakliyat.com/makaleler/evren-esya-depolama-firmalari,false,false,false,1,47,Çamlıdere Eşya Depolama Firmaları | Ankara Özdemir Nakliyat,Çamlıdere Eşya Depolama Firmaları,https://ankaraozdemirnakliyat.com/makaleler/camlidere-esya-depolama-firmalari,UNKNOWN,UNKNOWN,UNKNOWN,UNKNOWN,UNKNOWN,false
ozdemir,https://ankaraozdemirnakliyat.com/makaleler/camlidere-esya-depolama-fiyatlari,article_post,IMPROVE,200,true,335,0.2993,0.0395,0.6387,https://ankaraozdemirnakliyat.com/makaleler/evren-esya-depolama-fiyatlari,false,false,false,1,47,Çamlıdere Eşya Depolama Fiyatları | Ankara Özdemir Nakliyat,Çamlıdere Eşya Depolama Fiyatları,https://ankaraozdemirnakliyat.com/makaleler/camlidere-esya-depolama-fiyatlari,UNKNOWN,UNKNOWN,UNKNOWN,UNKNOWN,UNKNOWN,false
ozdemir,https://ankaraozdemirnakliyat.com/makaleler/gudul-evden-eve-nakliyat-firmalari,article_post,IMPROVE,200,true,334,0.2974,0.0458,0.9023,https://ankaraozdemirnakliyat.com/makaleler/gudul-ofis-tasima-firmalari,false,false,false,1,47,Güdül Evden Eve Nakliyat Firmaları | Ankara Özdemir Nakliyat,Güdül Evden Eve Nakliyat Firmaları,https://ankaraozdemirnakliyat.com/makaleler/gudul-evden-eve-nakliyat-firmalari,UNKNOWN,UNKNOWN,UNKNOWN,UNKNOWN,UNKNOWN,false
ozdemir,https://ankaraozdemirnakliyat.com/makaleler/gudul-evden-eve-nakliyat-fiyatlari,article_post,IMPROVE,200,true,341,0.2945,0.0453,0.9057,https://ankaraozdemirnakliyat.com/makaleler/gudul-ofis-tasima-fiyatlari,false,false,false,1,47,Güdül Evden Eve Nakliyat Fiyatları | Ankara Özdemir Nakliyat,Güdül Evden Eve Nakliyat Fiyatları,https://ankaraozdemirnakliyat.com/makaleler/gudul-evden-eve-nakliyat-fiyatlari,UNKNOWN,UNKNOWN,UNKNOWN,UNKNOWN,UNKNOWN,false
ozdemir,https://ankaraozdemirnakliyat.com/makaleler/gudul-asansorlu-tasimacilik-firmalari,article_post,IMPROVE,200,true,328,0.3023,0.0399,0.8065,https://ankaraozdemirnakliyat.com/makaleler/gudul-esya-depolama-firmalari,false,false,false,1,47,Güdül Asansörlü Taşımacılık Firmaları | Ankara Özdemir Nakliyat,Güdül Asansörlü Taşımacılık Firmaları,https://ankaraozdemirnakliyat.com/makaleler/gudul-asansorlu-tasimacilik-firmalari,UNKNOWN,UNKNOWN,UNKNOWN,UNKNOWN,UNKNOWN,false
ozdemir,https://ankaraozdemirnakliyat.com/makaleler/gudul-asansorlu-tasimacilik-fiyatlari,article_post,IMPROVE,200,true,335,0.2993,0.0395,0.8125,https://ankaraozdemirnakliyat.com/makaleler/gudul-esya-depolama-fiyatlari,false,false,false,1,47,Güdül Asansörlü Taşımacılık Fiyatları | Ankara Özdemir Nakliyat,Güdül Asansörlü Taşımacılık Fiyatları,https://ankaraozdemirnakliyat.com/makaleler/gudul-asansorlu-tasimacilik-fiyatlari,UNKNOWN,UNKNOWN,UNKNOWN,UNKNOWN,UNKNOWN,false
ozdemir,https://ankaraozdemirnakliyat.com/makaleler/gudul-ofis-tasima-firmalari,article_post,IMPROVE,200,true,328,0.3023,0.0399,0.7942,https://ankaraozdemirnakliyat.com/makaleler/gudul-esya-depolama-firmalari,false,false,false,1,47,Güdül Ofis Taşıma Firmaları | Ankara Özdemir Nakliyat,Güdül Ofis Taşıma Firmaları,https://ankaraozdemirnakliyat.com/makaleler/gudul-ofis-tasima-firmalari,UNKNOWN,UNKNOWN,UNKNOWN,UNKNOWN,UNKNOWN,false
ozdemir,https://ankaraozdemirnakliyat.com/makaleler/gudul-ofis-tasima-fiyatlari,article_post,IMPROVE,200,true,335,0.2993,0.0395,0.8007,https://ankaraozdemirnakliyat.com/makaleler/gudul-esya-depolama-fiyatlari,false,false,false,1,47,Güdül Ofis Taşıma Fiyatları | Ankara Özdemir Nakliyat,Güdül Ofis Taşıma Fiyatları,https://ankaraozdemirnakliyat.com/makaleler/gudul-ofis-tasima-fiyatlari,UNKNOWN,UNKNOWN,UNKNOWN,UNKNOWN,UNKNOWN,false
ozdemir,https://ankaraozdemirnakliyat.com/makaleler/gudul-parca-esya-tasima-firmalari,article_post,IMPROVE,200,true,334,0.2974,0.0458,0.8214,https://ankaraozdemirnakliyat.com/makaleler/gudul-esya-depolama-firmalari,false,false,false,1,47,Güdül Parça Eşya Taşıma Firmaları | Ankara Özdemir Nakliyat,Güdül Parça Eşya Taşıma Firmaları,https://ankaraozdemirnakliyat.com/makaleler/gudul-parca-esya-tasima-firmalari,UNKNOWN,UNKNOWN,UNKNOWN,UNKNOWN,UNKNOWN,false
ozdemir,https://ankaraozdemirnakliyat.com/makaleler/gudul-parca-esya-tasima-fiyatlari,article_post,IMPROVE,200,true,341,0.2945,0.0453,0.8270,https://ankaraozdemirnakliyat.com/makaleler/gudul-esya-depolama-fiyatlari,false,false,false,1,47,Güdül Parça Eşya Taşıma Fiyatları | Ankara Özdemir Nakliyat,Güdül Parça Eşya Taşıma Fiyatları,https://ankaraozdemirnakliyat.com/makaleler/gudul-parca-esya-tasima-fiyatlari,UNKNOWN,UNKNOWN,UNKNOWN,UNKNOWN,UNKNOWN,false
ozdemir,https://ankaraozdemirnakliyat.com/makaleler/gudul-sehirler-arasi-nakliyat-firmalari,article_post,IMPROVE,200,true,334,0.2974,0.0458,0.7895,https://ankaraozdemirnakliyat.com/makaleler/gudul-esya-depolama-firmalari,false,false,false,1,47,Güdül Şehirler Arası Nakliyat Firmaları | Ankara Özdemir Nakliyat,Güdül Şehirler Arası Nakliyat Firmaları,https://ankaraozdemirnakliyat.com/makaleler/gudul-sehirler-arasi-nakliyat-firmalari,UNKNOWN,UNKNOWN,UNKNOWN,UNKNOWN,UNKNOWN,false
ozdemir,https://ankaraozdemirnakliyat.com/makaleler/gudul-sehirler-arasi-nakliyat-fiyatlari,article_post,IMPROVE,200,true,341,0.2945,0.0453,0.7959,https://ankaraozdemirnakliyat.com/makaleler/gudul-esya-depolama-fiyatlari,false,false,false,1,47,Güdül Şehirler Arası Nakliyat Fiyatları | Ankara Özdemir Nakliyat,Güdül Şehirler Arası Nakliyat Fiyatları,https://ankaraozdemirnakliyat.com/makaleler/gudul-sehirler-arasi-nakliyat-fiyatlari,UNKNOWN,UNKNOWN,UNKNOWN,UNKNOWN,UNKNOWN,false
ozdemir,https://ankaraozdemirnakliyat.com/makaleler/gudul-esya-depolama-firmalari,article_post,IMPROVE,200,true,328,0.3023,0.0399,0.6532,https://ankaraozdemirnakliyat.com/makaleler/evren-esya-depolama-firmalari,false,false,false,1,47,Güdül Eşya Depolama Firmaları | Ankara Özdemir Nakliyat,Güdül Eşya Depolama Firmaları,https://ankaraozdemirnakliyat.com/makaleler/gudul-esya-depolama-firmalari,UNKNOWN,UNKNOWN,UNKNOWN,UNKNOWN,UNKNOWN,false
ozdemir,https://ankaraozdemirnakliyat.com/makaleler/gudul-esya-depolama-fiyatlari,article_post,IMPROVE,200,true,335,0.2993,0.0395,0.6387,https://ankaraozdemirnakliyat.com/makaleler/evren-esya-depolama-fiyatlari,false,false,false,1,47,Güdül Eşya Depolama Fiyatları | Ankara Özdemir Nakliyat,Güdül Eşya Depolama Fiyatları,https://ankaraozdemirnakliyat.com/makaleler/gudul-esya-depolama-fiyatlari,UNKNOWN,UNKNOWN,UNKNOWN,UNKNOWN,UNKNOWN,false
ozdemir,https://ankaraozdemirnakliyat.com/makaleler/evren-evden-eve-nakliyat-firmalari,article_post,IMPROVE,200,true,334,0.2974,0.0458,0.8971,https://ankaraozdemirnakliyat.com/makaleler/evren-ofis-tasima-firmalari,false,false,false,1,47,Evren Evden Eve Nakliyat Firmaları | Ankara Özdemir Nakliyat,Evren Evden Eve Nakliyat Firmaları,https://ankaraozdemirnakliyat.com/makaleler/evren-evden-eve-nakliyat-firmalari,UNKNOWN,UNKNOWN,UNKNOWN,UNKNOWN,UNKNOWN,false
ozdemir,https://ankaraozdemirnakliyat.com/makaleler/evren-evden-eve-nakliyat-fiyatlari,article_post,IMPROVE,200,true,341,0.2945,0.0453,0.9004,https://ankaraozdemirnakliyat.com/makaleler/evren-ofis-tasima-fiyatlari,false,false,false,1,47,Evren Evden Eve Nakliyat Fiyatları | Ankara Özdemir Nakliyat,Evren Evden Eve Nakliyat Fiyatları,https://ankaraozdemirnakliyat.com/makaleler/evren-evden-eve-nakliyat-fiyatlari,UNKNOWN,UNKNOWN,UNKNOWN,UNKNOWN,UNKNOWN,false
ozdemir,https://ankaraozdemirnakliyat.com/makaleler/evren-asansorlu-tasimacilik-firmalari,article_post,IMPROVE,200,true,328,0.3023,0.0399,0.8106,https://ankaraozdemirnakliyat.com/makaleler/evren-esya-depolama-firmalari,false,false,false,1,47,Evren Asansörlü Taşımacılık Firmaları | Ankara Özdemir Nakliyat,Evren Asansörlü Taşımacılık Firmaları,https://ankaraozdemirnakliyat.com/makaleler/evren-asansorlu-tasimacilik-firmalari,UNKNOWN,UNKNOWN,UNKNOWN,UNKNOWN,UNKNOWN,false
ozdemir,https://ankaraozdemirnakliyat.com/makaleler/evren-asansorlu-tasimacilik-fiyatlari,article_post,IMPROVE,200,true,335,0.2993,0.0395,0.8162,https://ankaraozdemirnakliyat.com/makaleler/evren-esya-depolama-fiyatlari,false,false,false,1,47,Evren Asansörlü Taşımacılık Fiyatları | Ankara Özdemir Nakliyat,Evren Asansörlü Taşımacılık Fiyatları,https://ankaraozdemirnakliyat.com/makaleler/evren-asansorlu-tasimacilik-fiyatlari,UNKNOWN,UNKNOWN,UNKNOWN,UNKNOWN,UNKNOWN,false
ozdemir,https://ankaraozdemirnakliyat.com/makaleler/evren-ofis-tasima-firmalari,article_post,IMPROVE,200,true,328,0.3023,0.0399,0.7977,https://ankaraozdemirnakliyat.com/makaleler/evren-esya-depolama-firmalari,false,false,false,1,47,Evren Ofis Taşıma Firmaları | Ankara Özdemir Nakliyat,Evren Ofis Taşıma Firmaları,https://ankaraozdemirnakliyat.com/makaleler/evren-ofis-tasima-firmalari,UNKNOWN,UNKNOWN,UNKNOWN,UNKNOWN,UNKNOWN,false
ozdemir,https://ankaraozdemirnakliyat.com/makaleler/evren-ofis-tasima-fiyatlari,article_post,IMPROVE,200,true,335,0.2993,0.0395,0.8037,https://ankaraozdemirnakliyat.com/makaleler/evren-esya-depolama-fiyatlari,false,false,false,1,47,Evren Ofis Taşıma Fiyatları | Ankara Özdemir Nakliyat,Evren Ofis Taşıma Fiyatları,https://ankaraozdemirnakliyat.com/makaleler/evren-ofis-tasima-fiyatlari,UNKNOWN,UNKNOWN,UNKNOWN,UNKNOWN,UNKNOWN,false
ozdemir,https://ankaraozdemirnakliyat.com/makaleler/evren-parca-esya-tasima-firmalari,article_post,IMPROVE,200,true,334,0.2974,0.0458,0.8264,https://ankaraozdemirnakliyat.com/makaleler/evren-esya-depolama-firmalari,false,false,false,1,47,Evren Parça Eşya Taşıma Firmaları | Ankara Özdemir Nakliyat,Evren Parça Eşya Taşıma Firmaları,https://ankaraozdemirnakliyat.com/makaleler/evren-parca-esya-tasima-firmalari,UNKNOWN,UNKNOWN,UNKNOWN,UNKNOWN,UNKNOWN,false
ozdemir,https://ankaraozdemirnakliyat.com/makaleler/evren-parca-esya-tasima-fiyatlari,article_post,IMPROVE,200,true,341,0.2945,0.0453,0.8315,https://ankaraozdemirnakliyat.com/makaleler/evren-esya-depolama-fiyatlari,false,false,false,1,47,Evren Parça Eşya Taşıma Fiyatları | Ankara Özdemir Nakliyat,Evren Parça Eşya Taşıma Fiyatları,https://ankaraozdemirnakliyat.com/makaleler/evren-parca-esya-tasima-fiyatlari,UNKNOWN,UNKNOWN,UNKNOWN,UNKNOWN,UNKNOWN,false
ozdemir,https://ankaraozdemirnakliyat.com/makaleler/evren-sehirler-arasi-nakliyat-firmalari,article_post,IMPROVE,200,true,334,0.2974,0.0458,0.7926,https://ankaraozdemirnakliyat.com/makaleler/evren-esya-depolama-firmalari,false,false,false,1,47,Evren Şehirler Arası Nakliyat Firmaları | Ankara Özdemir Nakliyat,Evren Şehirler Arası Nakliyat Firmaları,https://ankaraozdemirnakliyat.com/makaleler/evren-sehirler-arasi-nakliyat-firmalari,UNKNOWN,UNKNOWN,UNKNOWN,UNKNOWN,UNKNOWN,false
ozdemir,https://ankaraozdemirnakliyat.com/makaleler/evren-sehirler-arasi-nakliyat-fiyatlari,article_post,IMPROVE,200,true,341,0.2945,0.0453,0.7986,https://ankaraozdemirnakliyat.com/makaleler/evren-esya-depolama-fiyatlari,false,false,false,1,47,Evren Şehirler Arası Nakliyat Fiyatları | Ankara Özdemir Nakliyat,Evren Şehirler Arası Nakliyat Fiyatları,https://ankaraozdemirnakliyat.com/makaleler/evren-sehirler-arasi-nakliyat-fiyatlari,UNKNOWN,UNKNOWN,UNKNOWN,UNKNOWN,UNKNOWN,false
ozdemir,https://ankaraozdemirnakliyat.com/makaleler/evren-esya-depolama-firmalari,article_post,IMPROVE,200,true,328,0.3023,0.0399,0.5478,https://ankaraozdemirnakliyat.com/makaleler/evren-esya-depolama-fiyatlari,false,false,false,1,47,Evren Eşya Depolama Firmaları | Ankara Özdemir Nakliyat,Evren Eşya Depolama Firmaları,https://ankaraozdemirnakliyat.com/makaleler/evren-esya-depolama-firmalari,UNKNOWN,UNKNOWN,UNKNOWN,UNKNOWN,UNKNOWN,false
ozdemir,https://ankaraozdemirnakliyat.com/makaleler/evren-esya-depolama-fiyatlari,article_post,IMPROVE,200,true,335,0.2993,0.0395,0.0000,,false,false,false,1,47,Evren Eşya Depolama Fiyatları | Ankara Özdemir Nakliyat,Evren Eşya Depolama Fiyatları,https://ankaraozdemirnakliyat.com/makaleler/evren-esya-depolama-fiyatlari,UNKNOWN,UNKNOWN,UNKNOWN,UNKNOWN,UNKNOWN,false
akif,https://www.ankaraakifnakliyat.com/,home,IMPROVE,200,true,320,0.0000,1.0000,0.0000,,false,false,false,499,19,Ankara Evden Eve Nakliyat ve Taşımacılık | Akif Nakliyat,Ankara Evden Eve Nakliyat - Akif Nakliyat | Güvenilir Taşımacılık Hizmeti,https://www.ankaraakifnakliyat.com/,UNKNOWN,UNKNOWN,UNKNOWN,UNKNOWN,UNKNOWN,false
akif,https://www.ankaraakifnakliyat.com/hizmetler,static_hizmetler,IMPROVE,200,true,374,0.0000,1.0000,0.0000,,false,false,false,499,26,Hizmetlerimiz | Ankara Evden Eve Nakliyat | Akif Nakliyat,HİZMET SANATIMIZ,https://www.ankaraakifnakliyat.com/hizmetler/,UNKNOWN,UNKNOWN,UNKNOWN,UNKNOWN,UNKNOWN,false
akif,https://www.ankaraakifnakliyat.com/evden-eve-nakliyat,static_evden-eve-nakliyat,KEEP,200,true,766,0.0000,1.0000,0.0000,,false,false,false,499,22,Ankara Evden Eve Nakliyat | Akif Nakliyat,EVDEN EVE . NAKLİYAT,https://www.ankaraakifnakliyat.com/evden-eve-nakliyat/,UNKNOWN,UNKNOWN,UNKNOWN,UNKNOWN,UNKNOWN,false
akif,https://www.ankaraakifnakliyat.com/islemler,static_islemler,IMPROVE,200,true,404,0.0000,1.0000,0.0000,,false,false,false,499,54,Nakliyat Hizmet Bölgeleri | Ankara ve Şehirler Arası | Akif Nakliyat,Hizmet . Alanı 2026,https://www.ankaraakifnakliyat.com/islemler/,UNKNOWN,UNKNOWN,UNKNOWN,UNKNOWN,UNKNOWN,false
akif,https://www.ankaraakifnakliyat.com/galeri,static_galeri,IMPROVE,200,true,115,0.0000,1.0000,0.0000,,false,false,true,499,19,Galeri | Nakliyat Fotoğrafları ve Videoları | Akif Nakliyat,Kaliteyi Görmek İçin . Çalışmalarımızı İnceleyin,https://www.ankaraakifnakliyat.com/galeri/,UNKNOWN,UNKNOWN,UNKNOWN,UNKNOWN,UNKNOWN,false
akif,https://www.ankaraakifnakliyat.com/blog,static_blog,IMPROVE,200,true,288,0.0000,1.0000,0.0000,,false,false,false,499,34,Blog | Nakliyat Rehberi ve Taşınma İpuçları | Akif Nakliyat,Taşınma . Rehberi.,https://www.ankaraakifnakliyat.com/blog/,UNKNOWN,UNKNOWN,UNKNOWN,UNKNOWN,UNKNOWN,false
akif,https://www.ankaraakifnakliyat.com/iletisim,static_iletisim,IMPROVE,200,true,96,0.0000,1.0000,0.0000,,false,false,true,499,19,İletişim | Akif Nakliyat - Profesyonel Nakliye Teklifi Alın,Hemen Teklif Alın,https://www.ankaraakifnakliyat.com/iletisim/,UNKNOWN,UNKNOWN,UNKNOWN,UNKNOWN,UNKNOWN,false
akif,https://www.ankaraakifnakliyat.com/hakkimizda,static_hakkimizda,IMPROVE,200,true,132,0.0000,1.0000,0.0000,,false,false,true,499,19,Hakkımızda | Akif Nakliyat,Akif Nakliyat,https://www.ankaraakifnakliyat.com/hakkimizda/,UNKNOWN,UNKNOWN,UNKNOWN,UNKNOWN,UNKNOWN,false
akif,https://www.ankaraakifnakliyat.com/sss,static_sss,IMPROVE,200,true,95,0.0000,1.0000,0.0000,,false,false,true,499,19,Sıkça Sorulan Sorular | Akif Nakliyat,Aklınıza Takılanlar,https://www.ankaraakifnakliyat.com/sss/,UNKNOWN,UNKNOWN,UNKNOWN,UNKNOWN,UNKNOWN,false
akif,https://www.ankaraakifnakliyat.com/gizlilik-politikasi,static_gizlilik-politikasi,IMPROVE,200,true,157,0.0000,1.0000,0.0000,,false,false,true,499,19,Gizlilik Politikası | Akif Nakliyat,Gizlilik Politikası,https://www.ankaraakifnakliyat.com/gizlilik-politikasi/,UNKNOWN,UNKNOWN,UNKNOWN,UNKNOWN,UNKNOWN,false
akif,https://www.ankaraakifnakliyat.com/kullanim-sartlari,static_kullanim-sartlari,IMPROVE,200,true,187,0.0000,1.0000,0.0000,,false,false,true,499,19,Kullanım Şartları | Akif Nakliyat,Kullanım Şartları,https://www.ankaraakifnakliyat.com/kullanim-sartlari/,UNKNOWN,UNKNOWN,UNKNOWN,UNKNOWN,UNKNOWN,false
akif,https://www.ankaraakifnakliyat.com/kvkk,static_kvkk,IMPROVE,200,true,294,0.0000,1.0000,0.0000,,false,false,false,499,19,KVKK Aydınlatma Metni | Akif Nakliyat,KVKK Aydınlatma Metni,https://www.ankaraakifnakliyat.com/kvkk/,UNKNOWN,UNKNOWN,UNKNOWN,UNKNOWN,UNKNOWN,false
akif,https://www.ankaraakifnakliyat.com/hizmetler/sehir-ici-nakliyat,service_page,KEEP,200,true,792,0.2389,0.6748,0.2650,https://www.ankaraakifnakliyat.com/hizmetler/ofis-tasima,false,false,false,1,19,Şehir İçi Nakliyat | Ankara Akif Nakliyat - 2026 Fiyatları,Şehir İçi . Nakliyat,https://www.ankaraakifnakliyat.com/hizmetler/sehir-ici-nakliyat/,UNKNOWN,UNKNOWN,UNKNOWN,UNKNOWN,UNKNOWN,false
akif,https://www.ankaraakifnakliyat.com/hizmetler/sehirler-arasi-nakliyat,service_page,KEEP,200,true,767,0.2438,0.6763,0.2710,https://www.ankaraakifnakliyat.com/hizmetler/asansorlu-tasima,false,false,false,18,19,Şehirler Arası Nakliyat | Ankara Akif Nakliyat - 2026 Fiyatları,Şehirler Arası . Nakliyat,https://www.ankaraakifnakliyat.com/hizmetler/sehirler-arasi-nakliyat/,UNKNOWN,UNKNOWN,UNKNOWN,UNKNOWN,UNKNOWN,false
akif,https://www.ankaraakifnakliyat.com/hizmetler/ofis-tasima,service_page,KEEP,200,true,688,0.2757,0.6682,0.3093,https://www.ankaraakifnakliyat.com/hizmetler/parca-esya-tasima,false,false,false,17,19,Ofis Taşıma | Ankara Akif Nakliyat - 2026 Fiyatları,Ofis . Taşıma,https://www.ankaraakifnakliyat.com/hizmetler/ofis-tasima/,UNKNOWN,UNKNOWN,UNKNOWN,UNKNOWN,UNKNOWN,false
akif,https://www.ankaraakifnakliyat.com/hizmetler/parca-esya-tasima,service_page,KEEP,200,true,744,0.2550,0.6484,0.2579,https://www.ankaraakifnakliyat.com/hizmetler/paketleme,false,false,false,17,19,Parça Eşya Taşıma | Ankara Akif Nakliyat - 2026 Fiyatları,Parça Eşya . Taşıma,https://www.ankaraakifnakliyat.com/hizmetler/parca-esya-tasima/,UNKNOWN,UNKNOWN,UNKNOWN,UNKNOWN,UNKNOWN,false
akif,https://www.ankaraakifnakliyat.com/hizmetler/asansorlu-tasima,service_page,KEEP,200,true,678,0.2783,0.6226,0.2620,https://www.ankaraakifnakliyat.com/hizmetler/sigorta,false,false,false,18,19,Asansörlü Taşımacılık | Ankara Akif Nakliyat - 2026 Fiyatları,Asansörlü . Taşımacılık,https://www.ankaraakifnakliyat.com/hizmetler/asansorlu-tasima/,UNKNOWN,UNKNOWN,UNKNOWN,UNKNOWN,UNKNOWN,false
akif,https://www.ankaraakifnakliyat.com/hizmetler/paketleme,service_page,KEEP,200,true,684,0.3010,0.6258,0.2522,https://www.ankaraakifnakliyat.com/hizmetler/sigorta,false,false,false,2,19,Paketleme Hizmetleri | Ankara Akif Nakliyat - 2026 Fiyatları,Paketleme . Hizmetleri,https://www.ankaraakifnakliyat.com/hizmetler/paketleme/,UNKNOWN,UNKNOWN,UNKNOWN,UNKNOWN,UNKNOWN,false
akif,https://www.ankaraakifnakliyat.com/hizmetler/sigorta,service_page,KEEP,200,true,682,0.2944,0.6386,0.0000,,false,false,false,1,19,Nakliyat Sigortası | Ankara Akif Nakliyat - 2026 Fiyatları,Nakliyat . Sigortası,https://www.ankaraakifnakliyat.com/hizmetler/sigorta/,UNKNOWN,UNKNOWN,UNKNOWN,UNKNOWN,UNKNOWN,false
akif,https://www.ankaraakifnakliyat.com/islemler/ankara/altindag,ankara_district,KEEP,200,true,546,0.1218,0.8782,0.1501,https://www.ankaraakifnakliyat.com/islemler/ankara/akyurt,false,false,false,499,38,Altındağ Nakliyat | Altındağ Evden Eve | Akif Nakliyat,Ankara Altındağ NAKLİYAT,https://www.ankaraakifnakliyat.com/islemler/ankara/altindag/,UNKNOWN,UNKNOWN,UNKNOWN,UNKNOWN,UNKNOWN,false
akif,https://www.ankaraakifnakliyat.com/islemler/ankara/akyurt,ankara_district,KEEP,200,true,527,0.1266,0.8734,0.7302,https://www.ankaraakifnakliyat.com/islemler/ankara/kalecik,false,false,false,499,38,Akyurt Nakliyat | Akyurt Evden Eve | Akif Nakliyat,Ankara Akyurt NAKLİYAT,https://www.ankaraakifnakliyat.com/islemler/ankara/akyurt/,UNKNOWN,UNKNOWN,UNKNOWN,UNKNOWN,UNKNOWN,false
akif,https://www.ankaraakifnakliyat.com/islemler/ankara/ayas,ankara_district,KEEP,200,true,507,0.1320,0.8680,0.1491,https://www.ankaraakifnakliyat.com/islemler/ankara/kalecik,false,false,false,499,38,Ayaş Nakliyat | Ayaş Evden Eve | Akif Nakliyat,Ankara Ayaş NAKLİYAT,https://www.ankaraakifnakliyat.com/islemler/ankara/ayas/,UNKNOWN,UNKNOWN,UNKNOWN,UNKNOWN,UNKNOWN,false
akif,https://www.ankaraakifnakliyat.com/islemler/ankara/bala,ankara_district,KEEP,200,true,508,0.1317,0.8683,0.1507,https://www.ankaraakifnakliyat.com/islemler/ankara/evren,false,false,false,499,38,Balâ Nakliyat | Balâ Evden Eve | Akif Nakliyat,Ankara Balâ NAKLİYAT,https://www.ankaraakifnakliyat.com/islemler/ankara/bala/,UNKNOWN,UNKNOWN,UNKNOWN,UNKNOWN,UNKNOWN,false
akif,https://www.ankaraakifnakliyat.com/islemler/ankara/beypazari,ankara_district,KEEP,200,true,520,0.1298,0.8702,0.1466,https://www.ankaraakifnakliyat.com/islemler/ankara/kalecik,false,false,false,499,38,Beypazarı Nakliyat | Beypazarı Evden Eve | Akif Nakliyat,Ankara Beypazarı NAKLİYAT,https://www.ankaraakifnakliyat.com/islemler/ankara/beypazari/,UNKNOWN,UNKNOWN,UNKNOWN,UNKNOWN,UNKNOWN,false
akif,https://www.ankaraakifnakliyat.com/islemler/ankara/camlidere,ankara_district,KEEP,200,true,507,0.1320,0.8680,0.1498,https://www.ankaraakifnakliyat.com/islemler/ankara/kalecik,false,false,false,499,38,Çamlıdere Nakliyat | Çamlıdere Evden Eve | Akif Nakliyat,Ankara Çamlıdere NAKLİYAT,https://www.ankaraakifnakliyat.com/islemler/ankara/camlidere/,UNKNOWN,UNKNOWN,UNKNOWN,UNKNOWN,UNKNOWN,false
akif,https://www.ankaraakifnakliyat.com/islemler/ankara/cankaya,ankara_district,KEEP,200,true,561,0.1182,0.8818,0.1414,https://www.ankaraakifnakliyat.com/islemler/ankara/evren,false,false,false,30,37,Çankaya Nakliyat | Çankaya Evden Eve | Akif Nakliyat,Ankara Çankaya NAKLİYAT,https://www.ankaraakifnakliyat.com/islemler/ankara/cankaya/,UNKNOWN,UNKNOWN,UNKNOWN,UNKNOWN,UNKNOWN,false
akif,https://www.ankaraakifnakliyat.com/islemler/ankara/cubuk,ankara_district,KEEP,200,true,530,0.1258,0.8742,0.1465,https://www.ankaraakifnakliyat.com/islemler/ankara/evren,false,false,false,30,37,Çubuk Nakliyat | Çubuk Evden Eve | Akif Nakliyat,Ankara Çubuk NAKLİYAT,https://www.ankaraakifnakliyat.com/islemler/ankara/cubuk/,UNKNOWN,UNKNOWN,UNKNOWN,UNKNOWN,UNKNOWN,false
akif,https://www.ankaraakifnakliyat.com/islemler/ankara/elmadag,ankara_district,KEEP,200,true,524,0.1287,0.8713,0.1501,https://www.ankaraakifnakliyat.com/islemler/ankara/evren,false,false,false,30,37,Elmadağ Nakliyat | Elmadağ Evden Eve | Akif Nakliyat,Ankara Elmadağ NAKLİYAT,https://www.ankaraakifnakliyat.com/islemler/ankara/elmadag/,UNKNOWN,UNKNOWN,UNKNOWN,UNKNOWN,UNKNOWN,false
akif,https://www.ankaraakifnakliyat.com/islemler/ankara/etimesgut,ankara_district,KEEP,200,true,546,0.1218,0.8782,0.7054,https://www.ankaraakifnakliyat.com/islemler/ankara/evren,false,false,false,30,37,Etimesgut Nakliyat | Etimesgut Evden Eve | Akif Nakliyat,Ankara Etimesgut NAKLİYAT,https://www.ankaraakifnakliyat.com/islemler/ankara/etimesgut/,UNKNOWN,UNKNOWN,UNKNOWN,UNKNOWN,UNKNOWN,false
akif,https://www.ankaraakifnakliyat.com/islemler/ankara/evren,ankara_district,KEEP,200,true,508,0.1317,0.8683,0.7521,https://www.ankaraakifnakliyat.com/islemler/ankara/kalecik,false,false,false,30,37,Evren Nakliyat | Evren Evden Eve | Akif Nakliyat,Ankara Evren NAKLİYAT,https://www.ankaraakifnakliyat.com/islemler/ankara/evren/,UNKNOWN,UNKNOWN,UNKNOWN,UNKNOWN,UNKNOWN,false
akif,https://www.ankaraakifnakliyat.com/islemler/ankara/golbasi,ankara_district,KEEP,200,true,537,0.1240,0.8760,0.1494,https://www.ankaraakifnakliyat.com/islemler/ankara/kalecik,false,false,false,30,37,Gölbaşı Nakliyat | Gölbaşı Evden Eve | Akif Nakliyat,Ankara Gölbaşı NAKLİYAT,https://www.ankaraakifnakliyat.com/islemler/ankara/golbasi/,UNKNOWN,UNKNOWN,UNKNOWN,UNKNOWN,UNKNOWN,false
akif,https://www.ankaraakifnakliyat.com/islemler/ankara/gudul,ankara_district,KEEP,200,true,502,0.1335,0.8665,0.1542,https://www.ankaraakifnakliyat.com/islemler/ankara/haymana,false,false,false,30,37,Güdül Nakliyat | Güdül Evden Eve | Akif Nakliyat,Ankara Güdül NAKLİYAT,https://www.ankaraakifnakliyat.com/islemler/ankara/gudul/,UNKNOWN,UNKNOWN,UNKNOWN,UNKNOWN,UNKNOWN,false
akif,https://www.ankaraakifnakliyat.com/islemler/ankara/haymana,ankara_district,KEEP,200,true,516,0.1295,0.8705,0.7507,https://www.ankaraakifnakliyat.com/islemler/ankara/kalecik,false,false,false,30,37,Haymana Nakliyat | Haymana Evden Eve | Akif Nakliyat,Ankara Haymana NAKLİYAT,https://www.ankaraakifnakliyat.com/islemler/ankara/haymana/,UNKNOWN,UNKNOWN,UNKNOWN,UNKNOWN,UNKNOWN,false
akif,https://www.ankaraakifnakliyat.com/islemler/ankara/kahramankazan,ankara_district,KEEP,200,true,528,0.1263,0.8737,0.7344,https://www.ankaraakifnakliyat.com/islemler/ankara/kalecik,false,false,false,30,37,Kahramankazan Nakliyat | Kahramankazan Evden Eve | Akif Nakliyat,Ankara Kahramankazan NAKLİYAT,https://www.ankaraakifnakliyat.com/islemler/ankara/kahramankazan/,UNKNOWN,UNKNOWN,UNKNOWN,UNKNOWN,UNKNOWN,false
akif,https://www.ankaraakifnakliyat.com/islemler/ankara/kalecik,ankara_district,KEEP,200,true,502,0.1335,0.8665,0.7063,https://www.ankaraakifnakliyat.com/islemler/ankara/pursaklar,false,false,false,30,37,Kalecik Nakliyat | Kalecik Evden Eve | Akif Nakliyat,Ankara Kalecik NAKLİYAT,https://www.ankaraakifnakliyat.com/islemler/ankara/kalecik/,UNKNOWN,UNKNOWN,UNKNOWN,UNKNOWN,UNKNOWN,false
akif,https://www.ankaraakifnakliyat.com/islemler/ankara/kecioren,ankara_district,KEEP,200,true,548,0.1213,0.8787,0.1402,https://www.ankaraakifnakliyat.com/islemler/ankara/pursaklar,false,false,false,30,37,Keçiören Nakliyat | Keçiören Evden Eve | Akif Nakliyat,Ankara Keçiören NAKLİYAT,https://www.ankaraakifnakliyat.com/islemler/ankara/kecioren/,UNKNOWN,UNKNOWN,UNKNOWN,UNKNOWN,UNKNOWN,false
akif,https://www.ankaraakifnakliyat.com/islemler/ankara/kizilcahamam,ankara_district,KEEP,200,true,513,0.1317,0.8683,0.1495,https://www.ankaraakifnakliyat.com/islemler/ankara/pursaklar,false,false,false,30,37,Kızılcahamam Nakliyat | Kızılcahamam Evden Eve | Akif Nakliyat,Ankara Kızılcahamam NAKLİYAT,https://www.ankaraakifnakliyat.com/islemler/ankara/kizilcahamam/,UNKNOWN,UNKNOWN,UNKNOWN,UNKNOWN,UNKNOWN,false
akif,https://www.ankaraakifnakliyat.com/islemler/ankara/mamak,ankara_district,KEEP,200,true,547,0.1215,0.8785,0.6569,https://www.ankaraakifnakliyat.com/islemler/ankara/pursaklar,false,false,false,30,37,Mamak Nakliyat | Mamak Evden Eve | Akif Nakliyat,Ankara Mamak NAKLİYAT,https://www.ankaraakifnakliyat.com/islemler/ankara/mamak/,UNKNOWN,UNKNOWN,UNKNOWN,UNKNOWN,UNKNOWN,false
akif,https://www.ankaraakifnakliyat.com/islemler/ankara/nallihan,ankara_district,KEEP,200,true,514,0.1301,0.8699,0.1515,https://www.ankaraakifnakliyat.com/islemler/ankara/pursaklar,false,false,false,30,37,Nallıhan Nakliyat | Nallıhan Evden Eve | Akif Nakliyat,Ankara Nallıhan NAKLİYAT,https://www.ankaraakifnakliyat.com/islemler/ankara/nallihan/,UNKNOWN,UNKNOWN,UNKNOWN,UNKNOWN,UNKNOWN,false
akif,https://www.ankaraakifnakliyat.com/islemler/ankara/polatli,ankara_district,KEEP,200,true,539,0.1235,0.8360,0.1527,https://www.ankaraakifnakliyat.com/islemler/ankara/pursaklar,false,false,false,26,37,Polatlı Nakliyat | Polatlı Evden Eve | Akif Nakliyat,Ankara Polatlı NAKLİYAT,https://www.ankaraakifnakliyat.com/islemler/ankara/polatli/,UNKNOWN,UNKNOWN,UNKNOWN,UNKNOWN,UNKNOWN,false
akif,https://www.ankaraakifnakliyat.com/islemler/ankara/pursaklar,ankara_district,KEEP,200,true,535,0.1258,0.8330,0.6917,https://www.ankaraakifnakliyat.com/islemler/ankara/sincan,false,false,false,6,37,Pursaklar Nakliyat | Pursaklar Evden Eve | Akif Nakliyat,Ankara Pursaklar NAKLİYAT,https://www.ankaraakifnakliyat.com/islemler/ankara/pursaklar/,UNKNOWN,UNKNOWN,UNKNOWN,UNKNOWN,UNKNOWN,false
akif,https://www.ankaraakifnakliyat.com/islemler/ankara/sincan,ankara_district,KEEP,200,true,543,0.1225,0.8373,0.6765,https://www.ankaraakifnakliyat.com/islemler/ankara/yenimahalle,false,false,false,6,37,Sincan Nakliyat | Sincan Evden Eve | Akif Nakliyat,Ankara Sincan NAKLİYAT,https://www.ankaraakifnakliyat.com/islemler/ankara/sincan/,UNKNOWN,UNKNOWN,UNKNOWN,UNKNOWN,UNKNOWN,false
akif,https://www.ankaraakifnakliyat.com/islemler/ankara/sereflikochisar,ankara_district,KEEP,200,true,511,0.1309,0.8262,0.1562,https://www.ankaraakifnakliyat.com/islemler/ankara/yenimahalle,false,false,false,6,37,Şereflikoçhisar Nakliyat | Şereflikoçhisar Evden Eve | Akif Nakliyat,Ankara Şereflikoçhisar NAKLİYAT,https://www.ankaraakifnakliyat.com/islemler/ankara/sereflikochisar/,UNKNOWN,UNKNOWN,UNKNOWN,UNKNOWN,UNKNOWN,false
akif,https://www.ankaraakifnakliyat.com/islemler/ankara/yenimahalle,ankara_district,KEEP,200,true,550,0.1208,0.8396,0.0000,,false,false,false,6,37,Yenimahalle Nakliyat | Yenimahalle Evden Eve | Akif Nakliyat,Ankara Yenimahalle NAKLİYAT,https://www.ankaraakifnakliyat.com/islemler/ankara/yenimahalle/,UNKNOWN,UNKNOWN,UNKNOWN,UNKNOWN,UNKNOWN,false
akif,https://www.ankaraakifnakliyat.com/islemler/ankara/altindag/evden-eve-nakliyat,ankara_district_service,IMPROVE,200,true,194,0.0787,0.8146,0.2500,https://www.ankaraakifnakliyat.com/islemler/ankara/akyurt/evden-eve-nakliyat,false,false,true,29,35,Altındağ Evden Eve Nakliyat | Akif Nakliyat,Altındağ . Evden Eve Nakliyat,https://www.ankaraakifnakliyat.com/islemler/ankara/altindag/evden-eve-nakliyat/,UNKNOWN,UNKNOWN,UNKNOWN,UNKNOWN,UNKNOWN,false
akif,https://www.ankaraakifnakliyat.com/islemler/ankara/altindag/ofis-tasima,ankara_district_service,IMPROVE,200,true,180,0.0881,0.7547,0.2604,https://www.ankaraakifnakliyat.com/islemler/ankara/akyurt/ofis-tasima,false,false,true,29,35,Altındağ Ofis Taşıma | Akif Nakliyat,Altındağ . Ofis Taşıma,https://www.ankaraakifnakliyat.com/islemler/ankara/altindag/ofis-tasima/,UNKNOWN,UNKNOWN,UNKNOWN,UNKNOWN,UNKNOWN,false
akif,https://www.ankaraakifnakliyat.com/islemler/ankara/altindag/nakliyat-fiyatlari,ankara_district_service,IMPROVE,200,true,200,0.0782,0.7542,0.3073,https://www.ankaraakifnakliyat.com/islemler/ankara/akyurt/nakliyat-fiyatlari,false,false,true,28,35,Altındağ Nakliyat Fiyatları | Akif Nakliyat,Altındağ . Nakliyat Fiyatları,https://www.ankaraakifnakliyat.com/islemler/ankara/altindag/nakliyat-fiyatlari/,UNKNOWN,UNKNOWN,UNKNOWN,UNKNOWN,UNKNOWN,false
akif,https://www.ankaraakifnakliyat.com/islemler/ankara/altindag/asansorlu-tasima,ankara_district_service,IMPROVE,200,true,159,0.1022,0.5109,0.4326,https://www.ankaraakifnakliyat.com/islemler/ankara/akyurt/asansorlu-tasima,false,false,true,29,35,Altındağ Asansörlü Taşımacılık | Akif Nakliyat,Altındağ . Asansörlü Taşımacılık,https://www.ankaraakifnakliyat.com/islemler/ankara/altindag/asansorlu-tasima/,UNKNOWN,UNKNOWN,UNKNOWN,UNKNOWN,UNKNOWN,false
akif,https://www.ankaraakifnakliyat.com/islemler/ankara/altindag/sehirler-arasi-nakliyat,ankara_district_service,IMPROVE,200,true,167,0.0927,0.6490,0.4372,https://www.ankaraakifnakliyat.com/islemler/ankara/akyurt/sehirler-arasi-nakliyat,false,false,true,29,35,Altındağ Şehirler Arası Nakliyat | Akif Nakliyat,Altındağ . Şehirler Arası Nakliyat,https://www.ankaraakifnakliyat.com/islemler/ankara/altindag/sehirler-arasi-nakliyat/,UNKNOWN,UNKNOWN,UNKNOWN,UNKNOWN,UNKNOWN,false
akif,https://www.ankaraakifnakliyat.com/islemler/ankara/akyurt/evden-eve-nakliyat,ankara_district_service,MANUAL_REVIEW,200,true,194,0.0787,0.8146,0.9145,https://www.ankaraakifnakliyat.com/islemler/ankara/haymana/evden-eve-nakliyat,true,false,true,29,35,Akyurt Evden Eve Nakliyat | Akif Nakliyat,Akyurt . Evden Eve Nakliyat,https://www.ankaraakifnakliyat.com/islemler/ankara/akyurt/evden-eve-nakliyat/,UNKNOWN,UNKNOWN,UNKNOWN,UNKNOWN,UNKNOWN,false
akif,https://www.ankaraakifnakliyat.com/islemler/ankara/akyurt/ofis-tasima,ankara_district_service,MANUAL_REVIEW,200,true,180,0.0881,0.7547,0.9138,https://www.ankaraakifnakliyat.com/islemler/ankara/haymana/ofis-tasima,true,false,true,29,35,Akyurt Ofis Taşıma | Akif Nakliyat,Akyurt . Ofis Taşıma,https://www.ankaraakifnakliyat.com/islemler/ankara/akyurt/ofis-tasima/,UNKNOWN,UNKNOWN,UNKNOWN,UNKNOWN,UNKNOWN,false
akif,https://www.ankaraakifnakliyat.com/islemler/ankara/akyurt/nakliyat-fiyatlari,ankara_district_service,MANUAL_REVIEW,200,true,200,0.0782,0.7542,0.9270,https://www.ankaraakifnakliyat.com/islemler/ankara/haymana/nakliyat-fiyatlari,true,false,true,28,35,Akyurt Nakliyat Fiyatları | Akif Nakliyat,Akyurt . Nakliyat Fiyatları,https://www.ankaraakifnakliyat.com/islemler/ankara/akyurt/nakliyat-fiyatlari/,UNKNOWN,UNKNOWN,UNKNOWN,UNKNOWN,UNKNOWN,false
akif,https://www.ankaraakifnakliyat.com/islemler/ankara/akyurt/asansorlu-tasima,ankara_district_service,MANUAL_REVIEW,200,true,159,0.1022,0.5109,0.9206,https://www.ankaraakifnakliyat.com/islemler/ankara/haymana/asansorlu-tasima,true,false,true,29,35,Akyurt Asansörlü Taşımacılık | Akif Nakliyat,Akyurt . Asansörlü Taşımacılık,https://www.ankaraakifnakliyat.com/islemler/ankara/akyurt/asansorlu-tasima/,UNKNOWN,UNKNOWN,UNKNOWN,UNKNOWN,UNKNOWN,false
akif,https://www.ankaraakifnakliyat.com/islemler/ankara/akyurt/sehirler-arasi-nakliyat,ankara_district_service,MANUAL_REVIEW,200,true,167,0.0927,0.6490,0.9231,https://www.ankaraakifnakliyat.com/islemler/ankara/haymana/sehirler-arasi-nakliyat,true,false,true,29,35,Akyurt Şehirler Arası Nakliyat | Akif Nakliyat,Akyurt . Şehirler Arası Nakliyat,https://www.ankaraakifnakliyat.com/islemler/ankara/akyurt/sehirler-arasi-nakliyat/,UNKNOWN,UNKNOWN,UNKNOWN,UNKNOWN,UNKNOWN,false
akif,https://www.ankaraakifnakliyat.com/islemler/ankara/ayas/evden-eve-nakliyat,ankara_district_service,IMPROVE,200,true,194,0.0787,0.8146,0.2500,https://www.ankaraakifnakliyat.com/islemler/ankara/haymana/evden-eve-nakliyat,false,false,true,29,35,Ayaş Evden Eve Nakliyat | Akif Nakliyat,Ayaş . Evden Eve Nakliyat,https://www.ankaraakifnakliyat.com/islemler/ankara/ayas/evden-eve-nakliyat/,UNKNOWN,UNKNOWN,UNKNOWN,UNKNOWN,UNKNOWN,false
akif,https://www.ankaraakifnakliyat.com/islemler/ankara/ayas/ofis-tasima,ankara_district_service,IMPROVE,200,true,180,0.0881,0.7547,0.2604,https://www.ankaraakifnakliyat.com/islemler/ankara/haymana/ofis-tasima,false,false,true,29,35,Ayaş Ofis Taşıma | Akif Nakliyat,Ayaş . Ofis Taşıma,https://www.ankaraakifnakliyat.com/islemler/ankara/ayas/ofis-tasima/,UNKNOWN,UNKNOWN,UNKNOWN,UNKNOWN,UNKNOWN,false
akif,https://www.ankaraakifnakliyat.com/islemler/ankara/ayas/nakliyat-fiyatlari,ankara_district_service,IMPROVE,200,true,200,0.0782,0.7542,0.3073,https://www.ankaraakifnakliyat.com/islemler/ankara/haymana/nakliyat-fiyatlari,false,false,true,28,35,Ayaş Nakliyat Fiyatları | Akif Nakliyat,Ayaş . Nakliyat Fiyatları,https://www.ankaraakifnakliyat.com/islemler/ankara/ayas/nakliyat-fiyatlari/,UNKNOWN,UNKNOWN,UNKNOWN,UNKNOWN,UNKNOWN,false
akif,https://www.ankaraakifnakliyat.com/islemler/ankara/ayas/asansorlu-tasima,ankara_district_service,IMPROVE,200,true,159,0.1022,0.5109,0.4326,https://www.ankaraakifnakliyat.com/islemler/ankara/haymana/asansorlu-tasima,false,false,true,29,35,Ayaş Asansörlü Taşımacılık | Akif Nakliyat,Ayaş . Asansörlü Taşımacılık,https://www.ankaraakifnakliyat.com/islemler/ankara/ayas/asansorlu-tasima/,UNKNOWN,UNKNOWN,UNKNOWN,UNKNOWN,UNKNOWN,false
akif,https://www.ankaraakifnakliyat.com/islemler/ankara/ayas/sehirler-arasi-nakliyat,ankara_district_service,IMPROVE,200,true,167,0.0927,0.6490,0.4293,https://www.ankaraakifnakliyat.com/islemler/ankara/haymana/sehirler-arasi-nakliyat,false,false,true,29,35,Ayaş Şehirler Arası Nakliyat | Akif Nakliyat,Ayaş . Şehirler Arası Nakliyat,https://www.ankaraakifnakliyat.com/islemler/ankara/ayas/sehirler-arasi-nakliyat/,UNKNOWN,UNKNOWN,UNKNOWN,UNKNOWN,UNKNOWN,false
akif,https://www.ankaraakifnakliyat.com/islemler/ankara/bala/evden-eve-nakliyat,ankara_district_service,IMPROVE,200,true,194,0.0787,0.8146,0.2500,https://www.ankaraakifnakliyat.com/islemler/ankara/haymana/evden-eve-nakliyat,false,false,true,29,35,Balâ Evden Eve Nakliyat | Akif Nakliyat,Balâ . Evden Eve Nakliyat,https://www.ankaraakifnakliyat.com/islemler/ankara/bala/evden-eve-nakliyat/,UNKNOWN,UNKNOWN,UNKNOWN,UNKNOWN,UNKNOWN,false
akif,https://www.ankaraakifnakliyat.com/islemler/ankara/bala/ofis-tasima,ankara_district_service,IMPROVE,200,true,180,0.0881,0.7547,0.2604,https://www.ankaraakifnakliyat.com/islemler/ankara/haymana/ofis-tasima,false,false,true,29,35,Balâ Ofis Taşıma | Akif Nakliyat,Balâ . Ofis Taşıma,https://www.ankaraakifnakliyat.com/islemler/ankara/bala/ofis-tasima/,UNKNOWN,UNKNOWN,UNKNOWN,UNKNOWN,UNKNOWN,false
akif,https://www.ankaraakifnakliyat.com/islemler/ankara/bala/nakliyat-fiyatlari,ankara_district_service,IMPROVE,200,true,200,0.0782,0.7542,0.3073,https://www.ankaraakifnakliyat.com/islemler/ankara/haymana/nakliyat-fiyatlari,false,false,true,28,35,Balâ Nakliyat Fiyatları | Akif Nakliyat,Balâ . Nakliyat Fiyatları,https://www.ankaraakifnakliyat.com/islemler/ankara/bala/nakliyat-fiyatlari/,UNKNOWN,UNKNOWN,UNKNOWN,UNKNOWN,UNKNOWN,false
akif,https://www.ankaraakifnakliyat.com/islemler/ankara/bala/asansorlu-tasima,ankara_district_service,IMPROVE,200,true,159,0.1022,0.5109,0.4326,https://www.ankaraakifnakliyat.com/islemler/ankara/haymana/asansorlu-tasima,false,false,true,29,35,Balâ Asansörlü Taşımacılık | Akif Nakliyat,Balâ . Asansörlü Taşımacılık,https://www.ankaraakifnakliyat.com/islemler/ankara/bala/asansorlu-tasima/,UNKNOWN,UNKNOWN,UNKNOWN,UNKNOWN,UNKNOWN,false
akif,https://www.ankaraakifnakliyat.com/islemler/ankara/bala/sehirler-arasi-nakliyat,ankara_district_service,IMPROVE,200,true,167,0.0927,0.6490,0.4293,https://www.ankaraakifnakliyat.com/islemler/ankara/haymana/sehirler-arasi-nakliyat,false,false,true,29,35,Balâ Şehirler Arası Nakliyat | Akif Nakliyat,Balâ . Şehirler Arası Nakliyat,https://www.ankaraakifnakliyat.com/islemler/ankara/bala/sehirler-arasi-nakliyat/,UNKNOWN,UNKNOWN,UNKNOWN,UNKNOWN,UNKNOWN,false
akif,https://www.ankaraakifnakliyat.com/islemler/ankara/beypazari/evden-eve-nakliyat,ankara_district_service,IMPROVE,200,true,194,0.0787,0.8146,0.2500,https://www.ankaraakifnakliyat.com/islemler/ankara/haymana/evden-eve-nakliyat,false,false,true,29,35,Beypazarı Evden Eve Nakliyat | Akif Nakliyat,Beypazarı . Evden Eve Nakliyat,https://www.ankaraakifnakliyat.com/islemler/ankara/beypazari/evden-eve-nakliyat/,UNKNOWN,UNKNOWN,UNKNOWN,UNKNOWN,UNKNOWN,false
akif,https://www.ankaraakifnakliyat.com/islemler/ankara/beypazari/ofis-tasima,ankara_district_service,IMPROVE,200,true,180,0.0881,0.7547,0.2604,https://www.ankaraakifnakliyat.com/islemler/ankara/haymana/ofis-tasima,false,false,true,29,35,Beypazarı Ofis Taşıma | Akif Nakliyat,Beypazarı . Ofis Taşıma,https://www.ankaraakifnakliyat.com/islemler/ankara/beypazari/ofis-tasima/,UNKNOWN,UNKNOWN,UNKNOWN,UNKNOWN,UNKNOWN,false
akif,https://www.ankaraakifnakliyat.com/islemler/ankara/beypazari/nakliyat-fiyatlari,ankara_district_service,IMPROVE,200,true,200,0.0782,0.7542,0.3073,https://www.ankaraakifnakliyat.com/islemler/ankara/haymana/nakliyat-fiyatlari,false,false,true,28,35,Beypazarı Nakliyat Fiyatları | Akif Nakliyat,Beypazarı . Nakliyat Fiyatları,https://www.ankaraakifnakliyat.com/islemler/ankara/beypazari/nakliyat-fiyatlari/,UNKNOWN,UNKNOWN,UNKNOWN,UNKNOWN,UNKNOWN,false
akif,https://www.ankaraakifnakliyat.com/islemler/ankara/beypazari/asansorlu-tasima,ankara_district_service,IMPROVE,200,true,159,0.1022,0.5109,0.4326,https://www.ankaraakifnakliyat.com/islemler/ankara/haymana/asansorlu-tasima,false,false,true,29,35,Beypazarı Asansörlü Taşımacılık | Akif Nakliyat,Beypazarı . Asansörlü Taşımacılık,https://www.ankaraakifnakliyat.com/islemler/ankara/beypazari/asansorlu-tasima/,UNKNOWN,UNKNOWN,UNKNOWN,UNKNOWN,UNKNOWN,false
akif,https://www.ankaraakifnakliyat.com/islemler/ankara/beypazari/sehirler-arasi-nakliyat,ankara_district_service,IMPROVE,200,true,167,0.0927,0.6490,0.4293,https://www.ankaraakifnakliyat.com/islemler/ankara/haymana/sehirler-arasi-nakliyat,false,false,true,29,35,Beypazarı Şehirler Arası Nakliyat | Akif Nakliyat,Beypazarı . Şehirler Arası Nakliyat,https://www.ankaraakifnakliyat.com/islemler/ankara/beypazari/sehirler-arasi-nakliyat/,UNKNOWN,UNKNOWN,UNKNOWN,UNKNOWN,UNKNOWN,false
akif,https://www.ankaraakifnakliyat.com/islemler/ankara/camlidere/evden-eve-nakliyat,ankara_district_service,IMPROVE,200,true,194,0.0787,0.8146,0.2500,https://www.ankaraakifnakliyat.com/islemler/ankara/haymana/evden-eve-nakliyat,false,false,true,29,35,Çamlıdere Evden Eve Nakliyat | Akif Nakliyat,Çamlıdere . Evden Eve Nakliyat,https://www.ankaraakifnakliyat.com/islemler/ankara/camlidere/evden-eve-nakliyat/,UNKNOWN,UNKNOWN,UNKNOWN,UNKNOWN,UNKNOWN,false
akif,https://www.ankaraakifnakliyat.com/islemler/ankara/camlidere/ofis-tasima,ankara_district_service,IMPROVE,200,true,180,0.0881,0.7547,0.2604,https://www.ankaraakifnakliyat.com/islemler/ankara/haymana/ofis-tasima,false,false,true,29,35,Çamlıdere Ofis Taşıma | Akif Nakliyat,Çamlıdere . Ofis Taşıma,https://www.ankaraakifnakliyat.com/islemler/ankara/camlidere/ofis-tasima/,UNKNOWN,UNKNOWN,UNKNOWN,UNKNOWN,UNKNOWN,false
akif,https://www.ankaraakifnakliyat.com/islemler/ankara/camlidere/nakliyat-fiyatlari,ankara_district_service,IMPROVE,200,true,200,0.0782,0.7542,0.3073,https://www.ankaraakifnakliyat.com/islemler/ankara/haymana/nakliyat-fiyatlari,false,false,true,28,35,Çamlıdere Nakliyat Fiyatları | Akif Nakliyat,Çamlıdere . Nakliyat Fiyatları,https://www.ankaraakifnakliyat.com/islemler/ankara/camlidere/nakliyat-fiyatlari/,UNKNOWN,UNKNOWN,UNKNOWN,UNKNOWN,UNKNOWN,false
akif,https://www.ankaraakifnakliyat.com/islemler/ankara/camlidere/asansorlu-tasima,ankara_district_service,IMPROVE,200,true,159,0.1022,0.5109,0.4326,https://www.ankaraakifnakliyat.com/islemler/ankara/haymana/asansorlu-tasima,false,false,true,29,35,Çamlıdere Asansörlü Taşımacılık | Akif Nakliyat,Çamlıdere . Asansörlü Taşımacılık,https://www.ankaraakifnakliyat.com/islemler/ankara/camlidere/asansorlu-tasima/,UNKNOWN,UNKNOWN,UNKNOWN,UNKNOWN,UNKNOWN,false
akif,https://www.ankaraakifnakliyat.com/islemler/ankara/camlidere/sehirler-arasi-nakliyat,ankara_district_service,IMPROVE,200,true,167,0.0927,0.6490,0.4293,https://www.ankaraakifnakliyat.com/islemler/ankara/haymana/sehirler-arasi-nakliyat,false,false,true,29,35,Çamlıdere Şehirler Arası Nakliyat | Akif Nakliyat,Çamlıdere . Şehirler Arası Nakliyat,https://www.ankaraakifnakliyat.com/islemler/ankara/camlidere/sehirler-arasi-nakliyat/,UNKNOWN,UNKNOWN,UNKNOWN,UNKNOWN,UNKNOWN,false
akif,https://www.ankaraakifnakliyat.com/islemler/ankara/cankaya/evden-eve-nakliyat,ankara_district_service,IMPROVE,200,true,194,0.0787,0.8146,0.2500,https://www.ankaraakifnakliyat.com/islemler/ankara/haymana/evden-eve-nakliyat,false,false,true,29,36,Çankaya Evden Eve Nakliyat | Akif Nakliyat,Çankaya . Evden Eve Nakliyat,https://www.ankaraakifnakliyat.com/islemler/ankara/cankaya/evden-eve-nakliyat/,UNKNOWN,UNKNOWN,UNKNOWN,UNKNOWN,UNKNOWN,false
akif,https://www.ankaraakifnakliyat.com/islemler/ankara/cankaya/ofis-tasima,ankara_district_service,IMPROVE,200,true,180,0.0881,0.7547,0.2604,https://www.ankaraakifnakliyat.com/islemler/ankara/haymana/ofis-tasima,false,false,true,29,36,Çankaya Ofis Taşıma | Akif Nakliyat,Çankaya . Ofis Taşıma,https://www.ankaraakifnakliyat.com/islemler/ankara/cankaya/ofis-tasima/,UNKNOWN,UNKNOWN,UNKNOWN,UNKNOWN,UNKNOWN,false
akif,https://www.ankaraakifnakliyat.com/islemler/ankara/cankaya/nakliyat-fiyatlari,ankara_district_service,IMPROVE,200,true,200,0.0782,0.7542,0.3073,https://www.ankaraakifnakliyat.com/islemler/ankara/haymana/nakliyat-fiyatlari,false,false,true,28,36,Çankaya Nakliyat Fiyatları | Akif Nakliyat,Çankaya . Nakliyat Fiyatları,https://www.ankaraakifnakliyat.com/islemler/ankara/cankaya/nakliyat-fiyatlari/,UNKNOWN,UNKNOWN,UNKNOWN,UNKNOWN,UNKNOWN,false
akif,https://www.ankaraakifnakliyat.com/islemler/ankara/cankaya/asansorlu-tasima,ankara_district_service,IMPROVE,200,true,159,0.1022,0.5109,0.4326,https://www.ankaraakifnakliyat.com/islemler/ankara/haymana/asansorlu-tasima,false,false,true,29,36,Çankaya Asansörlü Taşımacılık | Akif Nakliyat,Çankaya . Asansörlü Taşımacılık,https://www.ankaraakifnakliyat.com/islemler/ankara/cankaya/asansorlu-tasima/,UNKNOWN,UNKNOWN,UNKNOWN,UNKNOWN,UNKNOWN,false
akif,https://www.ankaraakifnakliyat.com/islemler/ankara/cankaya/sehirler-arasi-nakliyat,ankara_district_service,IMPROVE,200,true,167,0.0927,0.6490,0.4293,https://www.ankaraakifnakliyat.com/islemler/ankara/haymana/sehirler-arasi-nakliyat,false,false,true,29,36,Çankaya Şehirler Arası Nakliyat | Akif Nakliyat,Çankaya . Şehirler Arası Nakliyat,https://www.ankaraakifnakliyat.com/islemler/ankara/cankaya/sehirler-arasi-nakliyat/,UNKNOWN,UNKNOWN,UNKNOWN,UNKNOWN,UNKNOWN,false
akif,https://www.ankaraakifnakliyat.com/islemler/ankara/cubuk/evden-eve-nakliyat,ankara_district_service,IMPROVE,200,true,194,0.0787,0.8146,0.2500,https://www.ankaraakifnakliyat.com/islemler/ankara/etimesgut/evden-eve-nakliyat,false,false,true,29,36,Çubuk Evden Eve Nakliyat | Akif Nakliyat,Çubuk . Evden Eve Nakliyat,https://www.ankaraakifnakliyat.com/islemler/ankara/cubuk/evden-eve-nakliyat/,UNKNOWN,UNKNOWN,UNKNOWN,UNKNOWN,UNKNOWN,false
akif,https://www.ankaraakifnakliyat.com/islemler/ankara/cubuk/ofis-tasima,ankara_district_service,IMPROVE,200,true,180,0.0881,0.7547,0.2604,https://www.ankaraakifnakliyat.com/islemler/ankara/etimesgut/ofis-tasima,false,false,true,29,36,Çubuk Ofis Taşıma | Akif Nakliyat,Çubuk . Ofis Taşıma,https://www.ankaraakifnakliyat.com/islemler/ankara/cubuk/ofis-tasima/,UNKNOWN,UNKNOWN,UNKNOWN,UNKNOWN,UNKNOWN,false
akif,https://www.ankaraakifnakliyat.com/islemler/ankara/cubuk/nakliyat-fiyatlari,ankara_district_service,IMPROVE,200,true,200,0.0782,0.7542,0.3073,https://www.ankaraakifnakliyat.com/islemler/ankara/etimesgut/nakliyat-fiyatlari,false,false,true,28,36,Çubuk Nakliyat Fiyatları | Akif Nakliyat,Çubuk . Nakliyat Fiyatları,https://www.ankaraakifnakliyat.com/islemler/ankara/cubuk/nakliyat-fiyatlari/,UNKNOWN,UNKNOWN,UNKNOWN,UNKNOWN,UNKNOWN,false
akif,https://www.ankaraakifnakliyat.com/islemler/ankara/cubuk/asansorlu-tasima,ankara_district_service,IMPROVE,200,true,159,0.1022,0.5109,0.4326,https://www.ankaraakifnakliyat.com/islemler/ankara/etimesgut/asansorlu-tasima,false,false,true,29,36,Çubuk Asansörlü Taşımacılık | Akif Nakliyat,Çubuk . Asansörlü Taşımacılık,https://www.ankaraakifnakliyat.com/islemler/ankara/cubuk/asansorlu-tasima/,UNKNOWN,UNKNOWN,UNKNOWN,UNKNOWN,UNKNOWN,false
akif,https://www.ankaraakifnakliyat.com/islemler/ankara/cubuk/sehirler-arasi-nakliyat,ankara_district_service,IMPROVE,200,true,167,0.0927,0.6490,0.4293,https://www.ankaraakifnakliyat.com/islemler/ankara/etimesgut/sehirler-arasi-nakliyat,false,false,true,29,36,Çubuk Şehirler Arası Nakliyat | Akif Nakliyat,Çubuk . Şehirler Arası Nakliyat,https://www.ankaraakifnakliyat.com/islemler/ankara/cubuk/sehirler-arasi-nakliyat/,UNKNOWN,UNKNOWN,UNKNOWN,UNKNOWN,UNKNOWN,false
akif,https://www.ankaraakifnakliyat.com/islemler/ankara/elmadag/evden-eve-nakliyat,ankara_district_service,IMPROVE,200,true,194,0.0787,0.8146,0.2564,https://www.ankaraakifnakliyat.com/islemler/ankara/etimesgut/evden-eve-nakliyat,false,false,true,29,36,Elmadağ Evden Eve Nakliyat | Akif Nakliyat,Elmadağ . Evden Eve Nakliyat,https://www.ankaraakifnakliyat.com/islemler/ankara/elmadag/evden-eve-nakliyat/,UNKNOWN,UNKNOWN,UNKNOWN,UNKNOWN,UNKNOWN,false
akif,https://www.ankaraakifnakliyat.com/islemler/ankara/elmadag/ofis-tasima,ankara_district_service,IMPROVE,200,true,180,0.0881,0.7547,0.2670,https://www.ankaraakifnakliyat.com/islemler/ankara/etimesgut/ofis-tasima,false,false,true,29,36,Elmadağ Ofis Taşıma | Akif Nakliyat,Elmadağ . Ofis Taşıma,https://www.ankaraakifnakliyat.com/islemler/ankara/elmadag/ofis-tasima/,UNKNOWN,UNKNOWN,UNKNOWN,UNKNOWN,UNKNOWN,false
akif,https://www.ankaraakifnakliyat.com/islemler/ankara/elmadag/nakliyat-fiyatlari,ankara_district_service,IMPROVE,200,true,200,0.0782,0.7542,0.3134,https://www.ankaraakifnakliyat.com/islemler/ankara/etimesgut/nakliyat-fiyatlari,false,false,true,28,36,Elmadağ Nakliyat Fiyatları | Akif Nakliyat,Elmadağ . Nakliyat Fiyatları,https://www.ankaraakifnakliyat.com/islemler/ankara/elmadag/nakliyat-fiyatlari/,UNKNOWN,UNKNOWN,UNKNOWN,UNKNOWN,UNKNOWN,false
akif,https://www.ankaraakifnakliyat.com/islemler/ankara/elmadag/asansorlu-tasima,ankara_district_service,IMPROVE,200,true,159,0.1022,0.5109,0.4407,https://www.ankaraakifnakliyat.com/islemler/ankara/etimesgut/asansorlu-tasima,false,false,true,29,36,Elmadağ Asansörlü Taşımacılık | Akif Nakliyat,Elmadağ . Asansörlü Taşımacılık,https://www.ankaraakifnakliyat.com/islemler/ankara/elmadag/asansorlu-tasima/,UNKNOWN,UNKNOWN,UNKNOWN,UNKNOWN,UNKNOWN,false
akif,https://www.ankaraakifnakliyat.com/islemler/ankara/elmadag/sehirler-arasi-nakliyat,ankara_district_service,IMPROVE,200,true,167,0.0927,0.6490,0.4372,https://www.ankaraakifnakliyat.com/islemler/ankara/etimesgut/sehirler-arasi-nakliyat,false,false,true,29,36,Elmadağ Şehirler Arası Nakliyat | Akif Nakliyat,Elmadağ . Şehirler Arası Nakliyat,https://www.ankaraakifnakliyat.com/islemler/ankara/elmadag/sehirler-arasi-nakliyat/,UNKNOWN,UNKNOWN,UNKNOWN,UNKNOWN,UNKNOWN,false
akif,https://www.ankaraakifnakliyat.com/islemler/ankara/etimesgut/evden-eve-nakliyat,ankara_district_service,MERGE,200,true,194,0.0787,0.8146,0.9478,https://www.ankaraakifnakliyat.com/islemler/ankara/evren/evden-eve-nakliyat,true,true,true,29,36,Etimesgut Evden Eve Nakliyat | Akif Nakliyat,Etimesgut . Evden Eve Nakliyat,https://www.ankaraakifnakliyat.com/islemler/ankara/etimesgut/evden-eve-nakliyat/,UNKNOWN,UNKNOWN,UNKNOWN,UNKNOWN,UNKNOWN,false
akif,https://www.ankaraakifnakliyat.com/islemler/ankara/etimesgut/ofis-tasima,ankara_district_service,MERGE,200,true,180,0.0881,0.7547,0.9474,https://www.ankaraakifnakliyat.com/islemler/ankara/evren/ofis-tasima,true,true,true,29,36,Etimesgut Ofis Taşıma | Akif Nakliyat,Etimesgut . Ofis Taşıma,https://www.ankaraakifnakliyat.com/islemler/ankara/etimesgut/ofis-tasima/,UNKNOWN,UNKNOWN,UNKNOWN,UNKNOWN,UNKNOWN,false
akif,https://www.ankaraakifnakliyat.com/islemler/ankara/etimesgut/nakliyat-fiyatlari,ankara_district_service,MERGE,200,true,200,0.0782,0.7542,0.9556,https://www.ankaraakifnakliyat.com/islemler/ankara/evren/nakliyat-fiyatlari,true,true,true,28,36,Etimesgut Nakliyat Fiyatları | Akif Nakliyat,Etimesgut . Nakliyat Fiyatları,https://www.ankaraakifnakliyat.com/islemler/ankara/etimesgut/nakliyat-fiyatlari/,UNKNOWN,UNKNOWN,UNKNOWN,UNKNOWN,UNKNOWN,false
akif,https://www.ankaraakifnakliyat.com/islemler/ankara/etimesgut/asansorlu-tasima,ankara_district_service,MERGE,200,true,159,0.1022,0.5109,0.9516,https://www.ankaraakifnakliyat.com/islemler/ankara/evren/asansorlu-tasima,true,true,true,29,36,Etimesgut Asansörlü Taşımacılık | Akif Nakliyat,Etimesgut . Asansörlü Taşımacılık,https://www.ankaraakifnakliyat.com/islemler/ankara/etimesgut/asansorlu-tasima/,UNKNOWN,UNKNOWN,UNKNOWN,UNKNOWN,UNKNOWN,false
akif,https://www.ankaraakifnakliyat.com/islemler/ankara/etimesgut/sehirler-arasi-nakliyat,ankara_district_service,MERGE,200,true,167,0.0927,0.6490,0.9531,https://www.ankaraakifnakliyat.com/islemler/ankara/evren/sehirler-arasi-nakliyat,true,true,true,29,36,Etimesgut Şehirler Arası Nakliyat | Akif Nakliyat,Etimesgut . Şehirler Arası Nakliyat,https://www.ankaraakifnakliyat.com/islemler/ankara/etimesgut/sehirler-arasi-nakliyat/,UNKNOWN,UNKNOWN,UNKNOWN,UNKNOWN,UNKNOWN,false
akif,https://www.ankaraakifnakliyat.com/islemler/ankara/evren/evden-eve-nakliyat,ankara_district_service,MERGE,200,true,194,0.0787,0.8146,0.9649,https://www.ankaraakifnakliyat.com/islemler/ankara/haymana/evden-eve-nakliyat,true,true,true,29,36,Evren Evden Eve Nakliyat | Akif Nakliyat,Evren . Evden Eve Nakliyat,https://www.ankaraakifnakliyat.com/islemler/ankara/evren/evden-eve-nakliyat/,UNKNOWN,UNKNOWN,UNKNOWN,UNKNOWN,UNKNOWN,false
akif,https://www.ankaraakifnakliyat.com/islemler/ankara/evren/ofis-tasima,ankara_district_service,MERGE,200,true,180,0.0881,0.7547,0.9646,https://www.ankaraakifnakliyat.com/islemler/ankara/haymana/ofis-tasima,true,true,true,29,36,Evren Ofis Taşıma | Akif Nakliyat,Evren . Ofis Taşıma,https://www.ankaraakifnakliyat.com/islemler/ankara/evren/ofis-tasima/,UNKNOWN,UNKNOWN,UNKNOWN,UNKNOWN,UNKNOWN,false
akif,https://www.ankaraakifnakliyat.com/islemler/ankara/evren/nakliyat-fiyatlari,ankara_district_service,MERGE,200,true,200,0.0782,0.7542,0.9701,https://www.ankaraakifnakliyat.com/islemler/ankara/haymana/nakliyat-fiyatlari,true,true,true,28,36,Evren Nakliyat Fiyatları | Akif Nakliyat,Evren . Nakliyat Fiyatları,https://www.ankaraakifnakliyat.com/islemler/ankara/evren/nakliyat-fiyatlari/,UNKNOWN,UNKNOWN,UNKNOWN,UNKNOWN,UNKNOWN,false
akif,https://www.ankaraakifnakliyat.com/islemler/ankara/evren/asansorlu-tasima,ankara_district_service,MERGE,200,true,159,0.1022,0.5109,0.9675,https://www.ankaraakifnakliyat.com/islemler/ankara/haymana/asansorlu-tasima,true,true,true,29,36,Evren Asansörlü Taşımacılık | Akif Nakliyat,Evren . Asansörlü Taşımacılık,https://www.ankaraakifnakliyat.com/islemler/ankara/evren/asansorlu-tasima/,UNKNOWN,UNKNOWN,UNKNOWN,UNKNOWN,UNKNOWN,false
akif,https://www.ankaraakifnakliyat.com/islemler/ankara/evren/sehirler-arasi-nakliyat,ankara_district_service,MERGE,200,true,167,0.0927,0.6490,0.9685,https://www.ankaraakifnakliyat.com/islemler/ankara/haymana/sehirler-arasi-nakliyat,true,true,true,29,36,Evren Şehirler Arası Nakliyat | Akif Nakliyat,Evren . Şehirler Arası Nakliyat,https://www.ankaraakifnakliyat.com/islemler/ankara/evren/sehirler-arasi-nakliyat/,UNKNOWN,UNKNOWN,UNKNOWN,UNKNOWN,UNKNOWN,false
akif,https://www.ankaraakifnakliyat.com/islemler/ankara/golbasi/evden-eve-nakliyat,ankara_district_service,IMPROVE,200,true,194,0.0787,0.8146,0.2760,https://www.ankaraakifnakliyat.com/islemler/ankara/haymana/evden-eve-nakliyat,false,false,true,29,36,Gölbaşı Evden Eve Nakliyat | Akif Nakliyat,Gölbaşı . Evden Eve Nakliyat,https://www.ankaraakifnakliyat.com/islemler/ankara/golbasi/evden-eve-nakliyat/,UNKNOWN,UNKNOWN,UNKNOWN,UNKNOWN,UNKNOWN,false
akif,https://www.ankaraakifnakliyat.com/islemler/ankara/golbasi/ofis-tasima,ankara_district_service,IMPROVE,200,true,180,0.0881,0.7547,0.2872,https://www.ankaraakifnakliyat.com/islemler/ankara/haymana/ofis-tasima,false,false,true,29,36,Gölbaşı Ofis Taşıma | Akif Nakliyat,Gölbaşı . Ofis Taşıma,https://www.ankaraakifnakliyat.com/islemler/ankara/golbasi/ofis-tasima/,UNKNOWN,UNKNOWN,UNKNOWN,UNKNOWN,UNKNOWN,false
akif,https://www.ankaraakifnakliyat.com/islemler/ankara/golbasi/nakliyat-fiyatlari,ankara_district_service,IMPROVE,200,true,200,0.0782,0.7542,0.3318,https://www.ankaraakifnakliyat.com/islemler/ankara/haymana/nakliyat-fiyatlari,false,false,true,28,36,Gölbaşı Nakliyat Fiyatları | Akif Nakliyat,Gölbaşı . Nakliyat Fiyatları,https://www.ankaraakifnakliyat.com/islemler/ankara/golbasi/nakliyat-fiyatlari/,UNKNOWN,UNKNOWN,UNKNOWN,UNKNOWN,UNKNOWN,false
akif,https://www.ankaraakifnakliyat.com/islemler/ankara/golbasi/asansorlu-tasima,ankara_district_service,IMPROVE,200,true,159,0.1022,0.5109,0.4655,https://www.ankaraakifnakliyat.com/islemler/ankara/haymana/asansorlu-tasima,false,false,true,29,36,Gölbaşı Asansörlü Taşımacılık | Akif Nakliyat,Gölbaşı . Asansörlü Taşımacılık,https://www.ankaraakifnakliyat.com/islemler/ankara/golbasi/asansorlu-tasima/,UNKNOWN,UNKNOWN,UNKNOWN,UNKNOWN,UNKNOWN,false
akif,https://www.ankaraakifnakliyat.com/islemler/ankara/golbasi/sehirler-arasi-nakliyat,ankara_district_service,IMPROVE,200,true,167,0.0927,0.6490,0.4611,https://www.ankaraakifnakliyat.com/islemler/ankara/haymana/sehirler-arasi-nakliyat,false,false,true,29,36,Gölbaşı Şehirler Arası Nakliyat | Akif Nakliyat,Gölbaşı . Şehirler Arası Nakliyat,https://www.ankaraakifnakliyat.com/islemler/ankara/golbasi/sehirler-arasi-nakliyat/,UNKNOWN,UNKNOWN,UNKNOWN,UNKNOWN,UNKNOWN,false
akif,https://www.ankaraakifnakliyat.com/islemler/ankara/gudul/evden-eve-nakliyat,ankara_district_service,IMPROVE,200,true,194,0.0787,0.8146,0.2827,https://www.ankaraakifnakliyat.com/islemler/ankara/haymana/evden-eve-nakliyat,false,false,true,17,36,Güdül Evden Eve Nakliyat | Akif Nakliyat,Güdül . Evden Eve Nakliyat,https://www.ankaraakifnakliyat.com/islemler/ankara/gudul/evden-eve-nakliyat/,UNKNOWN,UNKNOWN,UNKNOWN,UNKNOWN,UNKNOWN,false
akif,https://www.ankaraakifnakliyat.com/islemler/ankara/gudul/ofis-tasima,ankara_district_service,IMPROVE,200,true,180,0.0881,0.7547,0.2941,https://www.ankaraakifnakliyat.com/islemler/ankara/haymana/ofis-tasima,false,false,true,17,36,Güdül Ofis Taşıma | Akif Nakliyat,Güdül . Ofis Taşıma,https://www.ankaraakifnakliyat.com/islemler/ankara/gudul/ofis-tasima/,UNKNOWN,UNKNOWN,UNKNOWN,UNKNOWN,UNKNOWN,false
akif,https://www.ankaraakifnakliyat.com/islemler/ankara/gudul/nakliyat-fiyatlari,ankara_district_service,IMPROVE,200,true,200,0.0782,0.7542,0.3380,https://www.ankaraakifnakliyat.com/islemler/ankara/haymana/nakliyat-fiyatlari,false,false,true,16,36,Güdül Nakliyat Fiyatları | Akif Nakliyat,Güdül . Nakliyat Fiyatları,https://www.ankaraakifnakliyat.com/islemler/ankara/gudul/nakliyat-fiyatlari/,UNKNOWN,UNKNOWN,UNKNOWN,UNKNOWN,UNKNOWN,false
akif,https://www.ankaraakifnakliyat.com/islemler/ankara/gudul/asansorlu-tasima,ankara_district_service,IMPROVE,200,true,159,0.1022,0.5109,0.4740,https://www.ankaraakifnakliyat.com/islemler/ankara/haymana/asansorlu-tasima,false,false,true,17,36,Güdül Asansörlü Taşımacılık | Akif Nakliyat,Güdül . Asansörlü Taşımacılık,https://www.ankaraakifnakliyat.com/islemler/ankara/gudul/asansorlu-tasima/,UNKNOWN,UNKNOWN,UNKNOWN,UNKNOWN,UNKNOWN,false
akif,https://www.ankaraakifnakliyat.com/islemler/ankara/gudul/sehirler-arasi-nakliyat,ankara_district_service,IMPROVE,200,true,167,0.0927,0.6490,0.4693,https://www.ankaraakifnakliyat.com/islemler/ankara/haymana/sehirler-arasi-nakliyat,false,false,true,17,36,Güdül Şehirler Arası Nakliyat | Akif Nakliyat,Güdül . Şehirler Arası Nakliyat,https://www.ankaraakifnakliyat.com/islemler/ankara/gudul/sehirler-arasi-nakliyat/,UNKNOWN,UNKNOWN,UNKNOWN,UNKNOWN,UNKNOWN,false
akif,https://www.ankaraakifnakliyat.com/islemler/ankara/haymana/evden-eve-nakliyat,ankara_district_service,MERGE,200,true,194,0.0787,0.8146,1.0000,https://www.ankaraakifnakliyat.com/islemler/ankara/kahramankazan/evden-eve-nakliyat,true,true,true,5,36,Haymana Evden Eve Nakliyat | Akif Nakliyat,Haymana . Evden Eve Nakliyat,https://www.ankaraakifnakliyat.com/islemler/ankara/haymana/evden-eve-nakliyat/,UNKNOWN,UNKNOWN,UNKNOWN,UNKNOWN,UNKNOWN,false
akif,https://www.ankaraakifnakliyat.com/islemler/ankara/haymana/ofis-tasima,ankara_district_service,MERGE,200,true,180,0.0881,0.7547,1.0000,https://www.ankaraakifnakliyat.com/islemler/ankara/kahramankazan/ofis-tasima,true,true,true,5,36,Haymana Ofis Taşıma | Akif Nakliyat,Haymana . Ofis Taşıma,https://www.ankaraakifnakliyat.com/islemler/ankara/haymana/ofis-tasima/,UNKNOWN,UNKNOWN,UNKNOWN,UNKNOWN,UNKNOWN,false
akif,https://www.ankaraakifnakliyat.com/islemler/ankara/haymana/nakliyat-fiyatlari,ankara_district_service,MERGE,200,true,200,0.0782,0.7542,1.0000,https://www.ankaraakifnakliyat.com/islemler/ankara/kahramankazan/nakliyat-fiyatlari,true,true,true,4,36,Haymana Nakliyat Fiyatları | Akif Nakliyat,Haymana . Nakliyat Fiyatları,https://www.ankaraakifnakliyat.com/islemler/ankara/haymana/nakliyat-fiyatlari/,UNKNOWN,UNKNOWN,UNKNOWN,UNKNOWN,UNKNOWN,false
akif,https://www.ankaraakifnakliyat.com/islemler/ankara/haymana/asansorlu-tasima,ankara_district_service,MERGE,200,true,159,0.1022,0.5109,1.0000,https://www.ankaraakifnakliyat.com/islemler/ankara/kahramankazan/asansorlu-tasima,true,true,true,5,36,Haymana Asansörlü Taşımacılık | Akif Nakliyat,Haymana . Asansörlü Taşımacılık,https://www.ankaraakifnakliyat.com/islemler/ankara/haymana/asansorlu-tasima/,UNKNOWN,UNKNOWN,UNKNOWN,UNKNOWN,UNKNOWN,false
akif,https://www.ankaraakifnakliyat.com/islemler/ankara/haymana/sehirler-arasi-nakliyat,ankara_district_service,MERGE,200,true,167,0.0927,0.6490,1.0000,https://www.ankaraakifnakliyat.com/islemler/ankara/kahramankazan/sehirler-arasi-nakliyat,true,true,true,5,36,Haymana Şehirler Arası Nakliyat | Akif Nakliyat,Haymana . Şehirler Arası Nakliyat,https://www.ankaraakifnakliyat.com/islemler/ankara/haymana/sehirler-arasi-nakliyat/,UNKNOWN,UNKNOWN,UNKNOWN,UNKNOWN,UNKNOWN,false
akif,https://www.ankaraakifnakliyat.com/islemler/ankara/kahramankazan/evden-eve-nakliyat,ankara_district_service,MERGE,200,true,194,0.0787,0.8146,1.0000,https://www.ankaraakifnakliyat.com/islemler/ankara/kalecik/evden-eve-nakliyat,true,true,true,5,36,Kahramankazan Evden Eve Nakliyat | Akif Nakliyat,Kahramankazan . Evden Eve Nakliyat,https://www.ankaraakifnakliyat.com/islemler/ankara/kahramankazan/evden-eve-nakliyat/,UNKNOWN,UNKNOWN,UNKNOWN,UNKNOWN,UNKNOWN,false
akif,https://www.ankaraakifnakliyat.com/islemler/ankara/kahramankazan/ofis-tasima,ankara_district_service,MERGE,200,true,180,0.0881,0.7547,1.0000,https://www.ankaraakifnakliyat.com/islemler/ankara/kalecik/ofis-tasima,true,true,true,5,36,Kahramankazan Ofis Taşıma | Akif Nakliyat,Kahramankazan . Ofis Taşıma,https://www.ankaraakifnakliyat.com/islemler/ankara/kahramankazan/ofis-tasima/,UNKNOWN,UNKNOWN,UNKNOWN,UNKNOWN,UNKNOWN,false
akif,https://www.ankaraakifnakliyat.com/islemler/ankara/kahramankazan/nakliyat-fiyatlari,ankara_district_service,MERGE,200,true,200,0.0782,0.7542,1.0000,https://www.ankaraakifnakliyat.com/islemler/ankara/kalecik/nakliyat-fiyatlari,true,true,true,4,36,Kahramankazan Nakliyat Fiyatları | Akif Nakliyat,Kahramankazan . Nakliyat Fiyatları,https://www.ankaraakifnakliyat.com/islemler/ankara/kahramankazan/nakliyat-fiyatlari/,UNKNOWN,UNKNOWN,UNKNOWN,UNKNOWN,UNKNOWN,false
akif,https://www.ankaraakifnakliyat.com/islemler/ankara/kahramankazan/asansorlu-tasima,ankara_district_service,MERGE,200,true,159,0.1022,0.5109,1.0000,https://www.ankaraakifnakliyat.com/islemler/ankara/kalecik/asansorlu-tasima,true,true,true,5,36,Kahramankazan Asansörlü Taşımacılık | Akif Nakliyat,Kahramankazan . Asansörlü Taşımacılık,https://www.ankaraakifnakliyat.com/islemler/ankara/kahramankazan/asansorlu-tasima/,UNKNOWN,UNKNOWN,UNKNOWN,UNKNOWN,UNKNOWN,false
akif,https://www.ankaraakifnakliyat.com/islemler/ankara/kahramankazan/sehirler-arasi-nakliyat,ankara_district_service,MERGE,200,true,167,0.0927,0.6490,1.0000,https://www.ankaraakifnakliyat.com/islemler/ankara/kalecik/sehirler-arasi-nakliyat,true,true,true,5,36,Kahramankazan Şehirler Arası Nakliyat | Akif Nakliyat,Kahramankazan . Şehirler Arası Nakliyat,https://www.ankaraakifnakliyat.com/islemler/ankara/kahramankazan/sehirler-arasi-nakliyat/,UNKNOWN,UNKNOWN,UNKNOWN,UNKNOWN,UNKNOWN,false
akif,https://www.ankaraakifnakliyat.com/islemler/ankara/kalecik/evden-eve-nakliyat,ankara_district_service,MERGE,200,true,194,0.0787,0.8146,1.0000,https://www.ankaraakifnakliyat.com/islemler/ankara/mamak/evden-eve-nakliyat,true,true,true,5,36,Kalecik Evden Eve Nakliyat | Akif Nakliyat,Kalecik . Evden Eve Nakliyat,https://www.ankaraakifnakliyat.com/islemler/ankara/kalecik/evden-eve-nakliyat/,UNKNOWN,UNKNOWN,UNKNOWN,UNKNOWN,UNKNOWN,false
akif,https://www.ankaraakifnakliyat.com/islemler/ankara/kalecik/ofis-tasima,ankara_district_service,MERGE,200,true,180,0.0881,0.7547,1.0000,https://www.ankaraakifnakliyat.com/islemler/ankara/mamak/ofis-tasima,true,true,true,5,36,Kalecik Ofis Taşıma | Akif Nakliyat,Kalecik . Ofis Taşıma,https://www.ankaraakifnakliyat.com/islemler/ankara/kalecik/ofis-tasima/,UNKNOWN,UNKNOWN,UNKNOWN,UNKNOWN,UNKNOWN,false
akif,https://www.ankaraakifnakliyat.com/islemler/ankara/kalecik/nakliyat-fiyatlari,ankara_district_service,MERGE,200,true,200,0.0782,0.7542,1.0000,https://www.ankaraakifnakliyat.com/islemler/ankara/mamak/nakliyat-fiyatlari,true,true,true,4,36,Kalecik Nakliyat Fiyatları | Akif Nakliyat,Kalecik . Nakliyat Fiyatları,https://www.ankaraakifnakliyat.com/islemler/ankara/kalecik/nakliyat-fiyatlari/,UNKNOWN,UNKNOWN,UNKNOWN,UNKNOWN,UNKNOWN,false
akif,https://www.ankaraakifnakliyat.com/islemler/ankara/kalecik/asansorlu-tasima,ankara_district_service,MERGE,200,true,159,0.1022,0.5109,1.0000,https://www.ankaraakifnakliyat.com/islemler/ankara/mamak/asansorlu-tasima,true,true,true,5,36,Kalecik Asansörlü Taşımacılık | Akif Nakliyat,Kalecik . Asansörlü Taşımacılık,https://www.ankaraakifnakliyat.com/islemler/ankara/kalecik/asansorlu-tasima/,UNKNOWN,UNKNOWN,UNKNOWN,UNKNOWN,UNKNOWN,false
akif,https://www.ankaraakifnakliyat.com/islemler/ankara/kalecik/sehirler-arasi-nakliyat,ankara_district_service,MERGE,200,true,167,0.0927,0.6490,1.0000,https://www.ankaraakifnakliyat.com/islemler/ankara/mamak/sehirler-arasi-nakliyat,true,true,true,5,36,Kalecik Şehirler Arası Nakliyat | Akif Nakliyat,Kalecik . Şehirler Arası Nakliyat,https://www.ankaraakifnakliyat.com/islemler/ankara/kalecik/sehirler-arasi-nakliyat/,UNKNOWN,UNKNOWN,UNKNOWN,UNKNOWN,UNKNOWN,false
akif,https://www.ankaraakifnakliyat.com/islemler/ankara/kecioren/evden-eve-nakliyat,ankara_district_service,IMPROVE,200,true,194,0.0787,0.8146,0.2827,https://www.ankaraakifnakliyat.com/islemler/ankara/mamak/evden-eve-nakliyat,false,false,true,5,36,Keçiören Evden Eve Nakliyat | Akif Nakliyat,Keçiören . Evden Eve Nakliyat,https://www.ankaraakifnakliyat.com/islemler/ankara/kecioren/evden-eve-nakliyat/,UNKNOWN,UNKNOWN,UNKNOWN,UNKNOWN,UNKNOWN,false
akif,https://www.ankaraakifnakliyat.com/islemler/ankara/kecioren/ofis-tasima,ankara_district_service,IMPROVE,200,true,180,0.0881,0.7547,0.2941,https://www.ankaraakifnakliyat.com/islemler/ankara/mamak/ofis-tasima,false,false,true,5,36,Keçiören Ofis Taşıma | Akif Nakliyat,Keçiören . Ofis Taşıma,https://www.ankaraakifnakliyat.com/islemler/ankara/kecioren/ofis-tasima/,UNKNOWN,UNKNOWN,UNKNOWN,UNKNOWN,UNKNOWN,false
akif,https://www.ankaraakifnakliyat.com/islemler/ankara/kecioren/nakliyat-fiyatlari,ankara_district_service,IMPROVE,200,true,200,0.0782,0.7542,0.3380,https://www.ankaraakifnakliyat.com/islemler/ankara/mamak/nakliyat-fiyatlari,false,false,true,4,36,Keçiören Nakliyat Fiyatları | Akif Nakliyat,Keçiören . Nakliyat Fiyatları,https://www.ankaraakifnakliyat.com/islemler/ankara/kecioren/nakliyat-fiyatlari/,UNKNOWN,UNKNOWN,UNKNOWN,UNKNOWN,UNKNOWN,false
akif,https://www.ankaraakifnakliyat.com/islemler/ankara/kecioren/asansorlu-tasima,ankara_district_service,IMPROVE,200,true,159,0.1022,0.5109,0.4740,https://www.ankaraakifnakliyat.com/islemler/ankara/mamak/asansorlu-tasima,false,false,true,5,36,Keçiören Asansörlü Taşımacılık | Akif Nakliyat,Keçiören . Asansörlü Taşımacılık,https://www.ankaraakifnakliyat.com/islemler/ankara/kecioren/asansorlu-tasima/,UNKNOWN,UNKNOWN,UNKNOWN,UNKNOWN,UNKNOWN,false
akif,https://www.ankaraakifnakliyat.com/islemler/ankara/kecioren/sehirler-arasi-nakliyat,ankara_district_service,IMPROVE,200,true,167,0.0927,0.6490,0.4693,https://www.ankaraakifnakliyat.com/islemler/ankara/mamak/sehirler-arasi-nakliyat,false,false,true,5,36,Keçiören Şehirler Arası Nakliyat | Akif Nakliyat,Keçiören . Şehirler Arası Nakliyat,https://www.ankaraakifnakliyat.com/islemler/ankara/kecioren/sehirler-arasi-nakliyat/,UNKNOWN,UNKNOWN,UNKNOWN,UNKNOWN,UNKNOWN,false
akif,https://www.ankaraakifnakliyat.com/islemler/ankara/kizilcahamam/evden-eve-nakliyat,ankara_district_service,IMPROVE,200,true,194,0.0787,0.8146,0.2827,https://www.ankaraakifnakliyat.com/islemler/ankara/mamak/evden-eve-nakliyat,false,false,true,5,36,Kızılcahamam Evden Eve Nakliyat | Akif Nakliyat,Kızılcahamam . Evden Eve Nakliyat,https://www.ankaraakifnakliyat.com/islemler/ankara/kizilcahamam/evden-eve-nakliyat/,UNKNOWN,UNKNOWN,UNKNOWN,UNKNOWN,UNKNOWN,false
akif,https://www.ankaraakifnakliyat.com/islemler/ankara/kizilcahamam/ofis-tasima,ankara_district_service,IMPROVE,200,true,180,0.0881,0.7547,0.2941,https://www.ankaraakifnakliyat.com/islemler/ankara/mamak/ofis-tasima,false,false,true,5,36,Kızılcahamam Ofis Taşıma | Akif Nakliyat,Kızılcahamam . Ofis Taşıma,https://www.ankaraakifnakliyat.com/islemler/ankara/kizilcahamam/ofis-tasima/,UNKNOWN,UNKNOWN,UNKNOWN,UNKNOWN,UNKNOWN,false
akif,https://www.ankaraakifnakliyat.com/islemler/ankara/kizilcahamam/nakliyat-fiyatlari,ankara_district_service,IMPROVE,200,true,200,0.0782,0.7542,0.3380,https://www.ankaraakifnakliyat.com/islemler/ankara/mamak/nakliyat-fiyatlari,false,false,true,4,36,Kızılcahamam Nakliyat Fiyatları | Akif Nakliyat,Kızılcahamam . Nakliyat Fiyatları,https://www.ankaraakifnakliyat.com/islemler/ankara/kizilcahamam/nakliyat-fiyatlari/,UNKNOWN,UNKNOWN,UNKNOWN,UNKNOWN,UNKNOWN,false
akif,https://www.ankaraakifnakliyat.com/islemler/ankara/kizilcahamam/asansorlu-tasima,ankara_district_service,IMPROVE,200,true,159,0.1022,0.5109,0.4740,https://www.ankaraakifnakliyat.com/islemler/ankara/mamak/asansorlu-tasima,false,false,true,5,36,Kızılcahamam Asansörlü Taşımacılık | Akif Nakliyat,Kızılcahamam . Asansörlü Taşımacılık,https://www.ankaraakifnakliyat.com/islemler/ankara/kizilcahamam/asansorlu-tasima/,UNKNOWN,UNKNOWN,UNKNOWN,UNKNOWN,UNKNOWN,false
akif,https://www.ankaraakifnakliyat.com/islemler/ankara/kizilcahamam/sehirler-arasi-nakliyat,ankara_district_service,IMPROVE,200,true,167,0.0927,0.6490,0.4693,https://www.ankaraakifnakliyat.com/islemler/ankara/mamak/sehirler-arasi-nakliyat,false,false,true,5,36,Kızılcahamam Şehirler Arası Nakliyat | Akif Nakliyat,Kızılcahamam . Şehirler Arası Nakliyat,https://www.ankaraakifnakliyat.com/islemler/ankara/kizilcahamam/sehirler-arasi-nakliyat/,UNKNOWN,UNKNOWN,UNKNOWN,UNKNOWN,UNKNOWN,false
akif,https://www.ankaraakifnakliyat.com/islemler/ankara/mamak/evden-eve-nakliyat,ankara_district_service,MERGE,200,true,194,0.0787,0.8146,1.0000,https://www.ankaraakifnakliyat.com/islemler/ankara/pursaklar/evden-eve-nakliyat,true,true,true,5,36,Mamak Evden Eve Nakliyat | Akif Nakliyat,Mamak . Evden Eve Nakliyat,https://www.ankaraakifnakliyat.com/islemler/ankara/mamak/evden-eve-nakliyat/,UNKNOWN,UNKNOWN,UNKNOWN,UNKNOWN,UNKNOWN,false
akif,https://www.ankaraakifnakliyat.com/islemler/ankara/mamak/ofis-tasima,ankara_district_service,MERGE,200,true,180,0.0881,0.7547,1.0000,https://www.ankaraakifnakliyat.com/islemler/ankara/pursaklar/ofis-tasima,true,true,true,5,36,Mamak Ofis Taşıma | Akif Nakliyat,Mamak . Ofis Taşıma,https://www.ankaraakifnakliyat.com/islemler/ankara/mamak/ofis-tasima/,UNKNOWN,UNKNOWN,UNKNOWN,UNKNOWN,UNKNOWN,false
akif,https://www.ankaraakifnakliyat.com/islemler/ankara/mamak/nakliyat-fiyatlari,ankara_district_service,MERGE,200,true,200,0.0782,0.7542,1.0000,https://www.ankaraakifnakliyat.com/islemler/ankara/pursaklar/nakliyat-fiyatlari,true,true,true,4,36,Mamak Nakliyat Fiyatları | Akif Nakliyat,Mamak . Nakliyat Fiyatları,https://www.ankaraakifnakliyat.com/islemler/ankara/mamak/nakliyat-fiyatlari/,UNKNOWN,UNKNOWN,UNKNOWN,UNKNOWN,UNKNOWN,false
akif,https://www.ankaraakifnakliyat.com/islemler/ankara/mamak/asansorlu-tasima,ankara_district_service,MERGE,200,true,159,0.1022,0.5109,1.0000,https://www.ankaraakifnakliyat.com/islemler/ankara/pursaklar/asansorlu-tasima,true,true,true,5,36,Mamak Asansörlü Taşımacılık | Akif Nakliyat,Mamak . Asansörlü Taşımacılık,https://www.ankaraakifnakliyat.com/islemler/ankara/mamak/asansorlu-tasima/,UNKNOWN,UNKNOWN,UNKNOWN,UNKNOWN,UNKNOWN,false
akif,https://www.ankaraakifnakliyat.com/islemler/ankara/mamak/sehirler-arasi-nakliyat,ankara_district_service,MERGE,200,true,167,0.0927,0.6490,1.0000,https://www.ankaraakifnakliyat.com/islemler/ankara/pursaklar/sehirler-arasi-nakliyat,true,true,true,5,36,Mamak Şehirler Arası Nakliyat | Akif Nakliyat,Mamak . Şehirler Arası Nakliyat,https://www.ankaraakifnakliyat.com/islemler/ankara/mamak/sehirler-arasi-nakliyat/,UNKNOWN,UNKNOWN,UNKNOWN,UNKNOWN,UNKNOWN,false
akif,https://www.ankaraakifnakliyat.com/islemler/ankara/nallihan/evden-eve-nakliyat,ankara_district_service,IMPROVE,200,true,194,0.0787,0.8146,0.2827,https://www.ankaraakifnakliyat.com/islemler/ankara/pursaklar/evden-eve-nakliyat,false,false,true,5,36,Nallıhan Evden Eve Nakliyat | Akif Nakliyat,Nallıhan . Evden Eve Nakliyat,https://www.ankaraakifnakliyat.com/islemler/ankara/nallihan/evden-eve-nakliyat/,UNKNOWN,UNKNOWN,UNKNOWN,UNKNOWN,UNKNOWN,false
akif,https://www.ankaraakifnakliyat.com/islemler/ankara/nallihan/ofis-tasima,ankara_district_service,IMPROVE,200,true,180,0.0881,0.7547,0.2941,https://www.ankaraakifnakliyat.com/islemler/ankara/pursaklar/ofis-tasima,false,false,true,5,36,Nallıhan Ofis Taşıma | Akif Nakliyat,Nallıhan . Ofis Taşıma,https://www.ankaraakifnakliyat.com/islemler/ankara/nallihan/ofis-tasima/,UNKNOWN,UNKNOWN,UNKNOWN,UNKNOWN,UNKNOWN,false
akif,https://www.ankaraakifnakliyat.com/islemler/ankara/nallihan/nakliyat-fiyatlari,ankara_district_service,IMPROVE,200,true,200,0.0782,0.7542,0.3380,https://www.ankaraakifnakliyat.com/islemler/ankara/pursaklar/nakliyat-fiyatlari,false,false,true,4,36,Nallıhan Nakliyat Fiyatları | Akif Nakliyat,Nallıhan . Nakliyat Fiyatları,https://www.ankaraakifnakliyat.com/islemler/ankara/nallihan/nakliyat-fiyatlari/,UNKNOWN,UNKNOWN,UNKNOWN,UNKNOWN,UNKNOWN,false
akif,https://www.ankaraakifnakliyat.com/islemler/ankara/nallihan/asansorlu-tasima,ankara_district_service,IMPROVE,200,true,159,0.1022,0.5109,0.4740,https://www.ankaraakifnakliyat.com/islemler/ankara/pursaklar/asansorlu-tasima,false,false,true,5,36,Nallıhan Asansörlü Taşımacılık | Akif Nakliyat,Nallıhan . Asansörlü Taşımacılık,https://www.ankaraakifnakliyat.com/islemler/ankara/nallihan/asansorlu-tasima/,UNKNOWN,UNKNOWN,UNKNOWN,UNKNOWN,UNKNOWN,false
akif,https://www.ankaraakifnakliyat.com/islemler/ankara/nallihan/sehirler-arasi-nakliyat,ankara_district_service,IMPROVE,200,true,167,0.0927,0.6490,0.4693,https://www.ankaraakifnakliyat.com/islemler/ankara/pursaklar/sehirler-arasi-nakliyat,false,false,true,5,36,Nallıhan Şehirler Arası Nakliyat | Akif Nakliyat,Nallıhan . Şehirler Arası Nakliyat,https://www.ankaraakifnakliyat.com/islemler/ankara/nallihan/sehirler-arasi-nakliyat/,UNKNOWN,UNKNOWN,UNKNOWN,UNKNOWN,UNKNOWN,false
akif,https://www.ankaraakifnakliyat.com/islemler/ankara/polatli/evden-eve-nakliyat,ankara_district_service,IMPROVE,200,true,194,0.0787,0.8146,0.2827,https://www.ankaraakifnakliyat.com/islemler/ankara/pursaklar/evden-eve-nakliyat,false,false,true,5,36,Polatlı Evden Eve Nakliyat | Akif Nakliyat,Polatlı . Evden Eve Nakliyat,https://www.ankaraakifnakliyat.com/islemler/ankara/polatli/evden-eve-nakliyat/,UNKNOWN,UNKNOWN,UNKNOWN,UNKNOWN,UNKNOWN,false
akif,https://www.ankaraakifnakliyat.com/islemler/ankara/polatli/ofis-tasima,ankara_district_service,IMPROVE,200,true,180,0.0881,0.7547,0.2941,https://www.ankaraakifnakliyat.com/islemler/ankara/pursaklar/ofis-tasima,false,false,true,5,36,Polatlı Ofis Taşıma | Akif Nakliyat,Polatlı . Ofis Taşıma,https://www.ankaraakifnakliyat.com/islemler/ankara/polatli/ofis-tasima/,UNKNOWN,UNKNOWN,UNKNOWN,UNKNOWN,UNKNOWN,false
akif,https://www.ankaraakifnakliyat.com/islemler/ankara/polatli/nakliyat-fiyatlari,ankara_district_service,IMPROVE,200,true,200,0.0782,0.7542,0.3380,https://www.ankaraakifnakliyat.com/islemler/ankara/pursaklar/nakliyat-fiyatlari,false,false,true,4,36,Polatlı Nakliyat Fiyatları | Akif Nakliyat,Polatlı . Nakliyat Fiyatları,https://www.ankaraakifnakliyat.com/islemler/ankara/polatli/nakliyat-fiyatlari/,UNKNOWN,UNKNOWN,UNKNOWN,UNKNOWN,UNKNOWN,false
akif,https://www.ankaraakifnakliyat.com/islemler/ankara/polatli/asansorlu-tasima,ankara_district_service,IMPROVE,200,true,159,0.1022,0.5109,0.4740,https://www.ankaraakifnakliyat.com/islemler/ankara/pursaklar/asansorlu-tasima,false,false,true,5,36,Polatlı Asansörlü Taşımacılık | Akif Nakliyat,Polatlı . Asansörlü Taşımacılık,https://www.ankaraakifnakliyat.com/islemler/ankara/polatli/asansorlu-tasima/,UNKNOWN,UNKNOWN,UNKNOWN,UNKNOWN,UNKNOWN,false
akif,https://www.ankaraakifnakliyat.com/islemler/ankara/polatli/sehirler-arasi-nakliyat,ankara_district_service,IMPROVE,200,true,167,0.0927,0.6490,0.4693,https://www.ankaraakifnakliyat.com/islemler/ankara/pursaklar/sehirler-arasi-nakliyat,false,false,true,5,36,Polatlı Şehirler Arası Nakliyat | Akif Nakliyat,Polatlı . Şehirler Arası Nakliyat,https://www.ankaraakifnakliyat.com/islemler/ankara/polatli/sehirler-arasi-nakliyat/,UNKNOWN,UNKNOWN,UNKNOWN,UNKNOWN,UNKNOWN,false
akif,https://www.ankaraakifnakliyat.com/islemler/ankara/pursaklar/evden-eve-nakliyat,ankara_district_service,MERGE,200,true,194,0.0787,0.8146,1.0000,https://www.ankaraakifnakliyat.com/islemler/ankara/sincan/evden-eve-nakliyat,true,true,true,5,36,Pursaklar Evden Eve Nakliyat | Akif Nakliyat,Pursaklar . Evden Eve Nakliyat,https://www.ankaraakifnakliyat.com/islemler/ankara/pursaklar/evden-eve-nakliyat/,UNKNOWN,UNKNOWN,UNKNOWN,UNKNOWN,UNKNOWN,false
akif,https://www.ankaraakifnakliyat.com/islemler/ankara/pursaklar/ofis-tasima,ankara_district_service,MERGE,200,true,180,0.0881,0.7547,1.0000,https://www.ankaraakifnakliyat.com/islemler/ankara/sincan/ofis-tasima,true,true,true,5,36,Pursaklar Ofis Taşıma | Akif Nakliyat,Pursaklar . Ofis Taşıma,https://www.ankaraakifnakliyat.com/islemler/ankara/pursaklar/ofis-tasima/,UNKNOWN,UNKNOWN,UNKNOWN,UNKNOWN,UNKNOWN,false
akif,https://www.ankaraakifnakliyat.com/islemler/ankara/pursaklar/nakliyat-fiyatlari,ankara_district_service,MERGE,200,true,200,0.0782,0.7542,1.0000,https://www.ankaraakifnakliyat.com/islemler/ankara/sincan/nakliyat-fiyatlari,true,true,true,4,36,Pursaklar Nakliyat Fiyatları | Akif Nakliyat,Pursaklar . Nakliyat Fiyatları,https://www.ankaraakifnakliyat.com/islemler/ankara/pursaklar/nakliyat-fiyatlari/,UNKNOWN,UNKNOWN,UNKNOWN,UNKNOWN,UNKNOWN,false
akif,https://www.ankaraakifnakliyat.com/islemler/ankara/pursaklar/asansorlu-tasima,ankara_district_service,MERGE,200,true,159,0.1022,0.5109,1.0000,https://www.ankaraakifnakliyat.com/islemler/ankara/sincan/asansorlu-tasima,true,true,true,5,36,Pursaklar Asansörlü Taşımacılık | Akif Nakliyat,Pursaklar . Asansörlü Taşımacılık,https://www.ankaraakifnakliyat.com/islemler/ankara/pursaklar/asansorlu-tasima/,UNKNOWN,UNKNOWN,UNKNOWN,UNKNOWN,UNKNOWN,false
akif,https://www.ankaraakifnakliyat.com/islemler/ankara/pursaklar/sehirler-arasi-nakliyat,ankara_district_service,MERGE,200,true,167,0.0927,0.6490,1.0000,https://www.ankaraakifnakliyat.com/islemler/ankara/sincan/sehirler-arasi-nakliyat,true,true,true,5,36,Pursaklar Şehirler Arası Nakliyat | Akif Nakliyat,Pursaklar . Şehirler Arası Nakliyat,https://www.ankaraakifnakliyat.com/islemler/ankara/pursaklar/sehirler-arasi-nakliyat/,UNKNOWN,UNKNOWN,UNKNOWN,UNKNOWN,UNKNOWN,false
akif,https://www.ankaraakifnakliyat.com/islemler/ankara/sincan/evden-eve-nakliyat,ankara_district_service,MERGE,200,true,194,0.0787,0.8146,1.0000,https://www.ankaraakifnakliyat.com/islemler/ankara/yenimahalle/evden-eve-nakliyat,true,true,true,5,36,Sincan Evden Eve Nakliyat | Akif Nakliyat,Sincan . Evden Eve Nakliyat,https://www.ankaraakifnakliyat.com/islemler/ankara/sincan/evden-eve-nakliyat/,UNKNOWN,UNKNOWN,UNKNOWN,UNKNOWN,UNKNOWN,false
akif,https://www.ankaraakifnakliyat.com/islemler/ankara/sincan/ofis-tasima,ankara_district_service,MERGE,200,true,180,0.0881,0.7547,1.0000,https://www.ankaraakifnakliyat.com/islemler/ankara/yenimahalle/ofis-tasima,true,true,true,5,36,Sincan Ofis Taşıma | Akif Nakliyat,Sincan . Ofis Taşıma,https://www.ankaraakifnakliyat.com/islemler/ankara/sincan/ofis-tasima/,UNKNOWN,UNKNOWN,UNKNOWN,UNKNOWN,UNKNOWN,false
akif,https://www.ankaraakifnakliyat.com/islemler/ankara/sincan/nakliyat-fiyatlari,ankara_district_service,MERGE,200,true,200,0.0782,0.7542,1.0000,https://www.ankaraakifnakliyat.com/islemler/ankara/yenimahalle/nakliyat-fiyatlari,true,true,true,4,36,Sincan Nakliyat Fiyatları | Akif Nakliyat,Sincan . Nakliyat Fiyatları,https://www.ankaraakifnakliyat.com/islemler/ankara/sincan/nakliyat-fiyatlari/,UNKNOWN,UNKNOWN,UNKNOWN,UNKNOWN,UNKNOWN,false
akif,https://www.ankaraakifnakliyat.com/islemler/ankara/sincan/asansorlu-tasima,ankara_district_service,MERGE,200,true,159,0.1022,0.5109,1.0000,https://www.ankaraakifnakliyat.com/islemler/ankara/yenimahalle/asansorlu-tasima,true,true,true,5,36,Sincan Asansörlü Taşımacılık | Akif Nakliyat,Sincan . Asansörlü Taşımacılık,https://www.ankaraakifnakliyat.com/islemler/ankara/sincan/asansorlu-tasima/,UNKNOWN,UNKNOWN,UNKNOWN,UNKNOWN,UNKNOWN,false
akif,https://www.ankaraakifnakliyat.com/islemler/ankara/sincan/sehirler-arasi-nakliyat,ankara_district_service,MERGE,200,true,167,0.0927,0.6490,1.0000,https://www.ankaraakifnakliyat.com/islemler/ankara/yenimahalle/sehirler-arasi-nakliyat,true,true,true,5,36,Sincan Şehirler Arası Nakliyat | Akif Nakliyat,Sincan . Şehirler Arası Nakliyat,https://www.ankaraakifnakliyat.com/islemler/ankara/sincan/sehirler-arasi-nakliyat/,UNKNOWN,UNKNOWN,UNKNOWN,UNKNOWN,UNKNOWN,false
akif,https://www.ankaraakifnakliyat.com/islemler/ankara/sereflikochisar/evden-eve-nakliyat,ankara_district_service,IMPROVE,200,true,194,0.0787,0.8146,0.2827,https://www.ankaraakifnakliyat.com/islemler/ankara/yenimahalle/evden-eve-nakliyat,false,false,true,5,36,Şereflikoçhisar Evden Eve Nakliyat | Akif Nakliyat,Şereflikoçhisar . Evden Eve Nakliyat,https://www.ankaraakifnakliyat.com/islemler/ankara/sereflikochisar/evden-eve-nakliyat/,UNKNOWN,UNKNOWN,UNKNOWN,UNKNOWN,UNKNOWN,false
akif,https://www.ankaraakifnakliyat.com/islemler/ankara/sereflikochisar/ofis-tasima,ankara_district_service,IMPROVE,200,true,180,0.0881,0.7547,0.2941,https://www.ankaraakifnakliyat.com/islemler/ankara/yenimahalle/ofis-tasima,false,false,true,5,36,Şereflikoçhisar Ofis Taşıma | Akif Nakliyat,Şereflikoçhisar . Ofis Taşıma,https://www.ankaraakifnakliyat.com/islemler/ankara/sereflikochisar/ofis-tasima/,UNKNOWN,UNKNOWN,UNKNOWN,UNKNOWN,UNKNOWN,false
akif,https://www.ankaraakifnakliyat.com/islemler/ankara/sereflikochisar/nakliyat-fiyatlari,ankara_district_service,IMPROVE,200,true,200,0.0782,0.7542,0.3380,https://www.ankaraakifnakliyat.com/islemler/ankara/yenimahalle/nakliyat-fiyatlari,false,false,true,4,36,Şereflikoçhisar Nakliyat Fiyatları | Akif Nakliyat,Şereflikoçhisar . Nakliyat Fiyatları,https://www.ankaraakifnakliyat.com/islemler/ankara/sereflikochisar/nakliyat-fiyatlari/,UNKNOWN,UNKNOWN,UNKNOWN,UNKNOWN,UNKNOWN,false
akif,https://www.ankaraakifnakliyat.com/islemler/ankara/sereflikochisar/asansorlu-tasima,ankara_district_service,IMPROVE,200,true,159,0.1022,0.5109,0.4740,https://www.ankaraakifnakliyat.com/islemler/ankara/yenimahalle/asansorlu-tasima,false,false,true,5,36,Şereflikoçhisar Asansörlü Taşımacılık | Akif Nakliyat,Şereflikoçhisar . Asansörlü Taşımacılık,https://www.ankaraakifnakliyat.com/islemler/ankara/sereflikochisar/asansorlu-tasima/,UNKNOWN,UNKNOWN,UNKNOWN,UNKNOWN,UNKNOWN,false
akif,https://www.ankaraakifnakliyat.com/islemler/ankara/sereflikochisar/sehirler-arasi-nakliyat,ankara_district_service,IMPROVE,200,true,167,0.0927,0.6490,0.4693,https://www.ankaraakifnakliyat.com/islemler/ankara/yenimahalle/sehirler-arasi-nakliyat,false,false,true,5,36,Şereflikoçhisar Şehirler Arası Nakliyat | Akif Nakliyat,Şereflikoçhisar . Şehirler Arası Nakliyat,https://www.ankaraakifnakliyat.com/islemler/ankara/sereflikochisar/sehirler-arasi-nakliyat/,UNKNOWN,UNKNOWN,UNKNOWN,UNKNOWN,UNKNOWN,false
akif,https://www.ankaraakifnakliyat.com/islemler/ankara/yenimahalle/evden-eve-nakliyat,ankara_district_service,IMPROVE,200,true,194,0.0787,0.8146,0.1554,https://www.ankaraakifnakliyat.com/islemler/ankara/yenimahalle/ofis-tasima,false,false,true,5,36,Yenimahalle Evden Eve Nakliyat | Akif Nakliyat,Yenimahalle . Evden Eve Nakliyat,https://www.ankaraakifnakliyat.com/islemler/ankara/yenimahalle/evden-eve-nakliyat/,UNKNOWN,UNKNOWN,UNKNOWN,UNKNOWN,UNKNOWN,false
akif,https://www.ankaraakifnakliyat.com/islemler/ankara/yenimahalle/ofis-tasima,ankara_district_service,IMPROVE,200,true,180,0.0881,0.7547,0.1408,https://www.ankaraakifnakliyat.com/islemler/ankara/yenimahalle/nakliyat-fiyatlari,false,false,true,5,36,Yenimahalle Ofis Taşıma | Akif Nakliyat,Yenimahalle . Ofis Taşıma,https://www.ankaraakifnakliyat.com/islemler/ankara/yenimahalle/ofis-tasima/,UNKNOWN,UNKNOWN,UNKNOWN,UNKNOWN,UNKNOWN,false
akif,https://www.ankaraakifnakliyat.com/islemler/ankara/yenimahalle/nakliyat-fiyatlari,ankara_district_service,IMPROVE,200,true,200,0.0782,0.7542,0.1244,https://www.ankaraakifnakliyat.com/islemler/ankara/yenimahalle/asansorlu-tasima,false,false,true,4,36,Yenimahalle Nakliyat Fiyatları | Akif Nakliyat,Yenimahalle . Nakliyat Fiyatları,https://www.ankaraakifnakliyat.com/islemler/ankara/yenimahalle/nakliyat-fiyatlari/,UNKNOWN,UNKNOWN,UNKNOWN,UNKNOWN,UNKNOWN,false
akif,https://www.ankaraakifnakliyat.com/islemler/ankara/yenimahalle/asansorlu-tasima,ankara_district_service,IMPROVE,200,true,159,0.1022,0.5109,0.1233,https://www.ankaraakifnakliyat.com/islemler/ankara/yenimahalle/sehirler-arasi-nakliyat,false,false,true,5,36,Yenimahalle Asansörlü Taşımacılık | Akif Nakliyat,Yenimahalle . Asansörlü Taşımacılık,https://www.ankaraakifnakliyat.com/islemler/ankara/yenimahalle/asansorlu-tasima/,UNKNOWN,UNKNOWN,UNKNOWN,UNKNOWN,UNKNOWN,false
akif,https://www.ankaraakifnakliyat.com/islemler/ankara/yenimahalle/sehirler-arasi-nakliyat,ankara_district_service,IMPROVE,200,true,167,0.0927,0.6490,0.0000,,false,false,true,5,36,Yenimahalle Şehirler Arası Nakliyat | Akif Nakliyat,Yenimahalle . Şehirler Arası Nakliyat,https://www.ankaraakifnakliyat.com/islemler/ankara/yenimahalle/sehirler-arasi-nakliyat/,UNKNOWN,UNKNOWN,UNKNOWN,UNKNOWN,UNKNOWN,false
akif,https://www.ankaraakifnakliyat.com/islemler/istanbul/adalar,istanbul_district,MERGE,200,true,527,0.1515,0.8485,0.9472,https://www.ankaraakifnakliyat.com/islemler/istanbul/beykoz,true,true,false,43,43,Adalar Nakliyat | Adalar Evden Eve | Akif Nakliyat,İstanbul Adalar NAKLİYAT,https://www.ankaraakifnakliyat.com/islemler/istanbul/adalar/,UNKNOWN,UNKNOWN,UNKNOWN,UNKNOWN,UNKNOWN,false
akif,https://www.ankaraakifnakliyat.com/islemler/istanbul/arnavutkoy,istanbul_district,KEEP,200,true,527,0.1515,0.8485,0.2215,https://www.ankaraakifnakliyat.com/islemler/istanbul/kartal,false,false,false,43,43,Arnavutköy Nakliyat | Arnavutköy Evden Eve | Akif Nakliyat,İstanbul Arnavutköy NAKLİYAT,https://www.ankaraakifnakliyat.com/islemler/istanbul/arnavutkoy/,UNKNOWN,UNKNOWN,UNKNOWN,UNKNOWN,UNKNOWN,false
akif,https://www.ankaraakifnakliyat.com/islemler/istanbul/atasehir,istanbul_district,KEEP,200,true,527,0.1515,0.8485,0.2215,https://www.ankaraakifnakliyat.com/islemler/istanbul/kartal,false,false,false,43,43,Ataşehir Nakliyat | Ataşehir Evden Eve | Akif Nakliyat,İstanbul Ataşehir NAKLİYAT,https://www.ankaraakifnakliyat.com/islemler/istanbul/atasehir/,UNKNOWN,UNKNOWN,UNKNOWN,UNKNOWN,UNKNOWN,false
akif,https://www.ankaraakifnakliyat.com/islemler/istanbul/avcilar,istanbul_district,KEEP,200,true,527,0.1515,0.8485,0.2215,https://www.ankaraakifnakliyat.com/islemler/istanbul/kartal,false,false,false,43,43,Avcılar Nakliyat | Avcılar Evden Eve | Akif Nakliyat,İstanbul Avcılar NAKLİYAT,https://www.ankaraakifnakliyat.com/islemler/istanbul/avcilar/,UNKNOWN,UNKNOWN,UNKNOWN,UNKNOWN,UNKNOWN,false
akif,https://www.ankaraakifnakliyat.com/islemler/istanbul/bagcilar,istanbul_district,KEEP,200,true,527,0.1515,0.8485,0.2215,https://www.ankaraakifnakliyat.com/islemler/istanbul/kartal,false,false,false,43,43,Bağcılar Nakliyat | Bağcılar Evden Eve | Akif Nakliyat,İstanbul Bağcılar NAKLİYAT,https://www.ankaraakifnakliyat.com/islemler/istanbul/bagcilar/,UNKNOWN,UNKNOWN,UNKNOWN,UNKNOWN,UNKNOWN,false
akif,https://www.ankaraakifnakliyat.com/islemler/istanbul/bahcelievler,istanbul_district,KEEP,200,true,527,0.1515,0.8485,0.2215,https://www.ankaraakifnakliyat.com/islemler/istanbul/kartal,false,false,false,43,43,Bahçelievler Nakliyat | Bahçelievler Evden Eve | Akif Nakliyat,İstanbul Bahçelievler NAKLİYAT,https://www.ankaraakifnakliyat.com/islemler/istanbul/bahcelievler/,UNKNOWN,UNKNOWN,UNKNOWN,UNKNOWN,UNKNOWN,false
akif,https://www.ankaraakifnakliyat.com/islemler/istanbul/bakirkoy,istanbul_district,KEEP,200,true,527,0.1515,0.8485,0.2215,https://www.ankaraakifnakliyat.com/islemler/istanbul/beykoz,false,false,false,43,43,Bakırköy Nakliyat | Bakırköy Evden Eve | Akif Nakliyat,İstanbul Bakırköy NAKLİYAT,https://www.ankaraakifnakliyat.com/islemler/istanbul/bakirkoy/,UNKNOWN,UNKNOWN,UNKNOWN,UNKNOWN,UNKNOWN,false
akif,https://www.ankaraakifnakliyat.com/islemler/istanbul/basaksehir,istanbul_district,KEEP,200,true,527,0.1515,0.8485,0.2235,https://www.ankaraakifnakliyat.com/islemler/istanbul/beykoz,false,false,false,43,43,Başakşehir Nakliyat | Başakşehir Evden Eve | Akif Nakliyat,İstanbul Başakşehir NAKLİYAT,https://www.ankaraakifnakliyat.com/islemler/istanbul/basaksehir/,UNKNOWN,UNKNOWN,UNKNOWN,UNKNOWN,UNKNOWN,false
akif,https://www.ankaraakifnakliyat.com/islemler/istanbul/bayrampasa,istanbul_district,KEEP,200,true,527,0.1515,0.8485,0.2254,https://www.ankaraakifnakliyat.com/islemler/istanbul/beykoz,false,false,false,43,43,Bayrampaşa Nakliyat | Bayrampaşa Evden Eve | Akif Nakliyat,İstanbul Bayrampaşa NAKLİYAT,https://www.ankaraakifnakliyat.com/islemler/istanbul/bayrampasa/,UNKNOWN,UNKNOWN,UNKNOWN,UNKNOWN,UNKNOWN,false
akif,https://www.ankaraakifnakliyat.com/islemler/istanbul/besiktas,istanbul_district,KEEP,200,true,527,0.1515,0.8485,0.2273,https://www.ankaraakifnakliyat.com/islemler/istanbul/beykoz,false,false,false,43,43,Beşiktaş Nakliyat | Beşiktaş Evden Eve | Akif Nakliyat,İstanbul Beşiktaş NAKLİYAT,https://www.ankaraakifnakliyat.com/islemler/istanbul/besiktas/,UNKNOWN,UNKNOWN,UNKNOWN,UNKNOWN,UNKNOWN,false
akif,https://www.ankaraakifnakliyat.com/islemler/istanbul/beykoz,istanbul_district,MERGE,200,true,527,0.1515,0.8485,0.9472,https://www.ankaraakifnakliyat.com/islemler/istanbul/esenler,true,true,false,43,43,Beykoz Nakliyat | Beykoz Evden Eve | Akif Nakliyat,İstanbul Beykoz NAKLİYAT,https://www.ankaraakifnakliyat.com/islemler/istanbul/beykoz/,UNKNOWN,UNKNOWN,UNKNOWN,UNKNOWN,UNKNOWN,false
akif,https://www.ankaraakifnakliyat.com/islemler/istanbul/beylikduzu,istanbul_district,KEEP,200,true,527,0.1515,0.8485,0.2215,https://www.ankaraakifnakliyat.com/islemler/istanbul/kartal,false,false,false,43,43,Beylikdüzü Nakliyat | Beylikdüzü Evden Eve | Akif Nakliyat,İstanbul Beylikdüzü NAKLİYAT,https://www.ankaraakifnakliyat.com/islemler/istanbul/beylikduzu/,UNKNOWN,UNKNOWN,UNKNOWN,UNKNOWN,UNKNOWN,false
akif,https://www.ankaraakifnakliyat.com/islemler/istanbul/beyoglu,istanbul_district,KEEP,200,true,527,0.1515,0.8485,0.2215,https://www.ankaraakifnakliyat.com/islemler/istanbul/esenler,false,false,false,43,43,Beyoğlu Nakliyat | Beyoğlu Evden Eve | Akif Nakliyat,İstanbul Beyoğlu NAKLİYAT,https://www.ankaraakifnakliyat.com/islemler/istanbul/beyoglu/,UNKNOWN,UNKNOWN,UNKNOWN,UNKNOWN,UNKNOWN,false
akif,https://www.ankaraakifnakliyat.com/islemler/istanbul/buyukcekmece,istanbul_district,KEEP,200,true,527,0.1515,0.8485,0.2235,https://www.ankaraakifnakliyat.com/islemler/istanbul/esenler,false,false,false,43,43,Büyükçekmece Nakliyat | Büyükçekmece Evden Eve | Akif Nakliyat,İstanbul Büyükçekmece NAKLİYAT,https://www.ankaraakifnakliyat.com/islemler/istanbul/buyukcekmece/,UNKNOWN,UNKNOWN,UNKNOWN,UNKNOWN,UNKNOWN,false
akif,https://www.ankaraakifnakliyat.com/islemler/istanbul/catalca,istanbul_district,KEEP,200,true,527,0.1515,0.8485,0.2254,https://www.ankaraakifnakliyat.com/islemler/istanbul/esenler,false,false,false,43,43,Çatalca Nakliyat | Çatalca Evden Eve | Akif Nakliyat,İstanbul Çatalca NAKLİYAT,https://www.ankaraakifnakliyat.com/islemler/istanbul/catalca/,UNKNOWN,UNKNOWN,UNKNOWN,UNKNOWN,UNKNOWN,false
akif,https://www.ankaraakifnakliyat.com/islemler/istanbul/cekmekoy,istanbul_district,KEEP,200,true,527,0.1515,0.8485,0.2273,https://www.ankaraakifnakliyat.com/islemler/istanbul/esenler,false,false,false,43,43,Çekmeköy Nakliyat | Çekmeköy Evden Eve | Akif Nakliyat,İstanbul Çekmeköy NAKLİYAT,https://www.ankaraakifnakliyat.com/islemler/istanbul/cekmekoy/,UNKNOWN,UNKNOWN,UNKNOWN,UNKNOWN,UNKNOWN,false
akif,https://www.ankaraakifnakliyat.com/islemler/istanbul/esenler,istanbul_district,MERGE,200,true,527,0.1515,0.8485,0.9703,https://www.ankaraakifnakliyat.com/islemler/istanbul/esenyurt,true,true,false,43,43,Esenler Nakliyat | Esenler Evden Eve | Akif Nakliyat,İstanbul Esenler NAKLİYAT,https://www.ankaraakifnakliyat.com/islemler/istanbul/esenler/,UNKNOWN,UNKNOWN,UNKNOWN,UNKNOWN,UNKNOWN,false
akif,https://www.ankaraakifnakliyat.com/islemler/istanbul/esenyurt,istanbul_district,MERGE,200,true,527,0.1515,0.8485,0.9645,https://www.ankaraakifnakliyat.com/islemler/istanbul/fatih,true,true,false,43,43,Esenyurt Nakliyat | Esenyurt Evden Eve | Akif Nakliyat,İstanbul Esenyurt NAKLİYAT,https://www.ankaraakifnakliyat.com/islemler/istanbul/esenyurt/,UNKNOWN,UNKNOWN,UNKNOWN,UNKNOWN,UNKNOWN,false
akif,https://www.ankaraakifnakliyat.com/islemler/istanbul/eyupsultan,istanbul_district,KEEP,200,true,527,0.1515,0.8485,0.2273,https://www.ankaraakifnakliyat.com/islemler/istanbul/fatih,false,false,false,43,43,Eyüpsultan Nakliyat | Eyüpsultan Evden Eve | Akif Nakliyat,İstanbul Eyüpsultan NAKLİYAT,https://www.ankaraakifnakliyat.com/islemler/istanbul/eyupsultan/,UNKNOWN,UNKNOWN,UNKNOWN,UNKNOWN,UNKNOWN,false
akif,https://www.ankaraakifnakliyat.com/islemler/istanbul/fatih,istanbul_district,MERGE,200,true,527,0.1515,0.8485,0.9703,https://www.ankaraakifnakliyat.com/islemler/istanbul/kartal,true,true,false,43,43,Fatih Nakliyat | Fatih Evden Eve | Akif Nakliyat,İstanbul Fatih NAKLİYAT,https://www.ankaraakifnakliyat.com/islemler/istanbul/fatih/,UNKNOWN,UNKNOWN,UNKNOWN,UNKNOWN,UNKNOWN,false
akif,https://www.ankaraakifnakliyat.com/islemler/istanbul/gaziosmanpasa,istanbul_district,KEEP,200,true,527,0.1515,0.8071,0.2372,https://www.ankaraakifnakliyat.com/islemler/istanbul/kartal,false,false,false,25,43,Gaziosmanpaşa Nakliyat | Gaziosmanpaşa Evden Eve | Akif Nakliyat,İstanbul Gaziosmanpaşa NAKLİYAT,https://www.ankaraakifnakliyat.com/islemler/istanbul/gaziosmanpasa/,UNKNOWN,UNKNOWN,UNKNOWN,UNKNOWN,UNKNOWN,false
akif,https://www.ankaraakifnakliyat.com/islemler/istanbul/gungoren,istanbul_district,KEEP,200,true,527,0.1515,0.8071,0.2372,https://www.ankaraakifnakliyat.com/islemler/istanbul/kartal,false,false,false,5,43,Güngören Nakliyat | Güngören Evden Eve | Akif Nakliyat,İstanbul Güngören NAKLİYAT,https://www.ankaraakifnakliyat.com/islemler/istanbul/gungoren/,UNKNOWN,UNKNOWN,UNKNOWN,UNKNOWN,UNKNOWN,false
akif,https://www.ankaraakifnakliyat.com/islemler/istanbul/kadikoy,istanbul_district,KEEP,200,true,527,0.1515,0.8071,0.2372,https://www.ankaraakifnakliyat.com/islemler/istanbul/kartal,false,false,false,5,43,Kadıköy Nakliyat | Kadıköy Evden Eve | Akif Nakliyat,İstanbul Kadıköy NAKLİYAT,https://www.ankaraakifnakliyat.com/islemler/istanbul/kadikoy/,UNKNOWN,UNKNOWN,UNKNOWN,UNKNOWN,UNKNOWN,false
akif,https://www.ankaraakifnakliyat.com/islemler/istanbul/kagithane,istanbul_district,KEEP,200,true,527,0.1515,0.8071,0.2372,https://www.ankaraakifnakliyat.com/islemler/istanbul/kartal,false,false,false,5,43,Kağıthane Nakliyat | Kağıthane Evden Eve | Akif Nakliyat,İstanbul Kağıthane NAKLİYAT,https://www.ankaraakifnakliyat.com/islemler/istanbul/kagithane/,UNKNOWN,UNKNOWN,UNKNOWN,UNKNOWN,UNKNOWN,false
akif,https://www.ankaraakifnakliyat.com/islemler/istanbul/kartal,istanbul_district,MERGE,200,true,527,0.1515,0.8071,1.0000,https://www.ankaraakifnakliyat.com/islemler/istanbul/maltepe,true,true,false,5,43,Kartal Nakliyat | Kartal Evden Eve | Akif Nakliyat,İstanbul Kartal NAKLİYAT,https://www.ankaraakifnakliyat.com/islemler/istanbul/kartal/,UNKNOWN,UNKNOWN,UNKNOWN,UNKNOWN,UNKNOWN,false
akif,https://www.ankaraakifnakliyat.com/islemler/istanbul/kucukcekmece,istanbul_district,KEEP,200,true,527,0.1515,0.8071,0.2372,https://www.ankaraakifnakliyat.com/islemler/istanbul/maltepe,false,false,false,5,43,Küçükçekmece Nakliyat | Küçükçekmece Evden Eve | Akif Nakliyat,İstanbul Küçükçekmece NAKLİYAT,https://www.ankaraakifnakliyat.com/islemler/istanbul/kucukcekmece/,UNKNOWN,UNKNOWN,UNKNOWN,UNKNOWN,UNKNOWN,false
akif,https://www.ankaraakifnakliyat.com/islemler/istanbul/maltepe,istanbul_district,MERGE,200,true,527,0.1515,0.8071,1.0000,https://www.ankaraakifnakliyat.com/islemler/istanbul/pendik,true,true,false,5,43,Maltepe Nakliyat | Maltepe Evden Eve | Akif Nakliyat,İstanbul Maltepe NAKLİYAT,https://www.ankaraakifnakliyat.com/islemler/istanbul/maltepe/,UNKNOWN,UNKNOWN,UNKNOWN,UNKNOWN,UNKNOWN,false
akif,https://www.ankaraakifnakliyat.com/islemler/istanbul/pendik,istanbul_district,MERGE,200,true,527,0.1515,0.8071,1.0000,https://www.ankaraakifnakliyat.com/islemler/istanbul/sancaktepe,true,true,false,5,43,Pendik Nakliyat | Pendik Evden Eve | Akif Nakliyat,İstanbul Pendik NAKLİYAT,https://www.ankaraakifnakliyat.com/islemler/istanbul/pendik/,UNKNOWN,UNKNOWN,UNKNOWN,UNKNOWN,UNKNOWN,false
akif,https://www.ankaraakifnakliyat.com/islemler/istanbul/sancaktepe,istanbul_district,MERGE,200,true,527,0.1515,0.8071,1.0000,https://www.ankaraakifnakliyat.com/islemler/istanbul/silivri,true,true,false,5,43,Sancaktepe Nakliyat | Sancaktepe Evden Eve | Akif Nakliyat,İstanbul Sancaktepe NAKLİYAT,https://www.ankaraakifnakliyat.com/islemler/istanbul/sancaktepe/,UNKNOWN,UNKNOWN,UNKNOWN,UNKNOWN,UNKNOWN,false
akif,https://www.ankaraakifnakliyat.com/islemler/istanbul/sariyer,istanbul_district,KEEP,200,true,527,0.1515,0.8071,0.2372,https://www.ankaraakifnakliyat.com/islemler/istanbul/silivri,false,false,false,5,43,Sarıyer Nakliyat | Sarıyer Evden Eve | Akif Nakliyat,İstanbul Sarıyer NAKLİYAT,https://www.ankaraakifnakliyat.com/islemler/istanbul/sariyer/,UNKNOWN,UNKNOWN,UNKNOWN,UNKNOWN,UNKNOWN,false
akif,https://www.ankaraakifnakliyat.com/islemler/istanbul/silivri,istanbul_district,MERGE,200,true,527,0.1515,0.8071,1.0000,https://www.ankaraakifnakliyat.com/islemler/istanbul/sultanbeyli,true,true,false,5,43,Silivri Nakliyat | Silivri Evden Eve | Akif Nakliyat,İstanbul Silivri NAKLİYAT,https://www.ankaraakifnakliyat.com/islemler/istanbul/silivri/,UNKNOWN,UNKNOWN,UNKNOWN,UNKNOWN,UNKNOWN,false
akif,https://www.ankaraakifnakliyat.com/islemler/istanbul/sultanbeyli,istanbul_district,MERGE,200,true,527,0.1515,0.8071,1.0000,https://www.ankaraakifnakliyat.com/islemler/istanbul/sultangazi,true,true,false,5,43,Sultanbeyli Nakliyat | Sultanbeyli Evden Eve | Akif Nakliyat,İstanbul Sultanbeyli NAKLİYAT,https://www.ankaraakifnakliyat.com/islemler/istanbul/sultanbeyli/,UNKNOWN,UNKNOWN,UNKNOWN,UNKNOWN,UNKNOWN,false
akif,https://www.ankaraakifnakliyat.com/islemler/istanbul/sultangazi,istanbul_district,MERGE,200,true,527,0.1515,0.8071,1.0000,https://www.ankaraakifnakliyat.com/islemler/istanbul/tuzla,true,true,false,5,43,Sultangazi Nakliyat | Sultangazi Evden Eve | Akif Nakliyat,İstanbul Sultangazi NAKLİYAT,https://www.ankaraakifnakliyat.com/islemler/istanbul/sultangazi/,UNKNOWN,UNKNOWN,UNKNOWN,UNKNOWN,UNKNOWN,false
akif,https://www.ankaraakifnakliyat.com/islemler/istanbul/sile,istanbul_district,KEEP,200,true,527,0.1515,0.8071,0.2372,https://www.ankaraakifnakliyat.com/islemler/istanbul/tuzla,false,false,false,5,43,Şile Nakliyat | Şile Evden Eve | Akif Nakliyat,İstanbul Şile NAKLİYAT,https://www.ankaraakifnakliyat.com/islemler/istanbul/sile/,UNKNOWN,UNKNOWN,UNKNOWN,UNKNOWN,UNKNOWN,false
akif,https://www.ankaraakifnakliyat.com/islemler/istanbul/sisli,istanbul_district,KEEP,200,true,527,0.1515,0.8071,0.2372,https://www.ankaraakifnakliyat.com/islemler/istanbul/tuzla,false,false,false,5,43,Şişli Nakliyat | Şişli Evden Eve | Akif Nakliyat,İstanbul Şişli NAKLİYAT,https://www.ankaraakifnakliyat.com/islemler/istanbul/sisli/,UNKNOWN,UNKNOWN,UNKNOWN,UNKNOWN,UNKNOWN,false
akif,https://www.ankaraakifnakliyat.com/islemler/istanbul/tuzla,istanbul_district,MERGE,200,true,527,0.1515,0.8071,1.0000,https://www.ankaraakifnakliyat.com/islemler/istanbul/zeytinburnu,true,true,false,5,43,Tuzla Nakliyat | Tuzla Evden Eve | Akif Nakliyat,İstanbul Tuzla NAKLİYAT,https://www.ankaraakifnakliyat.com/islemler/istanbul/tuzla/,UNKNOWN,UNKNOWN,UNKNOWN,UNKNOWN,UNKNOWN,false
akif,https://www.ankaraakifnakliyat.com/islemler/istanbul/umraniye,istanbul_district,KEEP,200,true,527,0.1515,0.8071,0.2372,https://www.ankaraakifnakliyat.com/islemler/istanbul/zeytinburnu,false,false,false,5,43,Ümraniye Nakliyat | Ümraniye Evden Eve | Akif Nakliyat,İstanbul Ümraniye NAKLİYAT,https://www.ankaraakifnakliyat.com/islemler/istanbul/umraniye/,UNKNOWN,UNKNOWN,UNKNOWN,UNKNOWN,UNKNOWN,false
akif,https://www.ankaraakifnakliyat.com/islemler/istanbul/uskudar,istanbul_district,KEEP,200,true,527,0.1515,0.8071,0.2372,https://www.ankaraakifnakliyat.com/islemler/istanbul/zeytinburnu,false,false,false,5,43,Üsküdar Nakliyat | Üsküdar Evden Eve | Akif Nakliyat,İstanbul Üsküdar NAKLİYAT,https://www.ankaraakifnakliyat.com/islemler/istanbul/uskudar/,UNKNOWN,UNKNOWN,UNKNOWN,UNKNOWN,UNKNOWN,false
akif,https://www.ankaraakifnakliyat.com/islemler/istanbul/zeytinburnu,istanbul_district,KEEP,200,true,527,0.1515,0.8071,0.0000,,false,false,false,5,43,Zeytinburnu Nakliyat | Zeytinburnu Evden Eve | Akif Nakliyat,İstanbul Zeytinburnu NAKLİYAT,https://www.ankaraakifnakliyat.com/islemler/istanbul/zeytinburnu/,UNKNOWN,UNKNOWN,UNKNOWN,UNKNOWN,UNKNOWN,false
akif,https://www.ankaraakifnakliyat.com/islemler/istanbul/adalar/evden-eve-nakliyat,istanbul_district_service,MANUAL_REVIEW,200,true,194,0.0787,0.8146,0.9145,https://www.ankaraakifnakliyat.com/islemler/istanbul/esenler/evden-eve-nakliyat,true,false,true,43,36,Adalar Evden Eve Nakliyat | Akif Nakliyat,Adalar . Evden Eve Nakliyat,https://www.ankaraakifnakliyat.com/islemler/istanbul/adalar/evden-eve-nakliyat/,UNKNOWN,UNKNOWN,UNKNOWN,UNKNOWN,UNKNOWN,false
akif,https://www.ankaraakifnakliyat.com/islemler/istanbul/adalar/ofis-tasima,istanbul_district_service,MANUAL_REVIEW,200,true,180,0.0881,0.7547,0.9138,https://www.ankaraakifnakliyat.com/islemler/istanbul/esenler/ofis-tasima,true,false,true,43,36,Adalar Ofis Taşıma | Akif Nakliyat,Adalar . Ofis Taşıma,https://www.ankaraakifnakliyat.com/islemler/istanbul/adalar/ofis-tasima/,UNKNOWN,UNKNOWN,UNKNOWN,UNKNOWN,UNKNOWN,false
akif,https://www.ankaraakifnakliyat.com/islemler/istanbul/adalar/nakliyat-fiyatlari,istanbul_district_service,MANUAL_REVIEW,200,true,200,0.0782,0.7542,0.9270,https://www.ankaraakifnakliyat.com/islemler/istanbul/esenler/nakliyat-fiyatlari,true,false,true,42,36,Adalar Nakliyat Fiyatları | Akif Nakliyat,Adalar . Nakliyat Fiyatları,https://www.ankaraakifnakliyat.com/islemler/istanbul/adalar/nakliyat-fiyatlari/,UNKNOWN,UNKNOWN,UNKNOWN,UNKNOWN,UNKNOWN,false
akif,https://www.ankaraakifnakliyat.com/islemler/istanbul/adalar/asansorlu-tasima,istanbul_district_service,MANUAL_REVIEW,200,true,159,0.1022,0.5109,0.9206,https://www.ankaraakifnakliyat.com/islemler/istanbul/esenler/asansorlu-tasima,true,false,true,43,36,Adalar Asansörlü Taşımacılık | Akif Nakliyat,Adalar . Asansörlü Taşımacılık,https://www.ankaraakifnakliyat.com/islemler/istanbul/adalar/asansorlu-tasima/,UNKNOWN,UNKNOWN,UNKNOWN,UNKNOWN,UNKNOWN,false
akif,https://www.ankaraakifnakliyat.com/islemler/istanbul/adalar/sehirler-arasi-nakliyat,istanbul_district_service,MANUAL_REVIEW,200,true,167,0.0927,0.6490,0.9231,https://www.ankaraakifnakliyat.com/islemler/istanbul/esenler/sehirler-arasi-nakliyat,true,false,true,43,36,Adalar Şehirler Arası Nakliyat | Akif Nakliyat,Adalar . Şehirler Arası Nakliyat,https://www.ankaraakifnakliyat.com/islemler/istanbul/adalar/sehirler-arasi-nakliyat/,UNKNOWN,UNKNOWN,UNKNOWN,UNKNOWN,UNKNOWN,false
akif,https://www.ankaraakifnakliyat.com/islemler/istanbul/arnavutkoy/evden-eve-nakliyat,istanbul_district_service,IMPROVE,200,true,194,0.0787,0.8146,0.2500,https://www.ankaraakifnakliyat.com/islemler/istanbul/esenler/evden-eve-nakliyat,false,false,true,43,36,Arnavutköy Evden Eve Nakliyat | Akif Nakliyat,Arnavutköy . Evden Eve Nakliyat,https://www.ankaraakifnakliyat.com/islemler/istanbul/arnavutkoy/evden-eve-nakliyat/,UNKNOWN,UNKNOWN,UNKNOWN,UNKNOWN,UNKNOWN,false
akif,https://www.ankaraakifnakliyat.com/islemler/istanbul/arnavutkoy/ofis-tasima,istanbul_district_service,IMPROVE,200,true,180,0.0881,0.7547,0.2604,https://www.ankaraakifnakliyat.com/islemler/istanbul/esenler/ofis-tasima,false,false,true,43,36,Arnavutköy Ofis Taşıma | Akif Nakliyat,Arnavutköy . Ofis Taşıma,https://www.ankaraakifnakliyat.com/islemler/istanbul/arnavutkoy/ofis-tasima/,UNKNOWN,UNKNOWN,UNKNOWN,UNKNOWN,UNKNOWN,false
akif,https://www.ankaraakifnakliyat.com/islemler/istanbul/arnavutkoy/nakliyat-fiyatlari,istanbul_district_service,IMPROVE,200,true,200,0.0782,0.7542,0.3073,https://www.ankaraakifnakliyat.com/islemler/istanbul/esenler/nakliyat-fiyatlari,false,false,true,42,36,Arnavutköy Nakliyat Fiyatları | Akif Nakliyat,Arnavutköy . Nakliyat Fiyatları,https://www.ankaraakifnakliyat.com/islemler/istanbul/arnavutkoy/nakliyat-fiyatlari/,UNKNOWN,UNKNOWN,UNKNOWN,UNKNOWN,UNKNOWN,false
akif,https://www.ankaraakifnakliyat.com/islemler/istanbul/arnavutkoy/asansorlu-tasima,istanbul_district_service,IMPROVE,200,true,159,0.1022,0.5109,0.4326,https://www.ankaraakifnakliyat.com/islemler/istanbul/esenler/asansorlu-tasima,false,false,true,43,36,Arnavutköy Asansörlü Taşımacılık | Akif Nakliyat,Arnavutköy . Asansörlü Taşımacılık,https://www.ankaraakifnakliyat.com/islemler/istanbul/arnavutkoy/asansorlu-tasima/,UNKNOWN,UNKNOWN,UNKNOWN,UNKNOWN,UNKNOWN,false
akif,https://www.ankaraakifnakliyat.com/islemler/istanbul/arnavutkoy/sehirler-arasi-nakliyat,istanbul_district_service,IMPROVE,200,true,167,0.0927,0.6490,0.4293,https://www.ankaraakifnakliyat.com/islemler/istanbul/esenler/sehirler-arasi-nakliyat,false,false,true,43,36,Arnavutköy Şehirler Arası Nakliyat | Akif Nakliyat,Arnavutköy . Şehirler Arası Nakliyat,https://www.ankaraakifnakliyat.com/islemler/istanbul/arnavutkoy/sehirler-arasi-nakliyat/,UNKNOWN,UNKNOWN,UNKNOWN,UNKNOWN,UNKNOWN,false
akif,https://www.ankaraakifnakliyat.com/islemler/istanbul/atasehir/evden-eve-nakliyat,istanbul_district_service,IMPROVE,200,true,194,0.0787,0.8146,0.2500,https://www.ankaraakifnakliyat.com/islemler/istanbul/esenler/evden-eve-nakliyat,false,false,true,43,36,Ataşehir Evden Eve Nakliyat | Akif Nakliyat,Ataşehir . Evden Eve Nakliyat,https://www.ankaraakifnakliyat.com/islemler/istanbul/atasehir/evden-eve-nakliyat/,UNKNOWN,UNKNOWN,UNKNOWN,UNKNOWN,UNKNOWN,false
akif,https://www.ankaraakifnakliyat.com/islemler/istanbul/atasehir/ofis-tasima,istanbul_district_service,IMPROVE,200,true,180,0.0881,0.7547,0.2604,https://www.ankaraakifnakliyat.com/islemler/istanbul/esenler/ofis-tasima,false,false,true,43,36,Ataşehir Ofis Taşıma | Akif Nakliyat,Ataşehir . Ofis Taşıma,https://www.ankaraakifnakliyat.com/islemler/istanbul/atasehir/ofis-tasima/,UNKNOWN,UNKNOWN,UNKNOWN,UNKNOWN,UNKNOWN,false
akif,https://www.ankaraakifnakliyat.com/islemler/istanbul/atasehir/nakliyat-fiyatlari,istanbul_district_service,IMPROVE,200,true,200,0.0782,0.7542,0.3073,https://www.ankaraakifnakliyat.com/islemler/istanbul/esenler/nakliyat-fiyatlari,false,false,true,42,36,Ataşehir Nakliyat Fiyatları | Akif Nakliyat,Ataşehir . Nakliyat Fiyatları,https://www.ankaraakifnakliyat.com/islemler/istanbul/atasehir/nakliyat-fiyatlari/,UNKNOWN,UNKNOWN,UNKNOWN,UNKNOWN,UNKNOWN,false
akif,https://www.ankaraakifnakliyat.com/islemler/istanbul/atasehir/asansorlu-tasima,istanbul_district_service,IMPROVE,200,true,159,0.1022,0.5109,0.4326,https://www.ankaraakifnakliyat.com/islemler/istanbul/esenler/asansorlu-tasima,false,false,true,43,36,Ataşehir Asansörlü Taşımacılık | Akif Nakliyat,Ataşehir . Asansörlü Taşımacılık,https://www.ankaraakifnakliyat.com/islemler/istanbul/atasehir/asansorlu-tasima/,UNKNOWN,UNKNOWN,UNKNOWN,UNKNOWN,UNKNOWN,false
akif,https://www.ankaraakifnakliyat.com/islemler/istanbul/atasehir/sehirler-arasi-nakliyat,istanbul_district_service,IMPROVE,200,true,167,0.0927,0.6490,0.4293,https://www.ankaraakifnakliyat.com/islemler/istanbul/esenler/sehirler-arasi-nakliyat,false,false,true,43,36,Ataşehir Şehirler Arası Nakliyat | Akif Nakliyat,Ataşehir . Şehirler Arası Nakliyat,https://www.ankaraakifnakliyat.com/islemler/istanbul/atasehir/sehirler-arasi-nakliyat/,UNKNOWN,UNKNOWN,UNKNOWN,UNKNOWN,UNKNOWN,false
akif,https://www.ankaraakifnakliyat.com/islemler/istanbul/avcilar/evden-eve-nakliyat,istanbul_district_service,IMPROVE,200,true,194,0.0787,0.8146,0.2500,https://www.ankaraakifnakliyat.com/islemler/istanbul/esenler/evden-eve-nakliyat,false,false,true,43,36,Avcılar Evden Eve Nakliyat | Akif Nakliyat,Avcılar . Evden Eve Nakliyat,https://www.ankaraakifnakliyat.com/islemler/istanbul/avcilar/evden-eve-nakliyat/,UNKNOWN,UNKNOWN,UNKNOWN,UNKNOWN,UNKNOWN,false
akif,https://www.ankaraakifnakliyat.com/islemler/istanbul/avcilar/ofis-tasima,istanbul_district_service,IMPROVE,200,true,180,0.0881,0.7547,0.2604,https://www.ankaraakifnakliyat.com/islemler/istanbul/esenler/ofis-tasima,false,false,true,43,36,Avcılar Ofis Taşıma | Akif Nakliyat,Avcılar . Ofis Taşıma,https://www.ankaraakifnakliyat.com/islemler/istanbul/avcilar/ofis-tasima/,UNKNOWN,UNKNOWN,UNKNOWN,UNKNOWN,UNKNOWN,false
akif,https://www.ankaraakifnakliyat.com/islemler/istanbul/avcilar/nakliyat-fiyatlari,istanbul_district_service,IMPROVE,200,true,200,0.0782,0.7542,0.3073,https://www.ankaraakifnakliyat.com/islemler/istanbul/esenler/nakliyat-fiyatlari,false,false,true,42,36,Avcılar Nakliyat Fiyatları | Akif Nakliyat,Avcılar . Nakliyat Fiyatları,https://www.ankaraakifnakliyat.com/islemler/istanbul/avcilar/nakliyat-fiyatlari/,UNKNOWN,UNKNOWN,UNKNOWN,UNKNOWN,UNKNOWN,false
akif,https://www.ankaraakifnakliyat.com/islemler/istanbul/avcilar/asansorlu-tasima,istanbul_district_service,IMPROVE,200,true,159,0.1022,0.5109,0.4326,https://www.ankaraakifnakliyat.com/islemler/istanbul/esenler/asansorlu-tasima,false,false,true,43,36,Avcılar Asansörlü Taşımacılık | Akif Nakliyat,Avcılar . Asansörlü Taşımacılık,https://www.ankaraakifnakliyat.com/islemler/istanbul/avcilar/asansorlu-tasima/,UNKNOWN,UNKNOWN,UNKNOWN,UNKNOWN,UNKNOWN,false
akif,https://www.ankaraakifnakliyat.com/islemler/istanbul/avcilar/sehirler-arasi-nakliyat,istanbul_district_service,IMPROVE,200,true,167,0.0927,0.6490,0.4293,https://www.ankaraakifnakliyat.com/islemler/istanbul/esenler/sehirler-arasi-nakliyat,false,false,true,43,36,Avcılar Şehirler Arası Nakliyat | Akif Nakliyat,Avcılar . Şehirler Arası Nakliyat,https://www.ankaraakifnakliyat.com/islemler/istanbul/avcilar/sehirler-arasi-nakliyat/,UNKNOWN,UNKNOWN,UNKNOWN,UNKNOWN,UNKNOWN,false
akif,https://www.ankaraakifnakliyat.com/islemler/istanbul/bagcilar/evden-eve-nakliyat,istanbul_district_service,IMPROVE,200,true,194,0.0787,0.8146,0.2500,https://www.ankaraakifnakliyat.com/islemler/istanbul/esenler/evden-eve-nakliyat,false,false,true,43,36,Bağcılar Evden Eve Nakliyat | Akif Nakliyat,Bağcılar . Evden Eve Nakliyat,https://www.ankaraakifnakliyat.com/islemler/istanbul/bagcilar/evden-eve-nakliyat/,UNKNOWN,UNKNOWN,UNKNOWN,UNKNOWN,UNKNOWN,false
akif,https://www.ankaraakifnakliyat.com/islemler/istanbul/bagcilar/ofis-tasima,istanbul_district_service,IMPROVE,200,true,180,0.0881,0.7547,0.2604,https://www.ankaraakifnakliyat.com/islemler/istanbul/esenler/ofis-tasima,false,false,true,43,36,Bağcılar Ofis Taşıma | Akif Nakliyat,Bağcılar . Ofis Taşıma,https://www.ankaraakifnakliyat.com/islemler/istanbul/bagcilar/ofis-tasima/,UNKNOWN,UNKNOWN,UNKNOWN,UNKNOWN,UNKNOWN,false
akif,https://www.ankaraakifnakliyat.com/islemler/istanbul/bagcilar/nakliyat-fiyatlari,istanbul_district_service,IMPROVE,200,true,200,0.0782,0.7542,0.3073,https://www.ankaraakifnakliyat.com/islemler/istanbul/esenler/nakliyat-fiyatlari,false,false,true,42,36,Bağcılar Nakliyat Fiyatları | Akif Nakliyat,Bağcılar . Nakliyat Fiyatları,https://www.ankaraakifnakliyat.com/islemler/istanbul/bagcilar/nakliyat-fiyatlari/,UNKNOWN,UNKNOWN,UNKNOWN,UNKNOWN,UNKNOWN,false
akif,https://www.ankaraakifnakliyat.com/islemler/istanbul/bagcilar/asansorlu-tasima,istanbul_district_service,IMPROVE,200,true,159,0.1022,0.5109,0.4326,https://www.ankaraakifnakliyat.com/islemler/istanbul/esenler/asansorlu-tasima,false,false,true,43,36,Bağcılar Asansörlü Taşımacılık | Akif Nakliyat,Bağcılar . Asansörlü Taşımacılık,https://www.ankaraakifnakliyat.com/islemler/istanbul/bagcilar/asansorlu-tasima/,UNKNOWN,UNKNOWN,UNKNOWN,UNKNOWN,UNKNOWN,false
akif,https://www.ankaraakifnakliyat.com/islemler/istanbul/bagcilar/sehirler-arasi-nakliyat,istanbul_district_service,IMPROVE,200,true,167,0.0927,0.6490,0.4293,https://www.ankaraakifnakliyat.com/islemler/istanbul/esenler/sehirler-arasi-nakliyat,false,false,true,43,36,Bağcılar Şehirler Arası Nakliyat | Akif Nakliyat,Bağcılar . Şehirler Arası Nakliyat,https://www.ankaraakifnakliyat.com/islemler/istanbul/bagcilar/sehirler-arasi-nakliyat/,UNKNOWN,UNKNOWN,UNKNOWN,UNKNOWN,UNKNOWN,false
akif,https://www.ankaraakifnakliyat.com/islemler/istanbul/bahcelievler/evden-eve-nakliyat,istanbul_district_service,IMPROVE,200,true,194,0.0787,0.8146,0.2500,https://www.ankaraakifnakliyat.com/islemler/istanbul/esenler/evden-eve-nakliyat,false,false,true,43,36,Bahçelievler Evden Eve Nakliyat | Akif Nakliyat,Bahçelievler . Evden Eve Nakliyat,https://www.ankaraakifnakliyat.com/islemler/istanbul/bahcelievler/evden-eve-nakliyat/,UNKNOWN,UNKNOWN,UNKNOWN,UNKNOWN,UNKNOWN,false
akif,https://www.ankaraakifnakliyat.com/islemler/istanbul/bahcelievler/ofis-tasima,istanbul_district_service,IMPROVE,200,true,180,0.0881,0.7547,0.2604,https://www.ankaraakifnakliyat.com/islemler/istanbul/esenler/ofis-tasima,false,false,true,43,36,Bahçelievler Ofis Taşıma | Akif Nakliyat,Bahçelievler . Ofis Taşıma,https://www.ankaraakifnakliyat.com/islemler/istanbul/bahcelievler/ofis-tasima/,UNKNOWN,UNKNOWN,UNKNOWN,UNKNOWN,UNKNOWN,false
akif,https://www.ankaraakifnakliyat.com/islemler/istanbul/bahcelievler/nakliyat-fiyatlari,istanbul_district_service,IMPROVE,200,true,200,0.0782,0.7542,0.3073,https://www.ankaraakifnakliyat.com/islemler/istanbul/esenler/nakliyat-fiyatlari,false,false,true,42,36,Bahçelievler Nakliyat Fiyatları | Akif Nakliyat,Bahçelievler . Nakliyat Fiyatları,https://www.ankaraakifnakliyat.com/islemler/istanbul/bahcelievler/nakliyat-fiyatlari/,UNKNOWN,UNKNOWN,UNKNOWN,UNKNOWN,UNKNOWN,false
akif,https://www.ankaraakifnakliyat.com/islemler/istanbul/bahcelievler/asansorlu-tasima,istanbul_district_service,IMPROVE,200,true,159,0.1022,0.5109,0.4326,https://www.ankaraakifnakliyat.com/islemler/istanbul/esenler/asansorlu-tasima,false,false,true,43,36,Bahçelievler Asansörlü Taşımacılık | Akif Nakliyat,Bahçelievler . Asansörlü Taşımacılık,https://www.ankaraakifnakliyat.com/islemler/istanbul/bahcelievler/asansorlu-tasima/,UNKNOWN,UNKNOWN,UNKNOWN,UNKNOWN,UNKNOWN,false
akif,https://www.ankaraakifnakliyat.com/islemler/istanbul/bahcelievler/sehirler-arasi-nakliyat,istanbul_district_service,IMPROVE,200,true,167,0.0927,0.6490,0.4293,https://www.ankaraakifnakliyat.com/islemler/istanbul/esenler/sehirler-arasi-nakliyat,false,false,true,43,36,Bahçelievler Şehirler Arası Nakliyat | Akif Nakliyat,Bahçelievler . Şehirler Arası Nakliyat,https://www.ankaraakifnakliyat.com/islemler/istanbul/bahcelievler/sehirler-arasi-nakliyat/,UNKNOWN,UNKNOWN,UNKNOWN,UNKNOWN,UNKNOWN,false
akif,https://www.ankaraakifnakliyat.com/islemler/istanbul/bakirkoy/evden-eve-nakliyat,istanbul_district_service,IMPROVE,200,true,194,0.0787,0.8146,0.2500,https://www.ankaraakifnakliyat.com/islemler/istanbul/esenler/evden-eve-nakliyat,false,false,true,43,36,Bakırköy Evden Eve Nakliyat | Akif Nakliyat,Bakırköy . Evden Eve Nakliyat,https://www.ankaraakifnakliyat.com/islemler/istanbul/bakirkoy/evden-eve-nakliyat/,UNKNOWN,UNKNOWN,UNKNOWN,UNKNOWN,UNKNOWN,false
akif,https://www.ankaraakifnakliyat.com/islemler/istanbul/bakirkoy/ofis-tasima,istanbul_district_service,IMPROVE,200,true,180,0.0881,0.7547,0.2604,https://www.ankaraakifnakliyat.com/islemler/istanbul/esenler/ofis-tasima,false,false,true,43,36,Bakırköy Ofis Taşıma | Akif Nakliyat,Bakırköy . Ofis Taşıma,https://www.ankaraakifnakliyat.com/islemler/istanbul/bakirkoy/ofis-tasima/,UNKNOWN,UNKNOWN,UNKNOWN,UNKNOWN,UNKNOWN,false
akif,https://www.ankaraakifnakliyat.com/islemler/istanbul/bakirkoy/nakliyat-fiyatlari,istanbul_district_service,IMPROVE,200,true,200,0.0782,0.7542,0.3073,https://www.ankaraakifnakliyat.com/islemler/istanbul/esenler/nakliyat-fiyatlari,false,false,true,42,36,Bakırköy Nakliyat Fiyatları | Akif Nakliyat,Bakırköy . Nakliyat Fiyatları,https://www.ankaraakifnakliyat.com/islemler/istanbul/bakirkoy/nakliyat-fiyatlari/,UNKNOWN,UNKNOWN,UNKNOWN,UNKNOWN,UNKNOWN,false
akif,https://www.ankaraakifnakliyat.com/islemler/istanbul/bakirkoy/asansorlu-tasima,istanbul_district_service,IMPROVE,200,true,159,0.1022,0.5109,0.4326,https://www.ankaraakifnakliyat.com/islemler/istanbul/esenler/asansorlu-tasima,false,false,true,43,36,Bakırköy Asansörlü Taşımacılık | Akif Nakliyat,Bakırköy . Asansörlü Taşımacılık,https://www.ankaraakifnakliyat.com/islemler/istanbul/bakirkoy/asansorlu-tasima/,UNKNOWN,UNKNOWN,UNKNOWN,UNKNOWN,UNKNOWN,false
akif,https://www.ankaraakifnakliyat.com/islemler/istanbul/bakirkoy/sehirler-arasi-nakliyat,istanbul_district_service,IMPROVE,200,true,167,0.0927,0.6490,0.4293,https://www.ankaraakifnakliyat.com/islemler/istanbul/esenler/sehirler-arasi-nakliyat,false,false,true,43,36,Bakırköy Şehirler Arası Nakliyat | Akif Nakliyat,Bakırköy . Şehirler Arası Nakliyat,https://www.ankaraakifnakliyat.com/islemler/istanbul/bakirkoy/sehirler-arasi-nakliyat/,UNKNOWN,UNKNOWN,UNKNOWN,UNKNOWN,UNKNOWN,false
akif,https://www.ankaraakifnakliyat.com/islemler/istanbul/basaksehir/evden-eve-nakliyat,istanbul_district_service,IMPROVE,200,true,194,0.0787,0.8146,0.2500,https://www.ankaraakifnakliyat.com/islemler/istanbul/beykoz/evden-eve-nakliyat,false,false,true,43,36,Başakşehir Evden Eve Nakliyat | Akif Nakliyat,Başakşehir . Evden Eve Nakliyat,https://www.ankaraakifnakliyat.com/islemler/istanbul/basaksehir/evden-eve-nakliyat/,UNKNOWN,UNKNOWN,UNKNOWN,UNKNOWN,UNKNOWN,false
akif,https://www.ankaraakifnakliyat.com/islemler/istanbul/basaksehir/ofis-tasima,istanbul_district_service,IMPROVE,200,true,180,0.0881,0.7547,0.2604,https://www.ankaraakifnakliyat.com/islemler/istanbul/beykoz/ofis-tasima,false,false,true,43,36,Başakşehir Ofis Taşıma | Akif Nakliyat,Başakşehir . Ofis Taşıma,https://www.ankaraakifnakliyat.com/islemler/istanbul/basaksehir/ofis-tasima/,UNKNOWN,UNKNOWN,UNKNOWN,UNKNOWN,UNKNOWN,false
akif,https://www.ankaraakifnakliyat.com/islemler/istanbul/basaksehir/nakliyat-fiyatlari,istanbul_district_service,IMPROVE,200,true,200,0.0782,0.7542,0.3073,https://www.ankaraakifnakliyat.com/islemler/istanbul/beykoz/nakliyat-fiyatlari,false,false,true,42,36,Başakşehir Nakliyat Fiyatları | Akif Nakliyat,Başakşehir . Nakliyat Fiyatları,https://www.ankaraakifnakliyat.com/islemler/istanbul/basaksehir/nakliyat-fiyatlari/,UNKNOWN,UNKNOWN,UNKNOWN,UNKNOWN,UNKNOWN,false
akif,https://www.ankaraakifnakliyat.com/islemler/istanbul/basaksehir/asansorlu-tasima,istanbul_district_service,IMPROVE,200,true,159,0.1022,0.5109,0.4326,https://www.ankaraakifnakliyat.com/islemler/istanbul/beykoz/asansorlu-tasima,false,false,true,43,36,Başakşehir Asansörlü Taşımacılık | Akif Nakliyat,Başakşehir . Asansörlü Taşımacılık,https://www.ankaraakifnakliyat.com/islemler/istanbul/basaksehir/asansorlu-tasima/,UNKNOWN,UNKNOWN,UNKNOWN,UNKNOWN,UNKNOWN,false
akif,https://www.ankaraakifnakliyat.com/islemler/istanbul/basaksehir/sehirler-arasi-nakliyat,istanbul_district_service,IMPROVE,200,true,167,0.0927,0.6490,0.4293,https://www.ankaraakifnakliyat.com/islemler/istanbul/beykoz/sehirler-arasi-nakliyat,false,false,true,43,36,Başakşehir Şehirler Arası Nakliyat | Akif Nakliyat,Başakşehir . Şehirler Arası Nakliyat,https://www.ankaraakifnakliyat.com/islemler/istanbul/basaksehir/sehirler-arasi-nakliyat/,UNKNOWN,UNKNOWN,UNKNOWN,UNKNOWN,UNKNOWN,false
akif,https://www.ankaraakifnakliyat.com/islemler/istanbul/bayrampasa/evden-eve-nakliyat,istanbul_district_service,IMPROVE,200,true,194,0.0787,0.8146,0.2564,https://www.ankaraakifnakliyat.com/islemler/istanbul/beykoz/evden-eve-nakliyat,false,false,true,43,36,Bayrampaşa Evden Eve Nakliyat | Akif Nakliyat,Bayrampaşa . Evden Eve Nakliyat,https://www.ankaraakifnakliyat.com/islemler/istanbul/bayrampasa/evden-eve-nakliyat/,UNKNOWN,UNKNOWN,UNKNOWN,UNKNOWN,UNKNOWN,false
akif,https://www.ankaraakifnakliyat.com/islemler/istanbul/bayrampasa/ofis-tasima,istanbul_district_service,IMPROVE,200,true,180,0.0881,0.7547,0.2670,https://www.ankaraakifnakliyat.com/islemler/istanbul/beykoz/ofis-tasima,false,false,true,43,36,Bayrampaşa Ofis Taşıma | Akif Nakliyat,Bayrampaşa . Ofis Taşıma,https://www.ankaraakifnakliyat.com/islemler/istanbul/bayrampasa/ofis-tasima/,UNKNOWN,UNKNOWN,UNKNOWN,UNKNOWN,UNKNOWN,false
akif,https://www.ankaraakifnakliyat.com/islemler/istanbul/bayrampasa/nakliyat-fiyatlari,istanbul_district_service,IMPROVE,200,true,200,0.0782,0.7542,0.3134,https://www.ankaraakifnakliyat.com/islemler/istanbul/beykoz/nakliyat-fiyatlari,false,false,true,42,36,Bayrampaşa Nakliyat Fiyatları | Akif Nakliyat,Bayrampaşa . Nakliyat Fiyatları,https://www.ankaraakifnakliyat.com/islemler/istanbul/bayrampasa/nakliyat-fiyatlari/,UNKNOWN,UNKNOWN,UNKNOWN,UNKNOWN,UNKNOWN,false
akif,https://www.ankaraakifnakliyat.com/islemler/istanbul/bayrampasa/asansorlu-tasima,istanbul_district_service,IMPROVE,200,true,159,0.1022,0.5109,0.4407,https://www.ankaraakifnakliyat.com/islemler/istanbul/beykoz/asansorlu-tasima,false,false,true,43,36,Bayrampaşa Asansörlü Taşımacılık | Akif Nakliyat,Bayrampaşa . Asansörlü Taşımacılık,https://www.ankaraakifnakliyat.com/islemler/istanbul/bayrampasa/asansorlu-tasima/,UNKNOWN,UNKNOWN,UNKNOWN,UNKNOWN,UNKNOWN,false
akif,https://www.ankaraakifnakliyat.com/islemler/istanbul/bayrampasa/sehirler-arasi-nakliyat,istanbul_district_service,IMPROVE,200,true,167,0.0927,0.6490,0.4372,https://www.ankaraakifnakliyat.com/islemler/istanbul/beykoz/sehirler-arasi-nakliyat,false,false,true,43,36,Bayrampaşa Şehirler Arası Nakliyat | Akif Nakliyat,Bayrampaşa . Şehirler Arası Nakliyat,https://www.ankaraakifnakliyat.com/islemler/istanbul/bayrampasa/sehirler-arasi-nakliyat/,UNKNOWN,UNKNOWN,UNKNOWN,UNKNOWN,UNKNOWN,false
akif,https://www.ankaraakifnakliyat.com/islemler/istanbul/besiktas/evden-eve-nakliyat,istanbul_district_service,IMPROVE,200,true,194,0.0787,0.8146,0.2629,https://www.ankaraakifnakliyat.com/islemler/istanbul/beykoz/evden-eve-nakliyat,false,false,true,43,36,Beşiktaş Evden Eve Nakliyat | Akif Nakliyat,Beşiktaş . Evden Eve Nakliyat,https://www.ankaraakifnakliyat.com/islemler/istanbul/besiktas/evden-eve-nakliyat/,UNKNOWN,UNKNOWN,UNKNOWN,UNKNOWN,UNKNOWN,false
akif,https://www.ankaraakifnakliyat.com/islemler/istanbul/besiktas/ofis-tasima,istanbul_district_service,IMPROVE,200,true,180,0.0881,0.7547,0.2737,https://www.ankaraakifnakliyat.com/islemler/istanbul/beykoz/ofis-tasima,false,false,true,43,36,Beşiktaş Ofis Taşıma | Akif Nakliyat,Beşiktaş . Ofis Taşıma,https://www.ankaraakifnakliyat.com/islemler/istanbul/besiktas/ofis-tasima/,UNKNOWN,UNKNOWN,UNKNOWN,UNKNOWN,UNKNOWN,false
akif,https://www.ankaraakifnakliyat.com/islemler/istanbul/besiktas/nakliyat-fiyatlari,istanbul_district_service,IMPROVE,200,true,200,0.0782,0.7542,0.3194,https://www.ankaraakifnakliyat.com/islemler/istanbul/beykoz/nakliyat-fiyatlari,false,false,true,42,36,Beşiktaş Nakliyat Fiyatları | Akif Nakliyat,Beşiktaş . Nakliyat Fiyatları,https://www.ankaraakifnakliyat.com/islemler/istanbul/besiktas/nakliyat-fiyatlari/,UNKNOWN,UNKNOWN,UNKNOWN,UNKNOWN,UNKNOWN,false
akif,https://www.ankaraakifnakliyat.com/islemler/istanbul/besiktas/asansorlu-tasima,istanbul_district_service,IMPROVE,200,true,159,0.1022,0.5109,0.4489,https://www.ankaraakifnakliyat.com/islemler/istanbul/beykoz/asansorlu-tasima,false,false,true,43,36,Beşiktaş Asansörlü Taşımacılık | Akif Nakliyat,Beşiktaş . Asansörlü Taşımacılık,https://www.ankaraakifnakliyat.com/islemler/istanbul/besiktas/asansorlu-tasima/,UNKNOWN,UNKNOWN,UNKNOWN,UNKNOWN,UNKNOWN,false
akif,https://www.ankaraakifnakliyat.com/islemler/istanbul/besiktas/sehirler-arasi-nakliyat,istanbul_district_service,IMPROVE,200,true,167,0.0927,0.6490,0.4451,https://www.ankaraakifnakliyat.com/islemler/istanbul/beykoz/sehirler-arasi-nakliyat,false,false,true,43,36,Beşiktaş Şehirler Arası Nakliyat | Akif Nakliyat,Beşiktaş . Şehirler Arası Nakliyat,https://www.ankaraakifnakliyat.com/islemler/istanbul/besiktas/sehirler-arasi-nakliyat/,UNKNOWN,UNKNOWN,UNKNOWN,UNKNOWN,UNKNOWN,false
akif,https://www.ankaraakifnakliyat.com/islemler/istanbul/beykoz/evden-eve-nakliyat,istanbul_district_service,MERGE,200,true,194,0.0787,0.8146,0.9649,https://www.ankaraakifnakliyat.com/islemler/istanbul/esenler/evden-eve-nakliyat,true,true,true,43,36,Beykoz Evden Eve Nakliyat | Akif Nakliyat,Beykoz . Evden Eve Nakliyat,https://www.ankaraakifnakliyat.com/islemler/istanbul/beykoz/evden-eve-nakliyat/,UNKNOWN,UNKNOWN,UNKNOWN,UNKNOWN,UNKNOWN,false
akif,https://www.ankaraakifnakliyat.com/islemler/istanbul/beykoz/ofis-tasima,istanbul_district_service,MERGE,200,true,180,0.0881,0.7547,0.9646,https://www.ankaraakifnakliyat.com/islemler/istanbul/esenler/ofis-tasima,true,true,true,43,36,Beykoz Ofis Taşıma | Akif Nakliyat,Beykoz . Ofis Taşıma,https://www.ankaraakifnakliyat.com/islemler/istanbul/beykoz/ofis-tasima/,UNKNOWN,UNKNOWN,UNKNOWN,UNKNOWN,UNKNOWN,false
akif,https://www.ankaraakifnakliyat.com/islemler/istanbul/beykoz/nakliyat-fiyatlari,istanbul_district_service,MERGE,200,true,200,0.0782,0.7542,0.9701,https://www.ankaraakifnakliyat.com/islemler/istanbul/esenler/nakliyat-fiyatlari,true,true,true,42,36,Beykoz Nakliyat Fiyatları | Akif Nakliyat,Beykoz . Nakliyat Fiyatları,https://www.ankaraakifnakliyat.com/islemler/istanbul/beykoz/nakliyat-fiyatlari/,UNKNOWN,UNKNOWN,UNKNOWN,UNKNOWN,UNKNOWN,false
akif,https://www.ankaraakifnakliyat.com/islemler/istanbul/beykoz/asansorlu-tasima,istanbul_district_service,MERGE,200,true,159,0.1022,0.5109,0.9675,https://www.ankaraakifnakliyat.com/islemler/istanbul/esenler/asansorlu-tasima,true,true,true,43,36,Beykoz Asansörlü Taşımacılık | Akif Nakliyat,Beykoz . Asansörlü Taşımacılık,https://www.ankaraakifnakliyat.com/islemler/istanbul/beykoz/asansorlu-tasima/,UNKNOWN,UNKNOWN,UNKNOWN,UNKNOWN,UNKNOWN,false
akif,https://www.ankaraakifnakliyat.com/islemler/istanbul/beykoz/sehirler-arasi-nakliyat,istanbul_district_service,MERGE,200,true,167,0.0927,0.6490,0.9685,https://www.ankaraakifnakliyat.com/islemler/istanbul/esenler/sehirler-arasi-nakliyat,true,true,true,43,36,Beykoz Şehirler Arası Nakliyat | Akif Nakliyat,Beykoz . Şehirler Arası Nakliyat,https://www.ankaraakifnakliyat.com/islemler/istanbul/beykoz/sehirler-arasi-nakliyat/,UNKNOWN,UNKNOWN,UNKNOWN,UNKNOWN,UNKNOWN,false
akif,https://www.ankaraakifnakliyat.com/islemler/istanbul/beylikduzu/evden-eve-nakliyat,istanbul_district_service,IMPROVE,200,true,194,0.0787,0.8146,0.2760,https://www.ankaraakifnakliyat.com/islemler/istanbul/esenler/evden-eve-nakliyat,false,false,true,43,36,Beylikdüzü Evden Eve Nakliyat | Akif Nakliyat,Beylikdüzü . Evden Eve Nakliyat,https://www.ankaraakifnakliyat.com/islemler/istanbul/beylikduzu/evden-eve-nakliyat/,UNKNOWN,UNKNOWN,UNKNOWN,UNKNOWN,UNKNOWN,false
akif,https://www.ankaraakifnakliyat.com/islemler/istanbul/beylikduzu/ofis-tasima,istanbul_district_service,IMPROVE,200,true,180,0.0881,0.7547,0.2872,https://www.ankaraakifnakliyat.com/islemler/istanbul/esenler/ofis-tasima,false,false,true,43,36,Beylikdüzü Ofis Taşıma | Akif Nakliyat,Beylikdüzü . Ofis Taşıma,https://www.ankaraakifnakliyat.com/islemler/istanbul/beylikduzu/ofis-tasima/,UNKNOWN,UNKNOWN,UNKNOWN,UNKNOWN,UNKNOWN,false
akif,https://www.ankaraakifnakliyat.com/islemler/istanbul/beylikduzu/nakliyat-fiyatlari,istanbul_district_service,IMPROVE,200,true,200,0.0782,0.7542,0.3318,https://www.ankaraakifnakliyat.com/islemler/istanbul/esenler/nakliyat-fiyatlari,false,false,true,42,36,Beylikdüzü Nakliyat Fiyatları | Akif Nakliyat,Beylikdüzü . Nakliyat Fiyatları,https://www.ankaraakifnakliyat.com/islemler/istanbul/beylikduzu/nakliyat-fiyatlari/,UNKNOWN,UNKNOWN,UNKNOWN,UNKNOWN,UNKNOWN,false
akif,https://www.ankaraakifnakliyat.com/islemler/istanbul/beylikduzu/asansorlu-tasima,istanbul_district_service,IMPROVE,200,true,159,0.1022,0.5109,0.4655,https://www.ankaraakifnakliyat.com/islemler/istanbul/esenler/asansorlu-tasima,false,false,true,43,36,Beylikdüzü Asansörlü Taşımacılık | Akif Nakliyat,Beylikdüzü . Asansörlü Taşımacılık,https://www.ankaraakifnakliyat.com/islemler/istanbul/beylikduzu/asansorlu-tasima/,UNKNOWN,UNKNOWN,UNKNOWN,UNKNOWN,UNKNOWN,false
akif,https://www.ankaraakifnakliyat.com/islemler/istanbul/beylikduzu/sehirler-arasi-nakliyat,istanbul_district_service,IMPROVE,200,true,167,0.0927,0.6490,0.4611,https://www.ankaraakifnakliyat.com/islemler/istanbul/esenler/sehirler-arasi-nakliyat,false,false,true,43,36,Beylikdüzü Şehirler Arası Nakliyat | Akif Nakliyat,Beylikdüzü . Şehirler Arası Nakliyat,https://www.ankaraakifnakliyat.com/islemler/istanbul/beylikduzu/sehirler-arasi-nakliyat/,UNKNOWN,UNKNOWN,UNKNOWN,UNKNOWN,UNKNOWN,false
akif,https://www.ankaraakifnakliyat.com/islemler/istanbul/beyoglu/evden-eve-nakliyat,istanbul_district_service,IMPROVE,200,true,194,0.1461,0.8146,0.2827,https://www.ankaraakifnakliyat.com/islemler/istanbul/esenler/evden-eve-nakliyat,false,false,true,17,36,Beyoğlu Evden Eve Nakliyat | Akif Nakliyat,Beyoğlu . Evden Eve Nakliyat,https://www.ankaraakifnakliyat.com/islemler/istanbul/beyoglu/evden-eve-nakliyat/,UNKNOWN,UNKNOWN,UNKNOWN,UNKNOWN,UNKNOWN,false
akif,https://www.ankaraakifnakliyat.com/islemler/istanbul/beyoglu/ofis-tasima,istanbul_district_service,IMPROVE,200,true,180,0.1635,0.7547,0.2941,https://www.ankaraakifnakliyat.com/islemler/istanbul/esenler/ofis-tasima,false,false,true,17,36,Beyoğlu Ofis Taşıma | Akif Nakliyat,Beyoğlu . Ofis Taşıma,https://www.ankaraakifnakliyat.com/islemler/istanbul/beyoglu/ofis-tasima/,UNKNOWN,UNKNOWN,UNKNOWN,UNKNOWN,UNKNOWN,false
akif,https://www.ankaraakifnakliyat.com/islemler/istanbul/beyoglu/nakliyat-fiyatlari,istanbul_district_service,IMPROVE,200,true,200,0.1453,0.7542,0.3380,https://www.ankaraakifnakliyat.com/islemler/istanbul/esenler/nakliyat-fiyatlari,false,false,true,16,36,Beyoğlu Nakliyat Fiyatları | Akif Nakliyat,Beyoğlu . Nakliyat Fiyatları,https://www.ankaraakifnakliyat.com/islemler/istanbul/beyoglu/nakliyat-fiyatlari/,UNKNOWN,UNKNOWN,UNKNOWN,UNKNOWN,UNKNOWN,false
akif,https://www.ankaraakifnakliyat.com/islemler/istanbul/beyoglu/asansorlu-tasima,istanbul_district_service,IMPROVE,200,true,159,0.1898,0.5109,0.4740,https://www.ankaraakifnakliyat.com/islemler/istanbul/esenler/asansorlu-tasima,false,false,true,17,36,Beyoğlu Asansörlü Taşımacılık | Akif Nakliyat,Beyoğlu . Asansörlü Taşımacılık,https://www.ankaraakifnakliyat.com/islemler/istanbul/beyoglu/asansorlu-tasima/,UNKNOWN,UNKNOWN,UNKNOWN,UNKNOWN,UNKNOWN,false
akif,https://www.ankaraakifnakliyat.com/islemler/istanbul/beyoglu/sehirler-arasi-nakliyat,istanbul_district_service,IMPROVE,200,true,167,0.1722,0.6490,0.4693,https://www.ankaraakifnakliyat.com/islemler/istanbul/esenler/sehirler-arasi-nakliyat,false,false,true,17,36,Beyoğlu Şehirler Arası Nakliyat | Akif Nakliyat,Beyoğlu . Şehirler Arası Nakliyat,https://www.ankaraakifnakliyat.com/islemler/istanbul/beyoglu/sehirler-arasi-nakliyat/,UNKNOWN,UNKNOWN,UNKNOWN,UNKNOWN,UNKNOWN,false
akif,https://www.ankaraakifnakliyat.com/islemler/istanbul/buyukcekmece/evden-eve-nakliyat,istanbul_district_service,IMPROVE,200,true,194,0.1461,0.8146,0.2827,https://www.ankaraakifnakliyat.com/islemler/istanbul/esenler/evden-eve-nakliyat,false,false,true,5,36,Büyükçekmece Evden Eve Nakliyat | Akif Nakliyat,Büyükçekmece . Evden Eve Nakliyat,https://www.ankaraakifnakliyat.com/islemler/istanbul/buyukcekmece/evden-eve-nakliyat/,UNKNOWN,UNKNOWN,UNKNOWN,UNKNOWN,UNKNOWN,false
akif,https://www.ankaraakifnakliyat.com/islemler/istanbul/buyukcekmece/ofis-tasima,istanbul_district_service,IMPROVE,200,true,180,0.1635,0.7547,0.2941,https://www.ankaraakifnakliyat.com/islemler/istanbul/esenler/ofis-tasima,false,false,true,5,36,Büyükçekmece Ofis Taşıma | Akif Nakliyat,Büyükçekmece . Ofis Taşıma,https://www.ankaraakifnakliyat.com/islemler/istanbul/buyukcekmece/ofis-tasima/,UNKNOWN,UNKNOWN,UNKNOWN,UNKNOWN,UNKNOWN,false
akif,https://www.ankaraakifnakliyat.com/islemler/istanbul/buyukcekmece/nakliyat-fiyatlari,istanbul_district_service,IMPROVE,200,true,200,0.1453,0.7542,0.3380,https://www.ankaraakifnakliyat.com/islemler/istanbul/esenler/nakliyat-fiyatlari,false,false,true,4,36,Büyükçekmece Nakliyat Fiyatları | Akif Nakliyat,Büyükçekmece . Nakliyat Fiyatları,https://www.ankaraakifnakliyat.com/islemler/istanbul/buyukcekmece/nakliyat-fiyatlari/,UNKNOWN,UNKNOWN,UNKNOWN,UNKNOWN,UNKNOWN,false
akif,https://www.ankaraakifnakliyat.com/islemler/istanbul/buyukcekmece/asansorlu-tasima,istanbul_district_service,IMPROVE,200,true,159,0.1898,0.5109,0.4740,https://www.ankaraakifnakliyat.com/islemler/istanbul/esenler/asansorlu-tasima,false,false,true,5,36,Büyükçekmece Asansörlü Taşımacılık | Akif Nakliyat,Büyükçekmece . Asansörlü Taşımacılık,https://www.ankaraakifnakliyat.com/islemler/istanbul/buyukcekmece/asansorlu-tasima/,UNKNOWN,UNKNOWN,UNKNOWN,UNKNOWN,UNKNOWN,false
akif,https://www.ankaraakifnakliyat.com/islemler/istanbul/buyukcekmece/sehirler-arasi-nakliyat,istanbul_district_service,IMPROVE,200,true,167,0.1722,0.6490,0.4693,https://www.ankaraakifnakliyat.com/islemler/istanbul/esenler/sehirler-arasi-nakliyat,false,false,true,5,36,Büyükçekmece Şehirler Arası Nakliyat | Akif Nakliyat,Büyükçekmece . Şehirler Arası Nakliyat,https://www.ankaraakifnakliyat.com/islemler/istanbul/buyukcekmece/sehirler-arasi-nakliyat/,UNKNOWN,UNKNOWN,UNKNOWN,UNKNOWN,UNKNOWN,false
akif,https://www.ankaraakifnakliyat.com/islemler/istanbul/catalca/evden-eve-nakliyat,istanbul_district_service,IMPROVE,200,true,194,0.1461,0.8146,0.2827,https://www.ankaraakifnakliyat.com/islemler/istanbul/esenler/evden-eve-nakliyat,false,false,true,5,36,Çatalca Evden Eve Nakliyat | Akif Nakliyat,Çatalca . Evden Eve Nakliyat,https://www.ankaraakifnakliyat.com/islemler/istanbul/catalca/evden-eve-nakliyat/,UNKNOWN,UNKNOWN,UNKNOWN,UNKNOWN,UNKNOWN,false
akif,https://www.ankaraakifnakliyat.com/islemler/istanbul/catalca/ofis-tasima,istanbul_district_service,IMPROVE,200,true,180,0.1635,0.7547,0.2941,https://www.ankaraakifnakliyat.com/islemler/istanbul/esenler/ofis-tasima,false,false,true,5,36,Çatalca Ofis Taşıma | Akif Nakliyat,Çatalca . Ofis Taşıma,https://www.ankaraakifnakliyat.com/islemler/istanbul/catalca/ofis-tasima/,UNKNOWN,UNKNOWN,UNKNOWN,UNKNOWN,UNKNOWN,false
akif,https://www.ankaraakifnakliyat.com/islemler/istanbul/catalca/nakliyat-fiyatlari,istanbul_district_service,IMPROVE,200,true,200,0.1453,0.7542,0.3380,https://www.ankaraakifnakliyat.com/islemler/istanbul/esenler/nakliyat-fiyatlari,false,false,true,4,36,Çatalca Nakliyat Fiyatları | Akif Nakliyat,Çatalca . Nakliyat Fiyatları,https://www.ankaraakifnakliyat.com/islemler/istanbul/catalca/nakliyat-fiyatlari/,UNKNOWN,UNKNOWN,UNKNOWN,UNKNOWN,UNKNOWN,false
akif,https://www.ankaraakifnakliyat.com/islemler/istanbul/catalca/asansorlu-tasima,istanbul_district_service,IMPROVE,200,true,159,0.1898,0.5109,0.4740,https://www.ankaraakifnakliyat.com/islemler/istanbul/esenler/asansorlu-tasima,false,false,true,5,36,Çatalca Asansörlü Taşımacılık | Akif Nakliyat,Çatalca . Asansörlü Taşımacılık,https://www.ankaraakifnakliyat.com/islemler/istanbul/catalca/asansorlu-tasima/,UNKNOWN,UNKNOWN,UNKNOWN,UNKNOWN,UNKNOWN,false
akif,https://www.ankaraakifnakliyat.com/islemler/istanbul/catalca/sehirler-arasi-nakliyat,istanbul_district_service,IMPROVE,200,true,167,0.1722,0.6490,0.4693,https://www.ankaraakifnakliyat.com/islemler/istanbul/esenler/sehirler-arasi-nakliyat,false,false,true,5,36,Çatalca Şehirler Arası Nakliyat | Akif Nakliyat,Çatalca . Şehirler Arası Nakliyat,https://www.ankaraakifnakliyat.com/islemler/istanbul/catalca/sehirler-arasi-nakliyat/,UNKNOWN,UNKNOWN,UNKNOWN,UNKNOWN,UNKNOWN,false
akif,https://www.ankaraakifnakliyat.com/islemler/istanbul/cekmekoy/evden-eve-nakliyat,istanbul_district_service,IMPROVE,200,true,194,0.1461,0.8146,0.2827,https://www.ankaraakifnakliyat.com/islemler/istanbul/esenler/evden-eve-nakliyat,false,false,true,5,36,Çekmeköy Evden Eve Nakliyat | Akif Nakliyat,Çekmeköy . Evden Eve Nakliyat,https://www.ankaraakifnakliyat.com/islemler/istanbul/cekmekoy/evden-eve-nakliyat/,UNKNOWN,UNKNOWN,UNKNOWN,UNKNOWN,UNKNOWN,false
akif,https://www.ankaraakifnakliyat.com/islemler/istanbul/cekmekoy/ofis-tasima,istanbul_district_service,IMPROVE,200,true,180,0.1635,0.7547,0.2941,https://www.ankaraakifnakliyat.com/islemler/istanbul/esenler/ofis-tasima,false,false,true,5,36,Çekmeköy Ofis Taşıma | Akif Nakliyat,Çekmeköy . Ofis Taşıma,https://www.ankaraakifnakliyat.com/islemler/istanbul/cekmekoy/ofis-tasima/,UNKNOWN,UNKNOWN,UNKNOWN,UNKNOWN,UNKNOWN,false
akif,https://www.ankaraakifnakliyat.com/islemler/istanbul/cekmekoy/nakliyat-fiyatlari,istanbul_district_service,IMPROVE,200,true,200,0.1453,0.7542,0.3380,https://www.ankaraakifnakliyat.com/islemler/istanbul/esenler/nakliyat-fiyatlari,false,false,true,4,36,Çekmeköy Nakliyat Fiyatları | Akif Nakliyat,Çekmeköy . Nakliyat Fiyatları,https://www.ankaraakifnakliyat.com/islemler/istanbul/cekmekoy/nakliyat-fiyatlari/,UNKNOWN,UNKNOWN,UNKNOWN,UNKNOWN,UNKNOWN,false
akif,https://www.ankaraakifnakliyat.com/islemler/istanbul/cekmekoy/asansorlu-tasima,istanbul_district_service,IMPROVE,200,true,159,0.1898,0.5109,0.4740,https://www.ankaraakifnakliyat.com/islemler/istanbul/esenler/asansorlu-tasima,false,false,true,5,36,Çekmeköy Asansörlü Taşımacılık | Akif Nakliyat,Çekmeköy . Asansörlü Taşımacılık,https://www.ankaraakifnakliyat.com/islemler/istanbul/cekmekoy/asansorlu-tasima/,UNKNOWN,UNKNOWN,UNKNOWN,UNKNOWN,UNKNOWN,false
akif,https://www.ankaraakifnakliyat.com/islemler/istanbul/cekmekoy/sehirler-arasi-nakliyat,istanbul_district_service,IMPROVE,200,true,167,0.1722,0.6490,0.4693,https://www.ankaraakifnakliyat.com/islemler/istanbul/esenler/sehirler-arasi-nakliyat,false,false,true,5,36,Çekmeköy Şehirler Arası Nakliyat | Akif Nakliyat,Çekmeköy . Şehirler Arası Nakliyat,https://www.ankaraakifnakliyat.com/islemler/istanbul/cekmekoy/sehirler-arasi-nakliyat/,UNKNOWN,UNKNOWN,UNKNOWN,UNKNOWN,UNKNOWN,false
akif,https://www.ankaraakifnakliyat.com/islemler/istanbul/esenler/evden-eve-nakliyat,istanbul_district_service,MERGE,200,true,194,0.1461,0.8146,1.0000,https://www.ankaraakifnakliyat.com/islemler/istanbul/esenyurt/evden-eve-nakliyat,true,true,true,5,36,Esenler Evden Eve Nakliyat | Akif Nakliyat,Esenler . Evden Eve Nakliyat,https://www.ankaraakifnakliyat.com/islemler/istanbul/esenler/evden-eve-nakliyat/,UNKNOWN,UNKNOWN,UNKNOWN,UNKNOWN,UNKNOWN,false
akif,https://www.ankaraakifnakliyat.com/islemler/istanbul/esenler/ofis-tasima,istanbul_district_service,MERGE,200,true,180,0.1635,0.7547,1.0000,https://www.ankaraakifnakliyat.com/islemler/istanbul/esenyurt/ofis-tasima,true,true,true,5,36,Esenler Ofis Taşıma | Akif Nakliyat,Esenler . Ofis Taşıma,https://www.ankaraakifnakliyat.com/islemler/istanbul/esenler/ofis-tasima/,UNKNOWN,UNKNOWN,UNKNOWN,UNKNOWN,UNKNOWN,false
akif,https://www.ankaraakifnakliyat.com/islemler/istanbul/esenler/nakliyat-fiyatlari,istanbul_district_service,MERGE,200,true,200,0.1453,0.7542,1.0000,https://www.ankaraakifnakliyat.com/islemler/istanbul/esenyurt/nakliyat-fiyatlari,true,true,true,4,36,Esenler Nakliyat Fiyatları | Akif Nakliyat,Esenler . Nakliyat Fiyatları,https://www.ankaraakifnakliyat.com/islemler/istanbul/esenler/nakliyat-fiyatlari/,UNKNOWN,UNKNOWN,UNKNOWN,UNKNOWN,UNKNOWN,false
akif,https://www.ankaraakifnakliyat.com/islemler/istanbul/esenler/asansorlu-tasima,istanbul_district_service,MERGE,200,true,159,0.1898,0.5109,1.0000,https://www.ankaraakifnakliyat.com/islemler/istanbul/esenyurt/asansorlu-tasima,true,true,true,5,36,Esenler Asansörlü Taşımacılık | Akif Nakliyat,Esenler . Asansörlü Taşımacılık,https://www.ankaraakifnakliyat.com/islemler/istanbul/esenler/asansorlu-tasima/,UNKNOWN,UNKNOWN,UNKNOWN,UNKNOWN,UNKNOWN,false
akif,https://www.ankaraakifnakliyat.com/islemler/istanbul/esenler/sehirler-arasi-nakliyat,istanbul_district_service,MERGE,200,true,167,0.1722,0.6490,1.0000,https://www.ankaraakifnakliyat.com/islemler/istanbul/esenyurt/sehirler-arasi-nakliyat,true,true,true,5,36,Esenler Şehirler Arası Nakliyat | Akif Nakliyat,Esenler . Şehirler Arası Nakliyat,https://www.ankaraakifnakliyat.com/islemler/istanbul/esenler/sehirler-arasi-nakliyat/,UNKNOWN,UNKNOWN,UNKNOWN,UNKNOWN,UNKNOWN,false
akif,https://www.ankaraakifnakliyat.com/islemler/istanbul/esenyurt/evden-eve-nakliyat,istanbul_district_service,MERGE,200,true,194,0.1461,0.8146,1.0000,https://www.ankaraakifnakliyat.com/islemler/istanbul/fatih/evden-eve-nakliyat,true,true,true,5,36,Esenyurt Evden Eve Nakliyat | Akif Nakliyat,Esenyurt . Evden Eve Nakliyat,https://www.ankaraakifnakliyat.com/islemler/istanbul/esenyurt/evden-eve-nakliyat/,UNKNOWN,UNKNOWN,UNKNOWN,UNKNOWN,UNKNOWN,false
akif,https://www.ankaraakifnakliyat.com/islemler/istanbul/esenyurt/ofis-tasima,istanbul_district_service,MERGE,200,true,180,0.1635,0.7547,1.0000,https://www.ankaraakifnakliyat.com/islemler/istanbul/fatih/ofis-tasima,true,true,true,5,36,Esenyurt Ofis Taşıma | Akif Nakliyat,Esenyurt . Ofis Taşıma,https://www.ankaraakifnakliyat.com/islemler/istanbul/esenyurt/ofis-tasima/,UNKNOWN,UNKNOWN,UNKNOWN,UNKNOWN,UNKNOWN,false
akif,https://www.ankaraakifnakliyat.com/islemler/istanbul/esenyurt/nakliyat-fiyatlari,istanbul_district_service,MERGE,200,true,200,0.1453,0.7542,1.0000,https://www.ankaraakifnakliyat.com/islemler/istanbul/fatih/nakliyat-fiyatlari,true,true,true,4,36,Esenyurt Nakliyat Fiyatları | Akif Nakliyat,Esenyurt . Nakliyat Fiyatları,https://www.ankaraakifnakliyat.com/islemler/istanbul/esenyurt/nakliyat-fiyatlari/,UNKNOWN,UNKNOWN,UNKNOWN,UNKNOWN,UNKNOWN,false
akif,https://www.ankaraakifnakliyat.com/islemler/istanbul/esenyurt/asansorlu-tasima,istanbul_district_service,MERGE,200,true,159,0.1898,0.5109,1.0000,https://www.ankaraakifnakliyat.com/islemler/istanbul/fatih/asansorlu-tasima,true,true,true,5,36,Esenyurt Asansörlü Taşımacılık | Akif Nakliyat,Esenyurt . Asansörlü Taşımacılık,https://www.ankaraakifnakliyat.com/islemler/istanbul/esenyurt/asansorlu-tasima/,UNKNOWN,UNKNOWN,UNKNOWN,UNKNOWN,UNKNOWN,false
akif,https://www.ankaraakifnakliyat.com/islemler/istanbul/esenyurt/sehirler-arasi-nakliyat,istanbul_district_service,MERGE,200,true,167,0.1722,0.6490,1.0000,https://www.ankaraakifnakliyat.com/islemler/istanbul/fatih/sehirler-arasi-nakliyat,true,true,true,5,36,Esenyurt Şehirler Arası Nakliyat | Akif Nakliyat,Esenyurt . Şehirler Arası Nakliyat,https://www.ankaraakifnakliyat.com/islemler/istanbul/esenyurt/sehirler-arasi-nakliyat/,UNKNOWN,UNKNOWN,UNKNOWN,UNKNOWN,UNKNOWN,false
akif,https://www.ankaraakifnakliyat.com/islemler/istanbul/eyupsultan/evden-eve-nakliyat,istanbul_district_service,IMPROVE,200,true,194,0.1461,0.8146,0.2827,https://www.ankaraakifnakliyat.com/islemler/istanbul/fatih/evden-eve-nakliyat,false,false,true,5,36,Eyüpsultan Evden Eve Nakliyat | Akif Nakliyat,Eyüpsultan . Evden Eve Nakliyat,https://www.ankaraakifnakliyat.com/islemler/istanbul/eyupsultan/evden-eve-nakliyat/,UNKNOWN,UNKNOWN,UNKNOWN,UNKNOWN,UNKNOWN,false
akif,https://www.ankaraakifnakliyat.com/islemler/istanbul/eyupsultan/ofis-tasima,istanbul_district_service,IMPROVE,200,true,180,0.1635,0.7547,0.2941,https://www.ankaraakifnakliyat.com/islemler/istanbul/fatih/ofis-tasima,false,false,true,5,36,Eyüpsultan Ofis Taşıma | Akif Nakliyat,Eyüpsultan . Ofis Taşıma,https://www.ankaraakifnakliyat.com/islemler/istanbul/eyupsultan/ofis-tasima/,UNKNOWN,UNKNOWN,UNKNOWN,UNKNOWN,UNKNOWN,false
akif,https://www.ankaraakifnakliyat.com/islemler/istanbul/eyupsultan/nakliyat-fiyatlari,istanbul_district_service,IMPROVE,200,true,200,0.1453,0.7542,0.3380,https://www.ankaraakifnakliyat.com/islemler/istanbul/fatih/nakliyat-fiyatlari,false,false,true,4,36,Eyüpsultan Nakliyat Fiyatları | Akif Nakliyat,Eyüpsultan . Nakliyat Fiyatları,https://www.ankaraakifnakliyat.com/islemler/istanbul/eyupsultan/nakliyat-fiyatlari/,UNKNOWN,UNKNOWN,UNKNOWN,UNKNOWN,UNKNOWN,false
akif,https://www.ankaraakifnakliyat.com/islemler/istanbul/eyupsultan/asansorlu-tasima,istanbul_district_service,IMPROVE,200,true,159,0.1898,0.5109,0.4740,https://www.ankaraakifnakliyat.com/islemler/istanbul/fatih/asansorlu-tasima,false,false,true,5,36,Eyüpsultan Asansörlü Taşımacılık | Akif Nakliyat,Eyüpsultan . Asansörlü Taşımacılık,https://www.ankaraakifnakliyat.com/islemler/istanbul/eyupsultan/asansorlu-tasima/,UNKNOWN,UNKNOWN,UNKNOWN,UNKNOWN,UNKNOWN,false
akif,https://www.ankaraakifnakliyat.com/islemler/istanbul/eyupsultan/sehirler-arasi-nakliyat,istanbul_district_service,IMPROVE,200,true,167,0.1722,0.6490,0.4693,https://www.ankaraakifnakliyat.com/islemler/istanbul/fatih/sehirler-arasi-nakliyat,false,false,true,5,36,Eyüpsultan Şehirler Arası Nakliyat | Akif Nakliyat,Eyüpsultan . Şehirler Arası Nakliyat,https://www.ankaraakifnakliyat.com/islemler/istanbul/eyupsultan/sehirler-arasi-nakliyat/,UNKNOWN,UNKNOWN,UNKNOWN,UNKNOWN,UNKNOWN,false
akif,https://www.ankaraakifnakliyat.com/islemler/istanbul/fatih/evden-eve-nakliyat,istanbul_district_service,MERGE,200,true,194,0.1461,0.8146,1.0000,https://www.ankaraakifnakliyat.com/islemler/istanbul/kartal/evden-eve-nakliyat,true,true,true,5,36,Fatih Evden Eve Nakliyat | Akif Nakliyat,Fatih . Evden Eve Nakliyat,https://www.ankaraakifnakliyat.com/islemler/istanbul/fatih/evden-eve-nakliyat/,UNKNOWN,UNKNOWN,UNKNOWN,UNKNOWN,UNKNOWN,false
akif,https://www.ankaraakifnakliyat.com/islemler/istanbul/fatih/ofis-tasima,istanbul_district_service,MERGE,200,true,180,0.1635,0.7547,1.0000,https://www.ankaraakifnakliyat.com/islemler/istanbul/kartal/ofis-tasima,true,true,true,5,36,Fatih Ofis Taşıma | Akif Nakliyat,Fatih . Ofis Taşıma,https://www.ankaraakifnakliyat.com/islemler/istanbul/fatih/ofis-tasima/,UNKNOWN,UNKNOWN,UNKNOWN,UNKNOWN,UNKNOWN,false
akif,https://www.ankaraakifnakliyat.com/islemler/istanbul/fatih/nakliyat-fiyatlari,istanbul_district_service,MERGE,200,true,200,0.1453,0.7542,1.0000,https://www.ankaraakifnakliyat.com/islemler/istanbul/kartal/nakliyat-fiyatlari,true,true,true,4,36,Fatih Nakliyat Fiyatları | Akif Nakliyat,Fatih . Nakliyat Fiyatları,https://www.ankaraakifnakliyat.com/islemler/istanbul/fatih/nakliyat-fiyatlari/,UNKNOWN,UNKNOWN,UNKNOWN,UNKNOWN,UNKNOWN,false
akif,https://www.ankaraakifnakliyat.com/islemler/istanbul/fatih/asansorlu-tasima,istanbul_district_service,MERGE,200,true,159,0.1898,0.5109,1.0000,https://www.ankaraakifnakliyat.com/islemler/istanbul/kartal/asansorlu-tasima,true,true,true,5,36,Fatih Asansörlü Taşımacılık | Akif Nakliyat,Fatih . Asansörlü Taşımacılık,https://www.ankaraakifnakliyat.com/islemler/istanbul/fatih/asansorlu-tasima/,UNKNOWN,UNKNOWN,UNKNOWN,UNKNOWN,UNKNOWN,false
akif,https://www.ankaraakifnakliyat.com/islemler/istanbul/fatih/sehirler-arasi-nakliyat,istanbul_district_service,MERGE,200,true,167,0.1722,0.6490,1.0000,https://www.ankaraakifnakliyat.com/islemler/istanbul/kartal/sehirler-arasi-nakliyat,true,true,true,5,36,Fatih Şehirler Arası Nakliyat | Akif Nakliyat,Fatih . Şehirler Arası Nakliyat,https://www.ankaraakifnakliyat.com/islemler/istanbul/fatih/sehirler-arasi-nakliyat/,UNKNOWN,UNKNOWN,UNKNOWN,UNKNOWN,UNKNOWN,false
akif,https://www.ankaraakifnakliyat.com/islemler/istanbul/gaziosmanpasa/evden-eve-nakliyat,istanbul_district_service,IMPROVE,200,true,194,0.1461,0.8146,0.2827,https://www.ankaraakifnakliyat.com/islemler/istanbul/kartal/evden-eve-nakliyat,false,false,true,5,36,Gaziosmanpaşa Evden Eve Nakliyat | Akif Nakliyat,Gaziosmanpaşa . Evden Eve Nakliyat,https://www.ankaraakifnakliyat.com/islemler/istanbul/gaziosmanpasa/evden-eve-nakliyat/,UNKNOWN,UNKNOWN,UNKNOWN,UNKNOWN,UNKNOWN,false
akif,https://www.ankaraakifnakliyat.com/islemler/istanbul/gaziosmanpasa/ofis-tasima,istanbul_district_service,IMPROVE,200,true,180,0.1635,0.7547,0.2941,https://www.ankaraakifnakliyat.com/islemler/istanbul/kartal/ofis-tasima,false,false,true,5,36,Gaziosmanpaşa Ofis Taşıma | Akif Nakliyat,Gaziosmanpaşa . Ofis Taşıma,https://www.ankaraakifnakliyat.com/islemler/istanbul/gaziosmanpasa/ofis-tasima/,UNKNOWN,UNKNOWN,UNKNOWN,UNKNOWN,UNKNOWN,false
akif,https://www.ankaraakifnakliyat.com/islemler/istanbul/gaziosmanpasa/nakliyat-fiyatlari,istanbul_district_service,IMPROVE,200,true,200,0.1453,0.7542,0.3380,https://www.ankaraakifnakliyat.com/islemler/istanbul/kartal/nakliyat-fiyatlari,false,false,true,4,36,Gaziosmanpaşa Nakliyat Fiyatları | Akif Nakliyat,Gaziosmanpaşa . Nakliyat Fiyatları,https://www.ankaraakifnakliyat.com/islemler/istanbul/gaziosmanpasa/nakliyat-fiyatlari/,UNKNOWN,UNKNOWN,UNKNOWN,UNKNOWN,UNKNOWN,false
akif,https://www.ankaraakifnakliyat.com/islemler/istanbul/gaziosmanpasa/asansorlu-tasima,istanbul_district_service,IMPROVE,200,true,159,0.1898,0.5109,0.4740,https://www.ankaraakifnakliyat.com/islemler/istanbul/kartal/asansorlu-tasima,false,false,true,5,36,Gaziosmanpaşa Asansörlü Taşımacılık | Akif Nakliyat,Gaziosmanpaşa . Asansörlü Taşımacılık,https://www.ankaraakifnakliyat.com/islemler/istanbul/gaziosmanpasa/asansorlu-tasima/,UNKNOWN,UNKNOWN,UNKNOWN,UNKNOWN,UNKNOWN,false
akif,https://www.ankaraakifnakliyat.com/islemler/istanbul/gaziosmanpasa/sehirler-arasi-nakliyat,istanbul_district_service,IMPROVE,200,true,167,0.1722,0.6490,0.4693,https://www.ankaraakifnakliyat.com/islemler/istanbul/kartal/sehirler-arasi-nakliyat,false,false,true,5,36,Gaziosmanpaşa Şehirler Arası Nakliyat | Akif Nakliyat,Gaziosmanpaşa . Şehirler Arası Nakliyat,https://www.ankaraakifnakliyat.com/islemler/istanbul/gaziosmanpasa/sehirler-arasi-nakliyat/,UNKNOWN,UNKNOWN,UNKNOWN,UNKNOWN,UNKNOWN,false
akif,https://www.ankaraakifnakliyat.com/islemler/istanbul/gungoren/evden-eve-nakliyat,istanbul_district_service,IMPROVE,200,true,194,0.1461,0.8146,0.2827,https://www.ankaraakifnakliyat.com/islemler/istanbul/kartal/evden-eve-nakliyat,false,false,true,5,36,Güngören Evden Eve Nakliyat | Akif Nakliyat,Güngören . Evden Eve Nakliyat,https://www.ankaraakifnakliyat.com/islemler/istanbul/gungoren/evden-eve-nakliyat/,UNKNOWN,UNKNOWN,UNKNOWN,UNKNOWN,UNKNOWN,false
akif,https://www.ankaraakifnakliyat.com/islemler/istanbul/gungoren/ofis-tasima,istanbul_district_service,IMPROVE,200,true,180,0.1635,0.7547,0.2941,https://www.ankaraakifnakliyat.com/islemler/istanbul/kartal/ofis-tasima,false,false,true,5,36,Güngören Ofis Taşıma | Akif Nakliyat,Güngören . Ofis Taşıma,https://www.ankaraakifnakliyat.com/islemler/istanbul/gungoren/ofis-tasima/,UNKNOWN,UNKNOWN,UNKNOWN,UNKNOWN,UNKNOWN,false
akif,https://www.ankaraakifnakliyat.com/islemler/istanbul/gungoren/nakliyat-fiyatlari,istanbul_district_service,IMPROVE,200,true,200,0.1453,0.7542,0.3380,https://www.ankaraakifnakliyat.com/islemler/istanbul/kartal/nakliyat-fiyatlari,false,false,true,4,36,Güngören Nakliyat Fiyatları | Akif Nakliyat,Güngören . Nakliyat Fiyatları,https://www.ankaraakifnakliyat.com/islemler/istanbul/gungoren/nakliyat-fiyatlari/,UNKNOWN,UNKNOWN,UNKNOWN,UNKNOWN,UNKNOWN,false
akif,https://www.ankaraakifnakliyat.com/islemler/istanbul/gungoren/asansorlu-tasima,istanbul_district_service,IMPROVE,200,true,159,0.1898,0.5109,0.4740,https://www.ankaraakifnakliyat.com/islemler/istanbul/kartal/asansorlu-tasima,false,false,true,5,36,Güngören Asansörlü Taşımacılık | Akif Nakliyat,Güngören . Asansörlü Taşımacılık,https://www.ankaraakifnakliyat.com/islemler/istanbul/gungoren/asansorlu-tasima/,UNKNOWN,UNKNOWN,UNKNOWN,UNKNOWN,UNKNOWN,false
akif,https://www.ankaraakifnakliyat.com/islemler/istanbul/gungoren/sehirler-arasi-nakliyat,istanbul_district_service,IMPROVE,200,true,167,0.1722,0.6490,0.4693,https://www.ankaraakifnakliyat.com/islemler/istanbul/kartal/sehirler-arasi-nakliyat,false,false,true,5,36,Güngören Şehirler Arası Nakliyat | Akif Nakliyat,Güngören . Şehirler Arası Nakliyat,https://www.ankaraakifnakliyat.com/islemler/istanbul/gungoren/sehirler-arasi-nakliyat/,UNKNOWN,UNKNOWN,UNKNOWN,UNKNOWN,UNKNOWN,false
akif,https://www.ankaraakifnakliyat.com/islemler/istanbul/kadikoy/evden-eve-nakliyat,istanbul_district_service,IMPROVE,200,true,194,0.1461,0.8146,0.2827,https://www.ankaraakifnakliyat.com/islemler/istanbul/kartal/evden-eve-nakliyat,false,false,true,5,36,Kadıköy Evden Eve Nakliyat | Akif Nakliyat,Kadıköy . Evden Eve Nakliyat,https://www.ankaraakifnakliyat.com/islemler/istanbul/kadikoy/evden-eve-nakliyat/,UNKNOWN,UNKNOWN,UNKNOWN,UNKNOWN,UNKNOWN,false
akif,https://www.ankaraakifnakliyat.com/islemler/istanbul/kadikoy/ofis-tasima,istanbul_district_service,IMPROVE,200,true,180,0.1635,0.7547,0.2941,https://www.ankaraakifnakliyat.com/islemler/istanbul/kartal/ofis-tasima,false,false,true,5,36,Kadıköy Ofis Taşıma | Akif Nakliyat,Kadıköy . Ofis Taşıma,https://www.ankaraakifnakliyat.com/islemler/istanbul/kadikoy/ofis-tasima/,UNKNOWN,UNKNOWN,UNKNOWN,UNKNOWN,UNKNOWN,false
akif,https://www.ankaraakifnakliyat.com/islemler/istanbul/kadikoy/nakliyat-fiyatlari,istanbul_district_service,IMPROVE,200,true,200,0.1453,0.7542,0.3380,https://www.ankaraakifnakliyat.com/islemler/istanbul/kartal/nakliyat-fiyatlari,false,false,true,4,36,Kadıköy Nakliyat Fiyatları | Akif Nakliyat,Kadıköy . Nakliyat Fiyatları,https://www.ankaraakifnakliyat.com/islemler/istanbul/kadikoy/nakliyat-fiyatlari/,UNKNOWN,UNKNOWN,UNKNOWN,UNKNOWN,UNKNOWN,false
akif,https://www.ankaraakifnakliyat.com/islemler/istanbul/kadikoy/asansorlu-tasima,istanbul_district_service,IMPROVE,200,true,159,0.1898,0.5109,0.4740,https://www.ankaraakifnakliyat.com/islemler/istanbul/kartal/asansorlu-tasima,false,false,true,5,36,Kadıköy Asansörlü Taşımacılık | Akif Nakliyat,Kadıköy . Asansörlü Taşımacılık,https://www.ankaraakifnakliyat.com/islemler/istanbul/kadikoy/asansorlu-tasima/,UNKNOWN,UNKNOWN,UNKNOWN,UNKNOWN,UNKNOWN,false
akif,https://www.ankaraakifnakliyat.com/islemler/istanbul/kadikoy/sehirler-arasi-nakliyat,istanbul_district_service,IMPROVE,200,true,167,0.1722,0.6490,0.4693,https://www.ankaraakifnakliyat.com/islemler/istanbul/kartal/sehirler-arasi-nakliyat,false,false,true,5,36,Kadıköy Şehirler Arası Nakliyat | Akif Nakliyat,Kadıköy . Şehirler Arası Nakliyat,https://www.ankaraakifnakliyat.com/islemler/istanbul/kadikoy/sehirler-arasi-nakliyat/,UNKNOWN,UNKNOWN,UNKNOWN,UNKNOWN,UNKNOWN,false
akif,https://www.ankaraakifnakliyat.com/islemler/istanbul/kagithane/evden-eve-nakliyat,istanbul_district_service,IMPROVE,200,true,194,0.1461,0.8146,0.2827,https://www.ankaraakifnakliyat.com/islemler/istanbul/kartal/evden-eve-nakliyat,false,false,true,5,36,Kağıthane Evden Eve Nakliyat | Akif Nakliyat,Kağıthane . Evden Eve Nakliyat,https://www.ankaraakifnakliyat.com/islemler/istanbul/kagithane/evden-eve-nakliyat/,UNKNOWN,UNKNOWN,UNKNOWN,UNKNOWN,UNKNOWN,false
akif,https://www.ankaraakifnakliyat.com/islemler/istanbul/kagithane/ofis-tasima,istanbul_district_service,IMPROVE,200,true,180,0.1635,0.7547,0.2941,https://www.ankaraakifnakliyat.com/islemler/istanbul/kartal/ofis-tasima,false,false,true,5,36,Kağıthane Ofis Taşıma | Akif Nakliyat,Kağıthane . Ofis Taşıma,https://www.ankaraakifnakliyat.com/islemler/istanbul/kagithane/ofis-tasima/,UNKNOWN,UNKNOWN,UNKNOWN,UNKNOWN,UNKNOWN,false
akif,https://www.ankaraakifnakliyat.com/islemler/istanbul/kagithane/nakliyat-fiyatlari,istanbul_district_service,IMPROVE,200,true,200,0.1453,0.7542,0.3380,https://www.ankaraakifnakliyat.com/islemler/istanbul/kartal/nakliyat-fiyatlari,false,false,true,4,36,Kağıthane Nakliyat Fiyatları | Akif Nakliyat,Kağıthane . Nakliyat Fiyatları,https://www.ankaraakifnakliyat.com/islemler/istanbul/kagithane/nakliyat-fiyatlari/,UNKNOWN,UNKNOWN,UNKNOWN,UNKNOWN,UNKNOWN,false
akif,https://www.ankaraakifnakliyat.com/islemler/istanbul/kagithane/asansorlu-tasima,istanbul_district_service,IMPROVE,200,true,159,0.1898,0.5109,0.4740,https://www.ankaraakifnakliyat.com/islemler/istanbul/kartal/asansorlu-tasima,false,false,true,5,36,Kağıthane Asansörlü Taşımacılık | Akif Nakliyat,Kağıthane . Asansörlü Taşımacılık,https://www.ankaraakifnakliyat.com/islemler/istanbul/kagithane/asansorlu-tasima/,UNKNOWN,UNKNOWN,UNKNOWN,UNKNOWN,UNKNOWN,false
akif,https://www.ankaraakifnakliyat.com/islemler/istanbul/kagithane/sehirler-arasi-nakliyat,istanbul_district_service,IMPROVE,200,true,167,0.1722,0.6490,0.4693,https://www.ankaraakifnakliyat.com/islemler/istanbul/kartal/sehirler-arasi-nakliyat,false,false,true,5,36,Kağıthane Şehirler Arası Nakliyat | Akif Nakliyat,Kağıthane . Şehirler Arası Nakliyat,https://www.ankaraakifnakliyat.com/islemler/istanbul/kagithane/sehirler-arasi-nakliyat/,UNKNOWN,UNKNOWN,UNKNOWN,UNKNOWN,UNKNOWN,false
akif,https://www.ankaraakifnakliyat.com/islemler/istanbul/kartal/evden-eve-nakliyat,istanbul_district_service,MERGE,200,true,194,0.1461,0.8146,1.0000,https://www.ankaraakifnakliyat.com/islemler/istanbul/maltepe/evden-eve-nakliyat,true,true,true,5,36,Kartal Evden Eve Nakliyat | Akif Nakliyat,Kartal . Evden Eve Nakliyat,https://www.ankaraakifnakliyat.com/islemler/istanbul/kartal/evden-eve-nakliyat/,UNKNOWN,UNKNOWN,UNKNOWN,UNKNOWN,UNKNOWN,false
akif,https://www.ankaraakifnakliyat.com/islemler/istanbul/kartal/ofis-tasima,istanbul_district_service,MERGE,200,true,180,0.1635,0.7547,1.0000,https://www.ankaraakifnakliyat.com/islemler/istanbul/maltepe/ofis-tasima,true,true,true,5,36,Kartal Ofis Taşıma | Akif Nakliyat,Kartal . Ofis Taşıma,https://www.ankaraakifnakliyat.com/islemler/istanbul/kartal/ofis-tasima/,UNKNOWN,UNKNOWN,UNKNOWN,UNKNOWN,UNKNOWN,false
akif,https://www.ankaraakifnakliyat.com/islemler/istanbul/kartal/nakliyat-fiyatlari,istanbul_district_service,MERGE,200,true,200,0.1453,0.7542,1.0000,https://www.ankaraakifnakliyat.com/islemler/istanbul/maltepe/nakliyat-fiyatlari,true,true,true,4,36,Kartal Nakliyat Fiyatları | Akif Nakliyat,Kartal . Nakliyat Fiyatları,https://www.ankaraakifnakliyat.com/islemler/istanbul/kartal/nakliyat-fiyatlari/,UNKNOWN,UNKNOWN,UNKNOWN,UNKNOWN,UNKNOWN,false
akif,https://www.ankaraakifnakliyat.com/islemler/istanbul/kartal/asansorlu-tasima,istanbul_district_service,MERGE,200,true,159,0.1898,0.5109,1.0000,https://www.ankaraakifnakliyat.com/islemler/istanbul/maltepe/asansorlu-tasima,true,true,true,5,36,Kartal Asansörlü Taşımacılık | Akif Nakliyat,Kartal . Asansörlü Taşımacılık,https://www.ankaraakifnakliyat.com/islemler/istanbul/kartal/asansorlu-tasima/,UNKNOWN,UNKNOWN,UNKNOWN,UNKNOWN,UNKNOWN,false
akif,https://www.ankaraakifnakliyat.com/islemler/istanbul/kartal/sehirler-arasi-nakliyat,istanbul_district_service,MERGE,200,true,167,0.1722,0.6490,1.0000,https://www.ankaraakifnakliyat.com/islemler/istanbul/maltepe/sehirler-arasi-nakliyat,true,true,true,5,36,Kartal Şehirler Arası Nakliyat | Akif Nakliyat,Kartal . Şehirler Arası Nakliyat,https://www.ankaraakifnakliyat.com/islemler/istanbul/kartal/sehirler-arasi-nakliyat/,UNKNOWN,UNKNOWN,UNKNOWN,UNKNOWN,UNKNOWN,false
akif,https://www.ankaraakifnakliyat.com/islemler/istanbul/kucukcekmece/evden-eve-nakliyat,istanbul_district_service,IMPROVE,200,true,194,0.1461,0.8146,0.2827,https://www.ankaraakifnakliyat.com/islemler/istanbul/maltepe/evden-eve-nakliyat,false,false,true,5,36,Küçükçekmece Evden Eve Nakliyat | Akif Nakliyat,Küçükçekmece . Evden Eve Nakliyat,https://www.ankaraakifnakliyat.com/islemler/istanbul/kucukcekmece/evden-eve-nakliyat/,UNKNOWN,UNKNOWN,UNKNOWN,UNKNOWN,UNKNOWN,false
akif,https://www.ankaraakifnakliyat.com/islemler/istanbul/kucukcekmece/ofis-tasima,istanbul_district_service,IMPROVE,200,true,180,0.1635,0.7547,0.2941,https://www.ankaraakifnakliyat.com/islemler/istanbul/maltepe/ofis-tasima,false,false,true,5,36,Küçükçekmece Ofis Taşıma | Akif Nakliyat,Küçükçekmece . Ofis Taşıma,https://www.ankaraakifnakliyat.com/islemler/istanbul/kucukcekmece/ofis-tasima/,UNKNOWN,UNKNOWN,UNKNOWN,UNKNOWN,UNKNOWN,false
akif,https://www.ankaraakifnakliyat.com/islemler/istanbul/kucukcekmece/nakliyat-fiyatlari,istanbul_district_service,IMPROVE,200,true,200,0.1453,0.7542,0.3380,https://www.ankaraakifnakliyat.com/islemler/istanbul/maltepe/nakliyat-fiyatlari,false,false,true,4,36,Küçükçekmece Nakliyat Fiyatları | Akif Nakliyat,Küçükçekmece . Nakliyat Fiyatları,https://www.ankaraakifnakliyat.com/islemler/istanbul/kucukcekmece/nakliyat-fiyatlari/,UNKNOWN,UNKNOWN,UNKNOWN,UNKNOWN,UNKNOWN,false
akif,https://www.ankaraakifnakliyat.com/islemler/istanbul/kucukcekmece/asansorlu-tasima,istanbul_district_service,IMPROVE,200,true,159,0.1898,0.5109,0.4740,https://www.ankaraakifnakliyat.com/islemler/istanbul/maltepe/asansorlu-tasima,false,false,true,5,36,Küçükçekmece Asansörlü Taşımacılık | Akif Nakliyat,Küçükçekmece . Asansörlü Taşımacılık,https://www.ankaraakifnakliyat.com/islemler/istanbul/kucukcekmece/asansorlu-tasima/,UNKNOWN,UNKNOWN,UNKNOWN,UNKNOWN,UNKNOWN,false
akif,https://www.ankaraakifnakliyat.com/islemler/istanbul/kucukcekmece/sehirler-arasi-nakliyat,istanbul_district_service,IMPROVE,200,true,167,0.1722,0.6490,0.4693,https://www.ankaraakifnakliyat.com/islemler/istanbul/maltepe/sehirler-arasi-nakliyat,false,false,true,5,36,Küçükçekmece Şehirler Arası Nakliyat | Akif Nakliyat,Küçükçekmece . Şehirler Arası Nakliyat,https://www.ankaraakifnakliyat.com/islemler/istanbul/kucukcekmece/sehirler-arasi-nakliyat/,UNKNOWN,UNKNOWN,UNKNOWN,UNKNOWN,UNKNOWN,false
akif,https://www.ankaraakifnakliyat.com/islemler/istanbul/maltepe/evden-eve-nakliyat,istanbul_district_service,MERGE,200,true,194,0.1461,0.8146,1.0000,https://www.ankaraakifnakliyat.com/islemler/istanbul/pendik/evden-eve-nakliyat,true,true,true,5,36,Maltepe Evden Eve Nakliyat | Akif Nakliyat,Maltepe . Evden Eve Nakliyat,https://www.ankaraakifnakliyat.com/islemler/istanbul/maltepe/evden-eve-nakliyat/,UNKNOWN,UNKNOWN,UNKNOWN,UNKNOWN,UNKNOWN,false
akif,https://www.ankaraakifnakliyat.com/islemler/istanbul/maltepe/ofis-tasima,istanbul_district_service,MERGE,200,true,180,0.1635,0.7547,1.0000,https://www.ankaraakifnakliyat.com/islemler/istanbul/pendik/ofis-tasima,true,true,true,5,36,Maltepe Ofis Taşıma | Akif Nakliyat,Maltepe . Ofis Taşıma,https://www.ankaraakifnakliyat.com/islemler/istanbul/maltepe/ofis-tasima/,UNKNOWN,UNKNOWN,UNKNOWN,UNKNOWN,UNKNOWN,false
akif,https://www.ankaraakifnakliyat.com/islemler/istanbul/maltepe/nakliyat-fiyatlari,istanbul_district_service,MERGE,200,true,200,0.1453,0.7542,1.0000,https://www.ankaraakifnakliyat.com/islemler/istanbul/pendik/nakliyat-fiyatlari,true,true,true,4,36,Maltepe Nakliyat Fiyatları | Akif Nakliyat,Maltepe . Nakliyat Fiyatları,https://www.ankaraakifnakliyat.com/islemler/istanbul/maltepe/nakliyat-fiyatlari/,UNKNOWN,UNKNOWN,UNKNOWN,UNKNOWN,UNKNOWN,false
akif,https://www.ankaraakifnakliyat.com/islemler/istanbul/maltepe/asansorlu-tasima,istanbul_district_service,MERGE,200,true,159,0.1898,0.5109,1.0000,https://www.ankaraakifnakliyat.com/islemler/istanbul/pendik/asansorlu-tasima,true,true,true,5,36,Maltepe Asansörlü Taşımacılık | Akif Nakliyat,Maltepe . Asansörlü Taşımacılık,https://www.ankaraakifnakliyat.com/islemler/istanbul/maltepe/asansorlu-tasima/,UNKNOWN,UNKNOWN,UNKNOWN,UNKNOWN,UNKNOWN,false
akif,https://www.ankaraakifnakliyat.com/islemler/istanbul/maltepe/sehirler-arasi-nakliyat,istanbul_district_service,MERGE,200,true,167,0.1722,0.6490,1.0000,https://www.ankaraakifnakliyat.com/islemler/istanbul/pendik/sehirler-arasi-nakliyat,true,true,true,5,36,Maltepe Şehirler Arası Nakliyat | Akif Nakliyat,Maltepe . Şehirler Arası Nakliyat,https://www.ankaraakifnakliyat.com/islemler/istanbul/maltepe/sehirler-arasi-nakliyat/,UNKNOWN,UNKNOWN,UNKNOWN,UNKNOWN,UNKNOWN,false
akif,https://www.ankaraakifnakliyat.com/islemler/istanbul/pendik/evden-eve-nakliyat,istanbul_district_service,MERGE,200,true,194,0.1461,0.8146,1.0000,https://www.ankaraakifnakliyat.com/islemler/istanbul/sancaktepe/evden-eve-nakliyat,true,true,true,5,36,Pendik Evden Eve Nakliyat | Akif Nakliyat,Pendik . Evden Eve Nakliyat,https://www.ankaraakifnakliyat.com/islemler/istanbul/pendik/evden-eve-nakliyat/,UNKNOWN,UNKNOWN,UNKNOWN,UNKNOWN,UNKNOWN,false
akif,https://www.ankaraakifnakliyat.com/islemler/istanbul/pendik/ofis-tasima,istanbul_district_service,MERGE,200,true,180,0.1635,0.7547,1.0000,https://www.ankaraakifnakliyat.com/islemler/istanbul/sancaktepe/ofis-tasima,true,true,true,5,36,Pendik Ofis Taşıma | Akif Nakliyat,Pendik . Ofis Taşıma,https://www.ankaraakifnakliyat.com/islemler/istanbul/pendik/ofis-tasima/,UNKNOWN,UNKNOWN,UNKNOWN,UNKNOWN,UNKNOWN,false
akif,https://www.ankaraakifnakliyat.com/islemler/istanbul/pendik/nakliyat-fiyatlari,istanbul_district_service,MERGE,200,true,200,0.1453,0.7542,1.0000,https://www.ankaraakifnakliyat.com/islemler/istanbul/sancaktepe/nakliyat-fiyatlari,true,true,true,4,36,Pendik Nakliyat Fiyatları | Akif Nakliyat,Pendik . Nakliyat Fiyatları,https://www.ankaraakifnakliyat.com/islemler/istanbul/pendik/nakliyat-fiyatlari/,UNKNOWN,UNKNOWN,UNKNOWN,UNKNOWN,UNKNOWN,false
akif,https://www.ankaraakifnakliyat.com/islemler/istanbul/pendik/asansorlu-tasima,istanbul_district_service,MERGE,200,true,159,0.1898,0.5109,1.0000,https://www.ankaraakifnakliyat.com/islemler/istanbul/sancaktepe/asansorlu-tasima,true,true,true,5,36,Pendik Asansörlü Taşımacılık | Akif Nakliyat,Pendik . Asansörlü Taşımacılık,https://www.ankaraakifnakliyat.com/islemler/istanbul/pendik/asansorlu-tasima/,UNKNOWN,UNKNOWN,UNKNOWN,UNKNOWN,UNKNOWN,false
akif,https://www.ankaraakifnakliyat.com/islemler/istanbul/pendik/sehirler-arasi-nakliyat,istanbul_district_service,MERGE,200,true,167,0.1722,0.6490,1.0000,https://www.ankaraakifnakliyat.com/islemler/istanbul/sancaktepe/sehirler-arasi-nakliyat,true,true,true,5,36,Pendik Şehirler Arası Nakliyat | Akif Nakliyat,Pendik . Şehirler Arası Nakliyat,https://www.ankaraakifnakliyat.com/islemler/istanbul/pendik/sehirler-arasi-nakliyat/,UNKNOWN,UNKNOWN,UNKNOWN,UNKNOWN,UNKNOWN,false
akif,https://www.ankaraakifnakliyat.com/islemler/istanbul/sancaktepe/evden-eve-nakliyat,istanbul_district_service,MERGE,200,true,194,0.1461,0.8146,1.0000,https://www.ankaraakifnakliyat.com/islemler/istanbul/silivri/evden-eve-nakliyat,true,true,true,5,36,Sancaktepe Evden Eve Nakliyat | Akif Nakliyat,Sancaktepe . Evden Eve Nakliyat,https://www.ankaraakifnakliyat.com/islemler/istanbul/sancaktepe/evden-eve-nakliyat/,UNKNOWN,UNKNOWN,UNKNOWN,UNKNOWN,UNKNOWN,false
akif,https://www.ankaraakifnakliyat.com/islemler/istanbul/sancaktepe/ofis-tasima,istanbul_district_service,MERGE,200,true,180,0.1635,0.7547,1.0000,https://www.ankaraakifnakliyat.com/islemler/istanbul/silivri/ofis-tasima,true,true,true,5,36,Sancaktepe Ofis Taşıma | Akif Nakliyat,Sancaktepe . Ofis Taşıma,https://www.ankaraakifnakliyat.com/islemler/istanbul/sancaktepe/ofis-tasima/,UNKNOWN,UNKNOWN,UNKNOWN,UNKNOWN,UNKNOWN,false
akif,https://www.ankaraakifnakliyat.com/islemler/istanbul/sancaktepe/nakliyat-fiyatlari,istanbul_district_service,MERGE,200,true,200,0.1453,0.7542,1.0000,https://www.ankaraakifnakliyat.com/islemler/istanbul/silivri/nakliyat-fiyatlari,true,true,true,4,36,Sancaktepe Nakliyat Fiyatları | Akif Nakliyat,Sancaktepe . Nakliyat Fiyatları,https://www.ankaraakifnakliyat.com/islemler/istanbul/sancaktepe/nakliyat-fiyatlari/,UNKNOWN,UNKNOWN,UNKNOWN,UNKNOWN,UNKNOWN,false
akif,https://www.ankaraakifnakliyat.com/islemler/istanbul/sancaktepe/asansorlu-tasima,istanbul_district_service,MERGE,200,true,159,0.1898,0.5109,1.0000,https://www.ankaraakifnakliyat.com/islemler/istanbul/silivri/asansorlu-tasima,true,true,true,5,36,Sancaktepe Asansörlü Taşımacılık | Akif Nakliyat,Sancaktepe . Asansörlü Taşımacılık,https://www.ankaraakifnakliyat.com/islemler/istanbul/sancaktepe/asansorlu-tasima/,UNKNOWN,UNKNOWN,UNKNOWN,UNKNOWN,UNKNOWN,false
akif,https://www.ankaraakifnakliyat.com/islemler/istanbul/sancaktepe/sehirler-arasi-nakliyat,istanbul_district_service,MERGE,200,true,167,0.1722,0.6490,1.0000,https://www.ankaraakifnakliyat.com/islemler/istanbul/silivri/sehirler-arasi-nakliyat,true,true,true,5,36,Sancaktepe Şehirler Arası Nakliyat | Akif Nakliyat,Sancaktepe . Şehirler Arası Nakliyat,https://www.ankaraakifnakliyat.com/islemler/istanbul/sancaktepe/sehirler-arasi-nakliyat/,UNKNOWN,UNKNOWN,UNKNOWN,UNKNOWN,UNKNOWN,false
akif,https://www.ankaraakifnakliyat.com/islemler/istanbul/sariyer/evden-eve-nakliyat,istanbul_district_service,IMPROVE,200,true,194,0.1461,0.8146,0.2827,https://www.ankaraakifnakliyat.com/islemler/istanbul/silivri/evden-eve-nakliyat,false,false,true,5,36,Sarıyer Evden Eve Nakliyat | Akif Nakliyat,Sarıyer . Evden Eve Nakliyat,https://www.ankaraakifnakliyat.com/islemler/istanbul/sariyer/evden-eve-nakliyat/,UNKNOWN,UNKNOWN,UNKNOWN,UNKNOWN,UNKNOWN,false
akif,https://www.ankaraakifnakliyat.com/islemler/istanbul/sariyer/ofis-tasima,istanbul_district_service,IMPROVE,200,true,180,0.1635,0.7547,0.2941,https://www.ankaraakifnakliyat.com/islemler/istanbul/silivri/ofis-tasima,false,false,true,5,36,Sarıyer Ofis Taşıma | Akif Nakliyat,Sarıyer . Ofis Taşıma,https://www.ankaraakifnakliyat.com/islemler/istanbul/sariyer/ofis-tasima/,UNKNOWN,UNKNOWN,UNKNOWN,UNKNOWN,UNKNOWN,false
akif,https://www.ankaraakifnakliyat.com/islemler/istanbul/sariyer/nakliyat-fiyatlari,istanbul_district_service,IMPROVE,200,true,200,0.1453,0.7542,0.3380,https://www.ankaraakifnakliyat.com/islemler/istanbul/silivri/nakliyat-fiyatlari,false,false,true,4,36,Sarıyer Nakliyat Fiyatları | Akif Nakliyat,Sarıyer . Nakliyat Fiyatları,https://www.ankaraakifnakliyat.com/islemler/istanbul/sariyer/nakliyat-fiyatlari/,UNKNOWN,UNKNOWN,UNKNOWN,UNKNOWN,UNKNOWN,false
akif,https://www.ankaraakifnakliyat.com/islemler/istanbul/sariyer/asansorlu-tasima,istanbul_district_service,IMPROVE,200,true,159,0.1898,0.5109,0.4740,https://www.ankaraakifnakliyat.com/islemler/istanbul/silivri/asansorlu-tasima,false,false,true,5,36,Sarıyer Asansörlü Taşımacılık | Akif Nakliyat,Sarıyer . Asansörlü Taşımacılık,https://www.ankaraakifnakliyat.com/islemler/istanbul/sariyer/asansorlu-tasima/,UNKNOWN,UNKNOWN,UNKNOWN,UNKNOWN,UNKNOWN,false
akif,https://www.ankaraakifnakliyat.com/islemler/istanbul/sariyer/sehirler-arasi-nakliyat,istanbul_district_service,IMPROVE,200,true,167,0.1722,0.6490,0.4693,https://www.ankaraakifnakliyat.com/islemler/istanbul/silivri/sehirler-arasi-nakliyat,false,false,true,5,36,Sarıyer Şehirler Arası Nakliyat | Akif Nakliyat,Sarıyer . Şehirler Arası Nakliyat,https://www.ankaraakifnakliyat.com/islemler/istanbul/sariyer/sehirler-arasi-nakliyat/,UNKNOWN,UNKNOWN,UNKNOWN,UNKNOWN,UNKNOWN,false
akif,https://www.ankaraakifnakliyat.com/islemler/istanbul/silivri/evden-eve-nakliyat,istanbul_district_service,MERGE,200,true,194,0.1461,0.8146,1.0000,https://www.ankaraakifnakliyat.com/islemler/istanbul/sultanbeyli/evden-eve-nakliyat,true,true,true,5,36,Silivri Evden Eve Nakliyat | Akif Nakliyat,Silivri . Evden Eve Nakliyat,https://www.ankaraakifnakliyat.com/islemler/istanbul/silivri/evden-eve-nakliyat/,UNKNOWN,UNKNOWN,UNKNOWN,UNKNOWN,UNKNOWN,false
akif,https://www.ankaraakifnakliyat.com/islemler/istanbul/silivri/ofis-tasima,istanbul_district_service,MERGE,200,true,180,0.1635,0.7547,1.0000,https://www.ankaraakifnakliyat.com/islemler/istanbul/sultanbeyli/ofis-tasima,true,true,true,5,36,Silivri Ofis Taşıma | Akif Nakliyat,Silivri . Ofis Taşıma,https://www.ankaraakifnakliyat.com/islemler/istanbul/silivri/ofis-tasima/,UNKNOWN,UNKNOWN,UNKNOWN,UNKNOWN,UNKNOWN,false
akif,https://www.ankaraakifnakliyat.com/islemler/istanbul/silivri/nakliyat-fiyatlari,istanbul_district_service,MERGE,200,true,200,0.1453,0.7542,1.0000,https://www.ankaraakifnakliyat.com/islemler/istanbul/sultanbeyli/nakliyat-fiyatlari,true,true,true,4,36,Silivri Nakliyat Fiyatları | Akif Nakliyat,Silivri . Nakliyat Fiyatları,https://www.ankaraakifnakliyat.com/islemler/istanbul/silivri/nakliyat-fiyatlari/,UNKNOWN,UNKNOWN,UNKNOWN,UNKNOWN,UNKNOWN,false
akif,https://www.ankaraakifnakliyat.com/islemler/istanbul/silivri/asansorlu-tasima,istanbul_district_service,MERGE,200,true,159,0.1898,0.5109,1.0000,https://www.ankaraakifnakliyat.com/islemler/istanbul/sultanbeyli/asansorlu-tasima,true,true,true,5,36,Silivri Asansörlü Taşımacılık | Akif Nakliyat,Silivri . Asansörlü Taşımacılık,https://www.ankaraakifnakliyat.com/islemler/istanbul/silivri/asansorlu-tasima/,UNKNOWN,UNKNOWN,UNKNOWN,UNKNOWN,UNKNOWN,false
akif,https://www.ankaraakifnakliyat.com/islemler/istanbul/silivri/sehirler-arasi-nakliyat,istanbul_district_service,MERGE,200,true,167,0.1722,0.6490,1.0000,https://www.ankaraakifnakliyat.com/islemler/istanbul/sultanbeyli/sehirler-arasi-nakliyat,true,true,true,5,36,Silivri Şehirler Arası Nakliyat | Akif Nakliyat,Silivri . Şehirler Arası Nakliyat,https://www.ankaraakifnakliyat.com/islemler/istanbul/silivri/sehirler-arasi-nakliyat/,UNKNOWN,UNKNOWN,UNKNOWN,UNKNOWN,UNKNOWN,false
akif,https://www.ankaraakifnakliyat.com/islemler/istanbul/sultanbeyli/evden-eve-nakliyat,istanbul_district_service,MERGE,200,true,194,0.1461,0.8146,1.0000,https://www.ankaraakifnakliyat.com/islemler/istanbul/sultangazi/evden-eve-nakliyat,true,true,true,5,36,Sultanbeyli Evden Eve Nakliyat | Akif Nakliyat,Sultanbeyli . Evden Eve Nakliyat,https://www.ankaraakifnakliyat.com/islemler/istanbul/sultanbeyli/evden-eve-nakliyat/,UNKNOWN,UNKNOWN,UNKNOWN,UNKNOWN,UNKNOWN,false
akif,https://www.ankaraakifnakliyat.com/islemler/istanbul/sultanbeyli/ofis-tasima,istanbul_district_service,MERGE,200,true,180,0.1635,0.7547,1.0000,https://www.ankaraakifnakliyat.com/islemler/istanbul/sultangazi/ofis-tasima,true,true,true,5,36,Sultanbeyli Ofis Taşıma | Akif Nakliyat,Sultanbeyli . Ofis Taşıma,https://www.ankaraakifnakliyat.com/islemler/istanbul/sultanbeyli/ofis-tasima/,UNKNOWN,UNKNOWN,UNKNOWN,UNKNOWN,UNKNOWN,false
akif,https://www.ankaraakifnakliyat.com/islemler/istanbul/sultanbeyli/nakliyat-fiyatlari,istanbul_district_service,MERGE,200,true,200,0.1453,0.7542,1.0000,https://www.ankaraakifnakliyat.com/islemler/istanbul/sultangazi/nakliyat-fiyatlari,true,true,true,4,36,Sultanbeyli Nakliyat Fiyatları | Akif Nakliyat,Sultanbeyli . Nakliyat Fiyatları,https://www.ankaraakifnakliyat.com/islemler/istanbul/sultanbeyli/nakliyat-fiyatlari/,UNKNOWN,UNKNOWN,UNKNOWN,UNKNOWN,UNKNOWN,false
akif,https://www.ankaraakifnakliyat.com/islemler/istanbul/sultanbeyli/asansorlu-tasima,istanbul_district_service,MERGE,200,true,159,0.1898,0.5109,1.0000,https://www.ankaraakifnakliyat.com/islemler/istanbul/sultangazi/asansorlu-tasima,true,true,true,5,36,Sultanbeyli Asansörlü Taşımacılık | Akif Nakliyat,Sultanbeyli . Asansörlü Taşımacılık,https://www.ankaraakifnakliyat.com/islemler/istanbul/sultanbeyli/asansorlu-tasima/,UNKNOWN,UNKNOWN,UNKNOWN,UNKNOWN,UNKNOWN,false
akif,https://www.ankaraakifnakliyat.com/islemler/istanbul/sultanbeyli/sehirler-arasi-nakliyat,istanbul_district_service,MERGE,200,true,167,0.1722,0.6490,1.0000,https://www.ankaraakifnakliyat.com/islemler/istanbul/sultangazi/sehirler-arasi-nakliyat,true,true,true,5,36,Sultanbeyli Şehirler Arası Nakliyat | Akif Nakliyat,Sultanbeyli . Şehirler Arası Nakliyat,https://www.ankaraakifnakliyat.com/islemler/istanbul/sultanbeyli/sehirler-arasi-nakliyat/,UNKNOWN,UNKNOWN,UNKNOWN,UNKNOWN,UNKNOWN,false
akif,https://www.ankaraakifnakliyat.com/islemler/istanbul/sultangazi/evden-eve-nakliyat,istanbul_district_service,MERGE,200,true,194,0.1461,0.8146,1.0000,https://www.ankaraakifnakliyat.com/islemler/istanbul/tuzla/evden-eve-nakliyat,true,true,true,5,36,Sultangazi Evden Eve Nakliyat | Akif Nakliyat,Sultangazi . Evden Eve Nakliyat,https://www.ankaraakifnakliyat.com/islemler/istanbul/sultangazi/evden-eve-nakliyat/,UNKNOWN,UNKNOWN,UNKNOWN,UNKNOWN,UNKNOWN,false
akif,https://www.ankaraakifnakliyat.com/islemler/istanbul/sultangazi/ofis-tasima,istanbul_district_service,MERGE,200,true,180,0.1635,0.7547,1.0000,https://www.ankaraakifnakliyat.com/islemler/istanbul/tuzla/ofis-tasima,true,true,true,5,36,Sultangazi Ofis Taşıma | Akif Nakliyat,Sultangazi . Ofis Taşıma,https://www.ankaraakifnakliyat.com/islemler/istanbul/sultangazi/ofis-tasima/,UNKNOWN,UNKNOWN,UNKNOWN,UNKNOWN,UNKNOWN,false
akif,https://www.ankaraakifnakliyat.com/islemler/istanbul/sultangazi/nakliyat-fiyatlari,istanbul_district_service,MERGE,200,true,200,0.1453,0.7542,1.0000,https://www.ankaraakifnakliyat.com/islemler/istanbul/tuzla/nakliyat-fiyatlari,true,true,true,4,36,Sultangazi Nakliyat Fiyatları | Akif Nakliyat,Sultangazi . Nakliyat Fiyatları,https://www.ankaraakifnakliyat.com/islemler/istanbul/sultangazi/nakliyat-fiyatlari/,UNKNOWN,UNKNOWN,UNKNOWN,UNKNOWN,UNKNOWN,false
akif,https://www.ankaraakifnakliyat.com/islemler/istanbul/sultangazi/asansorlu-tasima,istanbul_district_service,MERGE,200,true,159,0.1898,0.5109,1.0000,https://www.ankaraakifnakliyat.com/islemler/istanbul/tuzla/asansorlu-tasima,true,true,true,5,36,Sultangazi Asansörlü Taşımacılık | Akif Nakliyat,Sultangazi . Asansörlü Taşımacılık,https://www.ankaraakifnakliyat.com/islemler/istanbul/sultangazi/asansorlu-tasima/,UNKNOWN,UNKNOWN,UNKNOWN,UNKNOWN,UNKNOWN,false
akif,https://www.ankaraakifnakliyat.com/islemler/istanbul/sultangazi/sehirler-arasi-nakliyat,istanbul_district_service,MERGE,200,true,167,0.1722,0.6490,1.0000,https://www.ankaraakifnakliyat.com/islemler/istanbul/tuzla/sehirler-arasi-nakliyat,true,true,true,5,36,Sultangazi Şehirler Arası Nakliyat | Akif Nakliyat,Sultangazi . Şehirler Arası Nakliyat,https://www.ankaraakifnakliyat.com/islemler/istanbul/sultangazi/sehirler-arasi-nakliyat/,UNKNOWN,UNKNOWN,UNKNOWN,UNKNOWN,UNKNOWN,false
akif,https://www.ankaraakifnakliyat.com/islemler/istanbul/sile/evden-eve-nakliyat,istanbul_district_service,IMPROVE,200,true,194,0.1461,0.8146,0.2827,https://www.ankaraakifnakliyat.com/islemler/istanbul/tuzla/evden-eve-nakliyat,false,false,true,5,36,Şile Evden Eve Nakliyat | Akif Nakliyat,Şile . Evden Eve Nakliyat,https://www.ankaraakifnakliyat.com/islemler/istanbul/sile/evden-eve-nakliyat/,UNKNOWN,UNKNOWN,UNKNOWN,UNKNOWN,UNKNOWN,false
akif,https://www.ankaraakifnakliyat.com/islemler/istanbul/sile/ofis-tasima,istanbul_district_service,IMPROVE,200,true,180,0.1635,0.7547,0.2941,https://www.ankaraakifnakliyat.com/islemler/istanbul/tuzla/ofis-tasima,false,false,true,5,36,Şile Ofis Taşıma | Akif Nakliyat,Şile . Ofis Taşıma,https://www.ankaraakifnakliyat.com/islemler/istanbul/sile/ofis-tasima/,UNKNOWN,UNKNOWN,UNKNOWN,UNKNOWN,UNKNOWN,false
akif,https://www.ankaraakifnakliyat.com/islemler/istanbul/sile/nakliyat-fiyatlari,istanbul_district_service,IMPROVE,200,true,200,0.1453,0.7542,0.3380,https://www.ankaraakifnakliyat.com/islemler/istanbul/tuzla/nakliyat-fiyatlari,false,false,true,4,36,Şile Nakliyat Fiyatları | Akif Nakliyat,Şile . Nakliyat Fiyatları,https://www.ankaraakifnakliyat.com/islemler/istanbul/sile/nakliyat-fiyatlari/,UNKNOWN,UNKNOWN,UNKNOWN,UNKNOWN,UNKNOWN,false
akif,https://www.ankaraakifnakliyat.com/islemler/istanbul/sile/asansorlu-tasima,istanbul_district_service,IMPROVE,200,true,159,0.1898,0.5109,0.4740,https://www.ankaraakifnakliyat.com/islemler/istanbul/tuzla/asansorlu-tasima,false,false,true,5,36,Şile Asansörlü Taşımacılık | Akif Nakliyat,Şile . Asansörlü Taşımacılık,https://www.ankaraakifnakliyat.com/islemler/istanbul/sile/asansorlu-tasima/,UNKNOWN,UNKNOWN,UNKNOWN,UNKNOWN,UNKNOWN,false
akif,https://www.ankaraakifnakliyat.com/islemler/istanbul/sile/sehirler-arasi-nakliyat,istanbul_district_service,IMPROVE,200,true,167,0.1722,0.6490,0.4693,https://www.ankaraakifnakliyat.com/islemler/istanbul/tuzla/sehirler-arasi-nakliyat,false,false,true,5,36,Şile Şehirler Arası Nakliyat | Akif Nakliyat,Şile . Şehirler Arası Nakliyat,https://www.ankaraakifnakliyat.com/islemler/istanbul/sile/sehirler-arasi-nakliyat/,UNKNOWN,UNKNOWN,UNKNOWN,UNKNOWN,UNKNOWN,false
akif,https://www.ankaraakifnakliyat.com/islemler/istanbul/sisli/evden-eve-nakliyat,istanbul_district_service,IMPROVE,200,true,194,0.1461,0.8146,0.2827,https://www.ankaraakifnakliyat.com/islemler/istanbul/tuzla/evden-eve-nakliyat,false,false,true,5,36,Şişli Evden Eve Nakliyat | Akif Nakliyat,Şişli . Evden Eve Nakliyat,https://www.ankaraakifnakliyat.com/islemler/istanbul/sisli/evden-eve-nakliyat/,UNKNOWN,UNKNOWN,UNKNOWN,UNKNOWN,UNKNOWN,false
akif,https://www.ankaraakifnakliyat.com/islemler/istanbul/sisli/ofis-tasima,istanbul_district_service,IMPROVE,200,true,180,0.1635,0.7547,0.2941,https://www.ankaraakifnakliyat.com/islemler/istanbul/tuzla/ofis-tasima,false,false,true,5,36,Şişli Ofis Taşıma | Akif Nakliyat,Şişli . Ofis Taşıma,https://www.ankaraakifnakliyat.com/islemler/istanbul/sisli/ofis-tasima/,UNKNOWN,UNKNOWN,UNKNOWN,UNKNOWN,UNKNOWN,false
akif,https://www.ankaraakifnakliyat.com/islemler/istanbul/sisli/nakliyat-fiyatlari,istanbul_district_service,IMPROVE,200,true,200,0.1453,0.7542,0.3380,https://www.ankaraakifnakliyat.com/islemler/istanbul/tuzla/nakliyat-fiyatlari,false,false,true,4,36,Şişli Nakliyat Fiyatları | Akif Nakliyat,Şişli . Nakliyat Fiyatları,https://www.ankaraakifnakliyat.com/islemler/istanbul/sisli/nakliyat-fiyatlari/,UNKNOWN,UNKNOWN,UNKNOWN,UNKNOWN,UNKNOWN,false
akif,https://www.ankaraakifnakliyat.com/islemler/istanbul/sisli/asansorlu-tasima,istanbul_district_service,IMPROVE,200,true,159,0.1898,0.5109,0.4740,https://www.ankaraakifnakliyat.com/islemler/istanbul/tuzla/asansorlu-tasima,false,false,true,5,36,Şişli Asansörlü Taşımacılık | Akif Nakliyat,Şişli . Asansörlü Taşımacılık,https://www.ankaraakifnakliyat.com/islemler/istanbul/sisli/asansorlu-tasima/,UNKNOWN,UNKNOWN,UNKNOWN,UNKNOWN,UNKNOWN,false
akif,https://www.ankaraakifnakliyat.com/islemler/istanbul/sisli/sehirler-arasi-nakliyat,istanbul_district_service,IMPROVE,200,true,167,0.1722,0.6490,0.4693,https://www.ankaraakifnakliyat.com/islemler/istanbul/tuzla/sehirler-arasi-nakliyat,false,false,true,5,36,Şişli Şehirler Arası Nakliyat | Akif Nakliyat,Şişli . Şehirler Arası Nakliyat,https://www.ankaraakifnakliyat.com/islemler/istanbul/sisli/sehirler-arasi-nakliyat/,UNKNOWN,UNKNOWN,UNKNOWN,UNKNOWN,UNKNOWN,false
akif,https://www.ankaraakifnakliyat.com/islemler/istanbul/tuzla/evden-eve-nakliyat,istanbul_district_service,MERGE,200,true,194,0.1461,0.8146,1.0000,https://www.ankaraakifnakliyat.com/islemler/istanbul/zeytinburnu/evden-eve-nakliyat,true,true,true,5,36,Tuzla Evden Eve Nakliyat | Akif Nakliyat,Tuzla . Evden Eve Nakliyat,https://www.ankaraakifnakliyat.com/islemler/istanbul/tuzla/evden-eve-nakliyat/,UNKNOWN,UNKNOWN,UNKNOWN,UNKNOWN,UNKNOWN,false
akif,https://www.ankaraakifnakliyat.com/islemler/istanbul/tuzla/ofis-tasima,istanbul_district_service,MERGE,200,true,180,0.1635,0.7547,1.0000,https://www.ankaraakifnakliyat.com/islemler/istanbul/zeytinburnu/ofis-tasima,true,true,true,5,36,Tuzla Ofis Taşıma | Akif Nakliyat,Tuzla . Ofis Taşıma,https://www.ankaraakifnakliyat.com/islemler/istanbul/tuzla/ofis-tasima/,UNKNOWN,UNKNOWN,UNKNOWN,UNKNOWN,UNKNOWN,false
akif,https://www.ankaraakifnakliyat.com/islemler/istanbul/tuzla/nakliyat-fiyatlari,istanbul_district_service,MERGE,200,true,200,0.1453,0.7542,1.0000,https://www.ankaraakifnakliyat.com/islemler/istanbul/zeytinburnu/nakliyat-fiyatlari,true,true,true,4,36,Tuzla Nakliyat Fiyatları | Akif Nakliyat,Tuzla . Nakliyat Fiyatları,https://www.ankaraakifnakliyat.com/islemler/istanbul/tuzla/nakliyat-fiyatlari/,UNKNOWN,UNKNOWN,UNKNOWN,UNKNOWN,UNKNOWN,false
akif,https://www.ankaraakifnakliyat.com/islemler/istanbul/tuzla/asansorlu-tasima,istanbul_district_service,MERGE,200,true,159,0.1898,0.5109,1.0000,https://www.ankaraakifnakliyat.com/islemler/istanbul/zeytinburnu/asansorlu-tasima,true,true,true,5,36,Tuzla Asansörlü Taşımacılık | Akif Nakliyat,Tuzla . Asansörlü Taşımacılık,https://www.ankaraakifnakliyat.com/islemler/istanbul/tuzla/asansorlu-tasima/,UNKNOWN,UNKNOWN,UNKNOWN,UNKNOWN,UNKNOWN,false
akif,https://www.ankaraakifnakliyat.com/islemler/istanbul/tuzla/sehirler-arasi-nakliyat,istanbul_district_service,MERGE,200,true,167,0.1722,0.6490,1.0000,https://www.ankaraakifnakliyat.com/islemler/istanbul/zeytinburnu/sehirler-arasi-nakliyat,true,true,true,5,36,Tuzla Şehirler Arası Nakliyat | Akif Nakliyat,Tuzla . Şehirler Arası Nakliyat,https://www.ankaraakifnakliyat.com/islemler/istanbul/tuzla/sehirler-arasi-nakliyat/,UNKNOWN,UNKNOWN,UNKNOWN,UNKNOWN,UNKNOWN,false
akif,https://www.ankaraakifnakliyat.com/islemler/istanbul/umraniye/evden-eve-nakliyat,istanbul_district_service,IMPROVE,200,true,194,0.1461,0.8146,0.2827,https://www.ankaraakifnakliyat.com/islemler/istanbul/zeytinburnu/evden-eve-nakliyat,false,false,true,5,36,Ümraniye Evden Eve Nakliyat | Akif Nakliyat,Ümraniye . Evden Eve Nakliyat,https://www.ankaraakifnakliyat.com/islemler/istanbul/umraniye/evden-eve-nakliyat/,UNKNOWN,UNKNOWN,UNKNOWN,UNKNOWN,UNKNOWN,false
akif,https://www.ankaraakifnakliyat.com/islemler/istanbul/umraniye/ofis-tasima,istanbul_district_service,IMPROVE,200,true,180,0.1635,0.7547,0.2941,https://www.ankaraakifnakliyat.com/islemler/istanbul/zeytinburnu/ofis-tasima,false,false,true,5,36,Ümraniye Ofis Taşıma | Akif Nakliyat,Ümraniye . Ofis Taşıma,https://www.ankaraakifnakliyat.com/islemler/istanbul/umraniye/ofis-tasima/,UNKNOWN,UNKNOWN,UNKNOWN,UNKNOWN,UNKNOWN,false
akif,https://www.ankaraakifnakliyat.com/islemler/istanbul/umraniye/nakliyat-fiyatlari,istanbul_district_service,IMPROVE,200,true,200,0.1453,0.7542,0.3380,https://www.ankaraakifnakliyat.com/islemler/istanbul/zeytinburnu/nakliyat-fiyatlari,false,false,true,4,36,Ümraniye Nakliyat Fiyatları | Akif Nakliyat,Ümraniye . Nakliyat Fiyatları,https://www.ankaraakifnakliyat.com/islemler/istanbul/umraniye/nakliyat-fiyatlari/,UNKNOWN,UNKNOWN,UNKNOWN,UNKNOWN,UNKNOWN,false
akif,https://www.ankaraakifnakliyat.com/islemler/istanbul/umraniye/asansorlu-tasima,istanbul_district_service,IMPROVE,200,true,159,0.1898,0.5109,0.4740,https://www.ankaraakifnakliyat.com/islemler/istanbul/zeytinburnu/asansorlu-tasima,false,false,true,5,36,Ümraniye Asansörlü Taşımacılık | Akif Nakliyat,Ümraniye . Asansörlü Taşımacılık,https://www.ankaraakifnakliyat.com/islemler/istanbul/umraniye/asansorlu-tasima/,UNKNOWN,UNKNOWN,UNKNOWN,UNKNOWN,UNKNOWN,false
akif,https://www.ankaraakifnakliyat.com/islemler/istanbul/umraniye/sehirler-arasi-nakliyat,istanbul_district_service,IMPROVE,200,true,167,0.1722,0.6490,0.4693,https://www.ankaraakifnakliyat.com/islemler/istanbul/zeytinburnu/sehirler-arasi-nakliyat,false,false,true,5,36,Ümraniye Şehirler Arası Nakliyat | Akif Nakliyat,Ümraniye . Şehirler Arası Nakliyat,https://www.ankaraakifnakliyat.com/islemler/istanbul/umraniye/sehirler-arasi-nakliyat/,UNKNOWN,UNKNOWN,UNKNOWN,UNKNOWN,UNKNOWN,false
akif,https://www.ankaraakifnakliyat.com/islemler/istanbul/uskudar/evden-eve-nakliyat,istanbul_district_service,IMPROVE,200,true,194,0.1461,0.8146,0.2827,https://www.ankaraakifnakliyat.com/islemler/istanbul/zeytinburnu/evden-eve-nakliyat,false,false,true,5,36,Üsküdar Evden Eve Nakliyat | Akif Nakliyat,Üsküdar . Evden Eve Nakliyat,https://www.ankaraakifnakliyat.com/islemler/istanbul/uskudar/evden-eve-nakliyat/,UNKNOWN,UNKNOWN,UNKNOWN,UNKNOWN,UNKNOWN,false
akif,https://www.ankaraakifnakliyat.com/islemler/istanbul/uskudar/ofis-tasima,istanbul_district_service,IMPROVE,200,true,180,0.1635,0.7547,0.2941,https://www.ankaraakifnakliyat.com/islemler/istanbul/zeytinburnu/ofis-tasima,false,false,true,5,36,Üsküdar Ofis Taşıma | Akif Nakliyat,Üsküdar . Ofis Taşıma,https://www.ankaraakifnakliyat.com/islemler/istanbul/uskudar/ofis-tasima/,UNKNOWN,UNKNOWN,UNKNOWN,UNKNOWN,UNKNOWN,false
akif,https://www.ankaraakifnakliyat.com/islemler/istanbul/uskudar/nakliyat-fiyatlari,istanbul_district_service,IMPROVE,200,true,200,0.1453,0.7542,0.3380,https://www.ankaraakifnakliyat.com/islemler/istanbul/zeytinburnu/nakliyat-fiyatlari,false,false,true,4,36,Üsküdar Nakliyat Fiyatları | Akif Nakliyat,Üsküdar . Nakliyat Fiyatları,https://www.ankaraakifnakliyat.com/islemler/istanbul/uskudar/nakliyat-fiyatlari/,UNKNOWN,UNKNOWN,UNKNOWN,UNKNOWN,UNKNOWN,false
akif,https://www.ankaraakifnakliyat.com/islemler/istanbul/uskudar/asansorlu-tasima,istanbul_district_service,IMPROVE,200,true,159,0.1898,0.5109,0.4740,https://www.ankaraakifnakliyat.com/islemler/istanbul/zeytinburnu/asansorlu-tasima,false,false,true,5,36,Üsküdar Asansörlü Taşımacılık | Akif Nakliyat,Üsküdar . Asansörlü Taşımacılık,https://www.ankaraakifnakliyat.com/islemler/istanbul/uskudar/asansorlu-tasima/,UNKNOWN,UNKNOWN,UNKNOWN,UNKNOWN,UNKNOWN,false
akif,https://www.ankaraakifnakliyat.com/islemler/istanbul/uskudar/sehirler-arasi-nakliyat,istanbul_district_service,IMPROVE,200,true,167,0.1722,0.6490,0.4693,https://www.ankaraakifnakliyat.com/islemler/istanbul/zeytinburnu/sehirler-arasi-nakliyat,false,false,true,5,36,Üsküdar Şehirler Arası Nakliyat | Akif Nakliyat,Üsküdar . Şehirler Arası Nakliyat,https://www.ankaraakifnakliyat.com/islemler/istanbul/uskudar/sehirler-arasi-nakliyat/,UNKNOWN,UNKNOWN,UNKNOWN,UNKNOWN,UNKNOWN,false
akif,https://www.ankaraakifnakliyat.com/islemler/istanbul/zeytinburnu/evden-eve-nakliyat,istanbul_district_service,IMPROVE,200,true,194,0.1461,0.8146,0.1554,https://www.ankaraakifnakliyat.com/islemler/istanbul/zeytinburnu/ofis-tasima,false,false,true,5,36,Zeytinburnu Evden Eve Nakliyat | Akif Nakliyat,Zeytinburnu . Evden Eve Nakliyat,https://www.ankaraakifnakliyat.com/islemler/istanbul/zeytinburnu/evden-eve-nakliyat/,UNKNOWN,UNKNOWN,UNKNOWN,UNKNOWN,UNKNOWN,false
akif,https://www.ankaraakifnakliyat.com/islemler/istanbul/zeytinburnu/ofis-tasima,istanbul_district_service,IMPROVE,200,true,180,0.1635,0.7547,0.1408,https://www.ankaraakifnakliyat.com/islemler/istanbul/zeytinburnu/nakliyat-fiyatlari,false,false,true,5,36,Zeytinburnu Ofis Taşıma | Akif Nakliyat,Zeytinburnu . Ofis Taşıma,https://www.ankaraakifnakliyat.com/islemler/istanbul/zeytinburnu/ofis-tasima/,UNKNOWN,UNKNOWN,UNKNOWN,UNKNOWN,UNKNOWN,false
akif,https://www.ankaraakifnakliyat.com/islemler/istanbul/zeytinburnu/nakliyat-fiyatlari,istanbul_district_service,IMPROVE,200,true,200,0.1453,0.7542,0.1244,https://www.ankaraakifnakliyat.com/islemler/istanbul/zeytinburnu/asansorlu-tasima,false,false,true,4,36,Zeytinburnu Nakliyat Fiyatları | Akif Nakliyat,Zeytinburnu . Nakliyat Fiyatları,https://www.ankaraakifnakliyat.com/islemler/istanbul/zeytinburnu/nakliyat-fiyatlari/,UNKNOWN,UNKNOWN,UNKNOWN,UNKNOWN,UNKNOWN,false
akif,https://www.ankaraakifnakliyat.com/islemler/istanbul/zeytinburnu/asansorlu-tasima,istanbul_district_service,IMPROVE,200,true,159,0.1898,0.5109,0.1233,https://www.ankaraakifnakliyat.com/islemler/istanbul/zeytinburnu/sehirler-arasi-nakliyat,false,false,true,5,36,Zeytinburnu Asansörlü Taşımacılık | Akif Nakliyat,Zeytinburnu . Asansörlü Taşımacılık,https://www.ankaraakifnakliyat.com/islemler/istanbul/zeytinburnu/asansorlu-tasima/,UNKNOWN,UNKNOWN,UNKNOWN,UNKNOWN,UNKNOWN,false
akif,https://www.ankaraakifnakliyat.com/islemler/istanbul/zeytinburnu/sehirler-arasi-nakliyat,istanbul_district_service,IMPROVE,200,true,167,0.1722,0.6490,0.0000,,false,false,true,5,36,Zeytinburnu Şehirler Arası Nakliyat | Akif Nakliyat,Zeytinburnu . Şehirler Arası Nakliyat,https://www.ankaraakifnakliyat.com/islemler/istanbul/zeytinburnu/sehirler-arasi-nakliyat/,UNKNOWN,UNKNOWN,UNKNOWN,UNKNOWN,UNKNOWN,false
akif,https://www.ankaraakifnakliyat.com/islemler/ankara,city_page,MERGE,200,true,604,0.1481,0.8519,1.0000,https://www.ankaraakifnakliyat.com/islemler/istanbul,true,true,false,16,38,Ankara Ankara Nakliyat | Ankara Ankara Arası | Akif Nakliyat,ANKARA Ankara ŞEHİRLER ARASI NAKLİYAT,https://www.ankaraakifnakliyat.com/islemler/ankara/,UNKNOWN,UNKNOWN,UNKNOWN,UNKNOWN,UNKNOWN,false
akif,https://www.ankaraakifnakliyat.com/islemler/istanbul,city_page,MERGE,200,true,604,0.1481,0.8519,0.9737,https://www.ankaraakifnakliyat.com/islemler/antalya,true,true,false,16,38,Ankara İstanbul Nakliyat | İstanbul Ankara Arası | Akif Nakliyat,ANKARA İstanbul ŞEHİRLER ARASI NAKLİYAT,https://www.ankaraakifnakliyat.com/islemler/istanbul/,UNKNOWN,UNKNOWN,UNKNOWN,UNKNOWN,UNKNOWN,false
akif,https://www.ankaraakifnakliyat.com/islemler/izmir,city_page,MERGE,200,true,604,0.1481,0.8519,0.9679,https://www.ankaraakifnakliyat.com/islemler/antalya,true,true,false,16,38,Ankara İzmir Nakliyat | İzmir Ankara Arası | Akif Nakliyat,ANKARA İzmir ŞEHİRLER ARASI NAKLİYAT,https://www.ankaraakifnakliyat.com/islemler/izmir/,UNKNOWN,UNKNOWN,UNKNOWN,UNKNOWN,UNKNOWN,false
akif,https://www.ankaraakifnakliyat.com/islemler/antalya,city_page,MERGE,200,true,604,0.1481,0.8519,0.9708,https://www.ankaraakifnakliyat.com/islemler/bursa,true,true,false,16,38,Ankara Antalya Nakliyat | Antalya Ankara Arası | Akif Nakliyat,ANKARA Antalya ŞEHİRLER ARASI NAKLİYAT,https://www.ankaraakifnakliyat.com/islemler/antalya/,UNKNOWN,UNKNOWN,UNKNOWN,UNKNOWN,UNKNOWN,false
akif,https://www.ankaraakifnakliyat.com/islemler/bursa,city_page,MERGE,200,true,604,0.1481,0.8519,0.9679,https://www.ankaraakifnakliyat.com/islemler/kocaeli,true,true,false,16,38,Ankara Bursa Nakliyat | Bursa Ankara Arası | Akif Nakliyat,ANKARA Bursa ŞEHİRLER ARASI NAKLİYAT,https://www.ankaraakifnakliyat.com/islemler/bursa/,UNKNOWN,UNKNOWN,UNKNOWN,UNKNOWN,UNKNOWN,false
akif,https://www.ankaraakifnakliyat.com/islemler/kocaeli,city_page,MERGE,200,true,604,0.1481,0.8519,0.9679,https://www.ankaraakifnakliyat.com/islemler/sakarya,true,true,false,16,38,Ankara Kocaeli Nakliyat | Kocaeli Ankara Arası | Akif Nakliyat,ANKARA Kocaeli ŞEHİRLER ARASI NAKLİYAT,https://www.ankaraakifnakliyat.com/islemler/kocaeli/,UNKNOWN,UNKNOWN,UNKNOWN,UNKNOWN,UNKNOWN,false
akif,https://www.ankaraakifnakliyat.com/islemler/sakarya,city_page,MERGE,200,true,604,0.1481,0.8519,0.9650,https://www.ankaraakifnakliyat.com/islemler/konya,true,true,false,16,38,Ankara Sakarya Nakliyat | Sakarya Ankara Arası | Akif Nakliyat,ANKARA Sakarya ŞEHİRLER ARASI NAKLİYAT,https://www.ankaraakifnakliyat.com/islemler/sakarya/,UNKNOWN,UNKNOWN,UNKNOWN,UNKNOWN,UNKNOWN,false
akif,https://www.ankaraakifnakliyat.com/islemler/eskisehir,city_page,KEEP,200,true,604,0.1481,0.8519,0.2222,https://www.ankaraakifnakliyat.com/islemler/konya,false,false,false,16,38,Ankara Eskişehir Nakliyat | Eskişehir Ankara Arası | Akif Nakliyat,ANKARA Eskişehir ŞEHİRLER ARASI NAKLİYAT,https://www.ankaraakifnakliyat.com/islemler/eskisehir/,UNKNOWN,UNKNOWN,UNKNOWN,UNKNOWN,UNKNOWN,false
akif,https://www.ankaraakifnakliyat.com/islemler/konya,city_page,MERGE,200,true,604,0.1481,0.8519,0.9708,https://www.ankaraakifnakliyat.com/islemler/bolu,true,true,false,16,38,Ankara Konya Nakliyat | Konya Ankara Arası | Akif Nakliyat,ANKARA Konya ŞEHİRLER ARASI NAKLİYAT,https://www.ankaraakifnakliyat.com/islemler/konya/,UNKNOWN,UNKNOWN,UNKNOWN,UNKNOWN,UNKNOWN,false
akif,https://www.ankaraakifnakliyat.com/islemler/bolu,city_page,MERGE,200,true,604,0.1481,0.8519,0.9708,https://www.ankaraakifnakliyat.com/islemler/yalova,true,true,false,16,38,Ankara Bolu Nakliyat | Bolu Ankara Arası | Akif Nakliyat,ANKARA Bolu ŞEHİRLER ARASI NAKLİYAT,https://www.ankaraakifnakliyat.com/islemler/bolu/,UNKNOWN,UNKNOWN,UNKNOWN,UNKNOWN,UNKNOWN,false
akif,https://www.ankaraakifnakliyat.com/islemler/yalova,city_page,MERGE,200,true,604,0.1481,0.8519,0.9536,https://www.ankaraakifnakliyat.com/islemler/adana,true,true,false,16,38,Ankara Yalova Nakliyat | Yalova Ankara Arası | Akif Nakliyat,ANKARA Yalova ŞEHİRLER ARASI NAKLİYAT,https://www.ankaraakifnakliyat.com/islemler/yalova/,UNKNOWN,UNKNOWN,UNKNOWN,UNKNOWN,UNKNOWN,false
akif,https://www.ankaraakifnakliyat.com/islemler/tekirdag,city_page,KEEP,200,true,604,0.1481,0.8519,0.2184,https://www.ankaraakifnakliyat.com/islemler/adana,false,false,false,16,38,Ankara Tekirdağ Nakliyat | Tekirdağ Ankara Arası | Akif Nakliyat,ANKARA Tekirdağ ŞEHİRLER ARASI NAKLİYAT,https://www.ankaraakifnakliyat.com/islemler/tekirdag/,UNKNOWN,UNKNOWN,UNKNOWN,UNKNOWN,UNKNOWN,false
akif,https://www.ankaraakifnakliyat.com/islemler/kirikkale,city_page,KEEP,200,true,604,0.1481,0.8519,0.2203,https://www.ankaraakifnakliyat.com/islemler/adana,false,false,false,16,38,Ankara Kırıkkale Nakliyat | Kırıkkale Ankara Arası | Akif Nakliyat,ANKARA Kırıkkale ŞEHİRLER ARASI NAKLİYAT,https://www.ankaraakifnakliyat.com/islemler/kirikkale/,UNKNOWN,UNKNOWN,UNKNOWN,UNKNOWN,UNKNOWN,false
akif,https://www.ankaraakifnakliyat.com/islemler/cankiri,city_page,KEEP,200,true,604,0.1481,0.8519,0.2222,https://www.ankaraakifnakliyat.com/islemler/adana,false,false,false,16,38,Ankara Çankırı Nakliyat | Çankırı Ankara Arası | Akif Nakliyat,ANKARA Çankırı ŞEHİRLER ARASI NAKLİYAT,https://www.ankaraakifnakliyat.com/islemler/cankiri/,UNKNOWN,UNKNOWN,UNKNOWN,UNKNOWN,UNKNOWN,false
akif,https://www.ankaraakifnakliyat.com/islemler/adana,city_page,MERGE,200,true,604,0.1481,0.8519,0.9679,https://www.ankaraakifnakliyat.com/islemler/mersin,true,true,false,16,38,Ankara Adana Nakliyat | Adana Ankara Arası | Akif Nakliyat,ANKARA Adana ŞEHİRLER ARASI NAKLİYAT,https://www.ankaraakifnakliyat.com/islemler/adana/,UNKNOWN,UNKNOWN,UNKNOWN,UNKNOWN,UNKNOWN,false
akif,https://www.ankaraakifnakliyat.com/islemler/mersin,city_page,KEEP,200,true,604,0.1481,0.8519,0.0000,,false,false,false,16,38,Ankara Mersin Nakliyat | Mersin Ankara Arası | Akif Nakliyat,ANKARA Mersin ŞEHİRLER ARASI NAKLİYAT,https://www.ankaraakifnakliyat.com/islemler/mersin/,UNKNOWN,UNKNOWN,UNKNOWN,UNKNOWN,UNKNOWN,false
akif,https://www.ankaraakifnakliyat.com/blog/cankaya-evden-eve-nakliyat-rehberi-fiyatlari,blog_post,IMPROVE,200,true,423,0.0120,0.5000,0.6150,https://www.ankaraakifnakliyat.com/blog/haymana-evden-eve-nakliyat-rehberi-fiyatlari,false,false,false,25,22,Çankaya Evden Eve Nakliyat Rehberi ve 2026 Fiyatları | Akif Nakliyat,Çankaya Evden Eve Nakliyat Rehberi ve 2026 Fiyatları,https://www.ankaraakifnakliyat.com/blog/cankaya-evden-eve-nakliyat-rehberi-fiyatlari/,UNKNOWN,UNKNOWN,UNKNOWN,UNKNOWN,UNKNOWN,false
akif,https://www.ankaraakifnakliyat.com/blog/kecioren-evden-eve-nakliyat-rehberi-fiyatlari,blog_post,IMPROVE,200,true,424,0.0120,0.5012,0.6150,https://www.ankaraakifnakliyat.com/blog/haymana-evden-eve-nakliyat-rehberi-fiyatlari,false,false,false,25,22,Keçiören Evden Eve Nakliyat Rehberi ve 2026 Fiyatları | Akif Nakliyat,Keçiören Evden Eve Nakliyat Rehberi ve 2026 Fiyatları,https://www.ankaraakifnakliyat.com/blog/kecioren-evden-eve-nakliyat-rehberi-fiyatlari/,UNKNOWN,UNKNOWN,UNKNOWN,UNKNOWN,UNKNOWN,false
akif,https://www.ankaraakifnakliyat.com/blog/yenimahalle-evden-eve-nakliyat-rehberi-fiyatlari,blog_post,IMPROVE,200,true,422,0.0120,0.4988,0.8567,https://www.ankaraakifnakliyat.com/blog/haymana-evden-eve-nakliyat-rehberi-fiyatlari,false,false,false,25,22,Yenimahalle Evden Eve Nakliyat Rehberi ve 2026 Fiyatları | Akif Nakliyat,Yenimahalle Evden Eve Nakliyat Rehberi ve 2026 Fiyatları,https://www.ankaraakifnakliyat.com/blog/yenimahalle-evden-eve-nakliyat-rehberi-fiyatlari/,UNKNOWN,UNKNOWN,UNKNOWN,UNKNOWN,UNKNOWN,false
akif,https://www.ankaraakifnakliyat.com/blog/mamak-evden-eve-nakliyat-rehberi-fiyatlari,blog_post,IMPROVE,200,true,420,0.0121,0.4964,0.8618,https://www.ankaraakifnakliyat.com/blog/haymana-evden-eve-nakliyat-rehberi-fiyatlari,false,false,false,4,22,Mamak Evden Eve Nakliyat Rehberi ve 2026 Fiyatları | Akif Nakliyat,Mamak Evden Eve Nakliyat Rehberi ve 2026 Fiyatları,https://www.ankaraakifnakliyat.com/blog/mamak-evden-eve-nakliyat-rehberi-fiyatlari/,UNKNOWN,UNKNOWN,UNKNOWN,UNKNOWN,UNKNOWN,false
akif,https://www.ankaraakifnakliyat.com/blog/etimesgut-evden-eve-nakliyat-rehberi-fiyatlari,blog_post,IMPROVE,200,true,425,0.0120,0.5024,0.8542,https://www.ankaraakifnakliyat.com/blog/haymana-evden-eve-nakliyat-rehberi-fiyatlari,false,false,false,1,22,Etimesgut Evden Eve Nakliyat Rehberi ve 2026 Fiyatları | Akif Nakliyat,Etimesgut Evden Eve Nakliyat Rehberi ve 2026 Fiyatları,https://www.ankaraakifnakliyat.com/blog/etimesgut-evden-eve-nakliyat-rehberi-fiyatlari/,UNKNOWN,UNKNOWN,UNKNOWN,UNKNOWN,UNKNOWN,false
akif,https://www.ankaraakifnakliyat.com/blog/sincan-evden-eve-nakliyat-rehberi-fiyatlari,blog_post,IMPROVE,200,true,420,0.0121,0.4964,0.8618,https://www.ankaraakifnakliyat.com/blog/haymana-evden-eve-nakliyat-rehberi-fiyatlari,false,false,false,1,22,Sincan Evden Eve Nakliyat Rehberi ve 2026 Fiyatları | Akif Nakliyat,Sincan Evden Eve Nakliyat Rehberi ve 2026 Fiyatları,https://www.ankaraakifnakliyat.com/blog/sincan-evden-eve-nakliyat-rehberi-fiyatlari/,UNKNOWN,UNKNOWN,UNKNOWN,UNKNOWN,UNKNOWN,false
akif,https://www.ankaraakifnakliyat.com/blog/golbasi-evden-eve-nakliyat-rehberi-fiyatlari,blog_post,IMPROVE,200,true,421,0.0121,0.4976,0.6165,https://www.ankaraakifnakliyat.com/blog/haymana-evden-eve-nakliyat-rehberi-fiyatlari,false,false,false,1,22,Gölbaşı Evden Eve Nakliyat Rehberi ve 2026 Fiyatları | Akif Nakliyat,Gölbaşı Evden Eve Nakliyat Rehberi ve 2026 Fiyatları,https://www.ankaraakifnakliyat.com/blog/golbasi-evden-eve-nakliyat-rehberi-fiyatlari/,UNKNOWN,UNKNOWN,UNKNOWN,UNKNOWN,UNKNOWN,false
akif,https://www.ankaraakifnakliyat.com/blog/pursaklar-evden-eve-nakliyat-rehberi-fiyatlari,blog_post,IMPROVE,200,true,421,0.0121,0.4976,0.8710,https://www.ankaraakifnakliyat.com/blog/kahramankazan-evden-eve-nakliyat-rehberi-fiyatlari,false,false,false,1,22,Pursaklar Evden Eve Nakliyat Rehberi ve 2026 Fiyatları | Akif Nakliyat,Pursaklar Evden Eve Nakliyat Rehberi ve 2026 Fiyatları,https://www.ankaraakifnakliyat.com/blog/pursaklar-evden-eve-nakliyat-rehberi-fiyatlari/,UNKNOWN,UNKNOWN,UNKNOWN,UNKNOWN,UNKNOWN,false
akif,https://www.ankaraakifnakliyat.com/blog/altindag-evden-eve-nakliyat-rehberi-fiyatlari,blog_post,IMPROVE,200,true,422,0.0120,0.4988,0.6150,https://www.ankaraakifnakliyat.com/blog/haymana-evden-eve-nakliyat-rehberi-fiyatlari,false,false,false,1,22,Altındağ Evden Eve Nakliyat Rehberi ve 2026 Fiyatları | Akif Nakliyat,Altındağ Evden Eve Nakliyat Rehberi ve 2026 Fiyatları,https://www.ankaraakifnakliyat.com/blog/altindag-evden-eve-nakliyat-rehberi-fiyatlari/,UNKNOWN,UNKNOWN,UNKNOWN,UNKNOWN,UNKNOWN,false
akif,https://www.ankaraakifnakliyat.com/blog/polatli-evden-eve-nakliyat-rehberi-fiyatlari,blog_post,IMPROVE,200,true,418,0.0122,0.4939,0.6196,https://www.ankaraakifnakliyat.com/blog/haymana-evden-eve-nakliyat-rehberi-fiyatlari,false,false,false,1,22,Polatlı Evden Eve Nakliyat Rehberi ve 2026 Fiyatları | Akif Nakliyat,Polatlı Evden Eve Nakliyat Rehberi ve 2026 Fiyatları,https://www.ankaraakifnakliyat.com/blog/polatli-evden-eve-nakliyat-rehberi-fiyatlari/,UNKNOWN,UNKNOWN,UNKNOWN,UNKNOWN,UNKNOWN,false
akif,https://www.ankaraakifnakliyat.com/blog/cubuk-evden-eve-nakliyat-rehberi-fiyatlari,blog_post,IMPROVE,200,true,417,0.0122,0.4927,0.6212,https://www.ankaraakifnakliyat.com/blog/haymana-evden-eve-nakliyat-rehberi-fiyatlari,false,false,false,1,22,Çubuk Evden Eve Nakliyat Rehberi ve 2026 Fiyatları | Akif Nakliyat,Çubuk Evden Eve Nakliyat Rehberi ve 2026 Fiyatları,https://www.ankaraakifnakliyat.com/blog/cubuk-evden-eve-nakliyat-rehberi-fiyatlari/,UNKNOWN,UNKNOWN,UNKNOWN,UNKNOWN,UNKNOWN,false
akif,https://www.ankaraakifnakliyat.com/blog/kahramankazan-evden-eve-nakliyat-rehberi-fiyatlari,blog_post,IMPROVE,200,true,418,0.0122,0.4939,0.8643,https://www.ankaraakifnakliyat.com/blog/haymana-evden-eve-nakliyat-rehberi-fiyatlari,false,false,false,1,22,Kahramankazan Evden Eve Nakliyat Rehberi ve 2026 Fiyatları | Akif Nakliyat,Kahramankazan Evden Eve Nakliyat Rehberi ve 2026 Fiyatları,https://www.ankaraakifnakliyat.com/blog/kahramankazan-evden-eve-nakliyat-rehberi-fiyatlari/,UNKNOWN,UNKNOWN,UNKNOWN,UNKNOWN,UNKNOWN,false
akif,https://www.ankaraakifnakliyat.com/blog/beypazari-evden-eve-nakliyat-rehberi-fiyatlari,blog_post,IMPROVE,200,true,415,0.0123,0.4902,0.6269,https://www.ankaraakifnakliyat.com/blog/kalecik-evden-eve-nakliyat-rehberi-fiyatlari,false,false,false,1,22,Beypazarı Evden Eve Nakliyat Rehberi ve 2026 Fiyatları | Akif Nakliyat,Beypazarı Evden Eve Nakliyat Rehberi ve 2026 Fiyatları,https://www.ankaraakifnakliyat.com/blog/beypazari-evden-eve-nakliyat-rehberi-fiyatlari/,UNKNOWN,UNKNOWN,UNKNOWN,UNKNOWN,UNKNOWN,false
akif,https://www.ankaraakifnakliyat.com/blog/elmadag-evden-eve-nakliyat-rehberi-fiyatlari,blog_post,IMPROVE,200,true,414,0.0123,0.4889,0.6260,https://www.ankaraakifnakliyat.com/blog/haymana-evden-eve-nakliyat-rehberi-fiyatlari,false,false,false,1,22,Elmadağ Evden Eve Nakliyat Rehberi ve 2026 Fiyatları | Akif Nakliyat,Elmadağ Evden Eve Nakliyat Rehberi ve 2026 Fiyatları,https://www.ankaraakifnakliyat.com/blog/elmadag-evden-eve-nakliyat-rehberi-fiyatlari/,UNKNOWN,UNKNOWN,UNKNOWN,UNKNOWN,UNKNOWN,false
akif,https://www.ankaraakifnakliyat.com/blog/akyurt-evden-eve-nakliyat-rehberi-fiyatlari,blog_post,IMPROVE,200,true,415,0.0123,0.4902,0.8720,https://www.ankaraakifnakliyat.com/blog/haymana-evden-eve-nakliyat-rehberi-fiyatlari,false,false,false,1,22,Akyurt Evden Eve Nakliyat Rehberi ve 2026 Fiyatları | Akif Nakliyat,Akyurt Evden Eve Nakliyat Rehberi ve 2026 Fiyatları,https://www.ankaraakifnakliyat.com/blog/akyurt-evden-eve-nakliyat-rehberi-fiyatlari/,UNKNOWN,UNKNOWN,UNKNOWN,UNKNOWN,UNKNOWN,false
akif,https://www.ankaraakifnakliyat.com/blog/nallihan-evden-eve-nakliyat-rehberi-fiyatlari,blog_post,IMPROVE,200,true,417,0.0122,0.4927,0.6212,https://www.ankaraakifnakliyat.com/blog/haymana-evden-eve-nakliyat-rehberi-fiyatlari,false,false,false,0,22,Nallıhan Evden Eve Nakliyat Rehberi ve 2026 Fiyatları | Akif Nakliyat,Nallıhan Evden Eve Nakliyat Rehberi ve 2026 Fiyatları,https://www.ankaraakifnakliyat.com/blog/nallihan-evden-eve-nakliyat-rehberi-fiyatlari/,UNKNOWN,UNKNOWN,UNKNOWN,UNKNOWN,UNKNOWN,false
akif,https://www.ankaraakifnakliyat.com/blog/haymana-evden-eve-nakliyat-rehberi-fiyatlari,blog_post,IMPROVE,200,true,414,0.0123,0.4889,0.8802,https://www.ankaraakifnakliyat.com/blog/evren-evden-eve-nakliyat-rehberi-fiyatlari,false,false,false,0,22,Haymana Evden Eve Nakliyat Rehberi ve 2026 Fiyatları | Akif Nakliyat,Haymana Evden Eve Nakliyat Rehberi ve 2026 Fiyatları,https://www.ankaraakifnakliyat.com/blog/haymana-evden-eve-nakliyat-rehberi-fiyatlari/,UNKNOWN,UNKNOWN,UNKNOWN,UNKNOWN,UNKNOWN,false
akif,https://www.ankaraakifnakliyat.com/blog/kizilcahamam-evden-eve-nakliyat-rehberi-fiyatlari,blog_post,IMPROVE,200,true,414,0.0123,0.4889,0.6260,https://www.ankaraakifnakliyat.com/blog/evren-evden-eve-nakliyat-rehberi-fiyatlari,false,false,false,0,22,Kızılcahamam Evden Eve Nakliyat Rehberi ve 2026 Fiyatları | Akif Nakliyat,Kızılcahamam Evden Eve Nakliyat Rehberi ve 2026 Fiyatları,https://www.ankaraakifnakliyat.com/blog/kizilcahamam-evden-eve-nakliyat-rehberi-fiyatlari/,UNKNOWN,UNKNOWN,UNKNOWN,UNKNOWN,UNKNOWN,false
akif,https://www.ankaraakifnakliyat.com/blog/bala-evden-eve-nakliyat-rehberi-fiyatlari,blog_post,IMPROVE,200,true,415,0.0123,0.4902,0.8720,https://www.ankaraakifnakliyat.com/blog/evren-evden-eve-nakliyat-rehberi-fiyatlari,false,false,false,0,22,Bala Evden Eve Nakliyat Rehberi ve 2026 Fiyatları | Akif Nakliyat,Bala Evden Eve Nakliyat Rehberi ve 2026 Fiyatları,https://www.ankaraakifnakliyat.com/blog/bala-evden-eve-nakliyat-rehberi-fiyatlari/,UNKNOWN,UNKNOWN,UNKNOWN,UNKNOWN,UNKNOWN,false
akif,https://www.ankaraakifnakliyat.com/blog/kalecik-evden-eve-nakliyat-rehberi-fiyatlari,blog_post,IMPROVE,200,true,415,0.0123,0.4902,0.8720,https://www.ankaraakifnakliyat.com/blog/evren-evden-eve-nakliyat-rehberi-fiyatlari,false,false,false,0,22,Kalecik Evden Eve Nakliyat Rehberi ve 2026 Fiyatları | Akif Nakliyat,Kalecik Evden Eve Nakliyat Rehberi ve 2026 Fiyatları,https://www.ankaraakifnakliyat.com/blog/kalecik-evden-eve-nakliyat-rehberi-fiyatlari/,UNKNOWN,UNKNOWN,UNKNOWN,UNKNOWN,UNKNOWN,false
akif,https://www.ankaraakifnakliyat.com/blog/ayas-evden-eve-nakliyat-rehberi-fiyatlari,blog_post,IMPROVE,200,true,415,0.0123,0.4902,0.6244,https://www.ankaraakifnakliyat.com/blog/evren-evden-eve-nakliyat-rehberi-fiyatlari,false,false,false,0,22,Ayaş Evden Eve Nakliyat Rehberi ve 2026 Fiyatları | Akif Nakliyat,Ayaş Evden Eve Nakliyat Rehberi ve 2026 Fiyatları,https://www.ankaraakifnakliyat.com/blog/ayas-evden-eve-nakliyat-rehberi-fiyatlari/,UNKNOWN,UNKNOWN,UNKNOWN,UNKNOWN,UNKNOWN,false
akif,https://www.ankaraakifnakliyat.com/blog/camlidere-evden-eve-nakliyat-rehberi-fiyatlari,blog_post,IMPROVE,200,true,415,0.0123,0.4902,0.6244,https://www.ankaraakifnakliyat.com/blog/evren-evden-eve-nakliyat-rehberi-fiyatlari,false,false,false,0,22,Çamlıdere Evden Eve Nakliyat Rehberi ve 2026 Fiyatları | Akif Nakliyat,Çamlıdere Evden Eve Nakliyat Rehberi ve 2026 Fiyatları,https://www.ankaraakifnakliyat.com/blog/camlidere-evden-eve-nakliyat-rehberi-fiyatlari/,UNKNOWN,UNKNOWN,UNKNOWN,UNKNOWN,UNKNOWN,false
akif,https://www.ankaraakifnakliyat.com/blog/gudul-evden-eve-nakliyat-rehberi-fiyatlari,blog_post,IMPROVE,200,true,416,0.0122,0.4914,0.6228,https://www.ankaraakifnakliyat.com/blog/evren-evden-eve-nakliyat-rehberi-fiyatlari,false,false,false,0,22,Güdül Evden Eve Nakliyat Rehberi ve 2026 Fiyatları | Akif Nakliyat,Güdül Evden Eve Nakliyat Rehberi ve 2026 Fiyatları,https://www.ankaraakifnakliyat.com/blog/gudul-evden-eve-nakliyat-rehberi-fiyatlari/,UNKNOWN,UNKNOWN,UNKNOWN,UNKNOWN,UNKNOWN,false
akif,https://www.ankaraakifnakliyat.com/blog/evren-evden-eve-nakliyat-rehberi-fiyatlari,blog_post,IMPROVE,200,true,413,0.0123,0.4877,0.6165,https://www.ankaraakifnakliyat.com/blog/sereflikochisar-evden-eve-nakliyat-rehberi-fiyatlari,false,false,false,0,22,Evren Evden Eve Nakliyat Rehberi ve 2026 Fiyatları | Akif Nakliyat,Evren Evden Eve Nakliyat Rehberi ve 2026 Fiyatları,https://www.ankaraakifnakliyat.com/blog/evren-evden-eve-nakliyat-rehberi-fiyatlari/,UNKNOWN,UNKNOWN,UNKNOWN,UNKNOWN,UNKNOWN,false
akif,https://www.ankaraakifnakliyat.com/blog/sereflikochisar-evden-eve-nakliyat-rehberi-fiyatlari,blog_post,IMPROVE,200,true,420,0.0121,0.4964,0.0128,https://www.ankaraakifnakliyat.com/blog/sereflikochisar-asansorlu-ve-sigortali-tasimacilik-hizmetleri,false,false,false,0,22,Şereflikoçhisar Evden Eve Nakliyat Rehberi ve 2026 Fiyatları | Akif Nakliyat,Şereflikoçhisar Evden Eve Nakliyat Rehberi ve 2026 Fiyatları,https://www.ankaraakifnakliyat.com/blog/sereflikochisar-evden-eve-nakliyat-rehberi-fiyatlari/,UNKNOWN,UNKNOWN,UNKNOWN,UNKNOWN,UNKNOWN,false
akif,https://www.ankaraakifnakliyat.com/blog/cankaya-asansorlu-ve-sigortali-tasimacilik-hizmetleri,blog_post,IMPROVE,200,true,283,0.0184,0.3603,0.7711,https://www.ankaraakifnakliyat.com/blog/yenimahalle-asansorlu-ve-sigortali-tasimacilik-hizmetleri,false,false,false,25,22,Çankaya Asansörlü ve Sigortalı Taşımacılık Hizmetleri | Akif Nakliyat,Çankaya Asansörlü ve Sigortalı Taşımacılık Hizmetleri,https://www.ankaraakifnakliyat.com/blog/cankaya-asansorlu-ve-sigortali-tasimacilik-hizmetleri/,UNKNOWN,UNKNOWN,UNKNOWN,UNKNOWN,UNKNOWN,false
akif,https://www.ankaraakifnakliyat.com/blog/kecioren-asansorlu-ve-sigortali-tasimacilik-hizmetleri,blog_post,IMPROVE,200,true,283,0.0184,0.3603,0.7711,https://www.ankaraakifnakliyat.com/blog/yenimahalle-asansorlu-ve-sigortali-tasimacilik-hizmetleri,false,false,false,25,22,Keçiören Asansörlü ve Sigortalı Taşımacılık Hizmetleri | Akif Nakliyat,Keçiören Asansörlü ve Sigortalı Taşımacılık Hizmetleri,https://www.ankaraakifnakliyat.com/blog/kecioren-asansorlu-ve-sigortali-tasimacilik-hizmetleri/,UNKNOWN,UNKNOWN,UNKNOWN,UNKNOWN,UNKNOWN,false
akif,https://www.ankaraakifnakliyat.com/blog/yenimahalle-asansorlu-ve-sigortali-tasimacilik-hizmetleri,blog_post,MERGE,200,true,283,0.0184,0.3603,1.0000,https://www.ankaraakifnakliyat.com/blog/mamak-asansorlu-ve-sigortali-tasimacilik-hizmetleri,false,true,false,25,22,Yenimahalle Asansörlü ve Sigortalı Taşımacılık Hizmetleri | Akif Nakliyat,Yenimahalle Asansörlü ve Sigortalı Taşımacılık Hizmetleri,https://www.ankaraakifnakliyat.com/blog/yenimahalle-asansorlu-ve-sigortali-tasimacilik-hizmetleri/,UNKNOWN,UNKNOWN,UNKNOWN,UNKNOWN,UNKNOWN,false
akif,https://www.ankaraakifnakliyat.com/blog/mamak-asansorlu-ve-sigortali-tasimacilik-hizmetleri,blog_post,MERGE,200,true,283,0.0184,0.3603,1.0000,https://www.ankaraakifnakliyat.com/blog/etimesgut-asansorlu-ve-sigortali-tasimacilik-hizmetleri,false,true,false,3,22,Mamak Asansörlü ve Sigortalı Taşımacılık Hizmetleri | Akif Nakliyat,Mamak Asansörlü ve Sigortalı Taşımacılık Hizmetleri,https://www.ankaraakifnakliyat.com/blog/mamak-asansorlu-ve-sigortali-tasimacilik-hizmetleri/,UNKNOWN,UNKNOWN,UNKNOWN,UNKNOWN,UNKNOWN,false
akif,https://www.ankaraakifnakliyat.com/blog/etimesgut-asansorlu-ve-sigortali-tasimacilik-hizmetleri,blog_post,MERGE,200,true,283,0.0184,0.3603,1.0000,https://www.ankaraakifnakliyat.com/blog/sincan-asansorlu-ve-sigortali-tasimacilik-hizmetleri,false,true,false,0,22,Etimesgut Asansörlü ve Sigortalı Taşımacılık Hizmetleri | Akif Nakliyat,Etimesgut Asansörlü ve Sigortalı Taşımacılık Hizmetleri,https://www.ankaraakifnakliyat.com/blog/etimesgut-asansorlu-ve-sigortali-tasimacilik-hizmetleri/,UNKNOWN,UNKNOWN,UNKNOWN,UNKNOWN,UNKNOWN,false
akif,https://www.ankaraakifnakliyat.com/blog/sincan-asansorlu-ve-sigortali-tasimacilik-hizmetleri,blog_post,MERGE,200,true,283,0.0184,0.3603,1.0000,https://www.ankaraakifnakliyat.com/blog/pursaklar-asansorlu-ve-sigortali-tasimacilik-hizmetleri,false,true,false,0,22,Sincan Asansörlü ve Sigortalı Taşımacılık Hizmetleri | Akif Nakliyat,Sincan Asansörlü ve Sigortalı Taşımacılık Hizmetleri,https://www.ankaraakifnakliyat.com/blog/sincan-asansorlu-ve-sigortali-tasimacilik-hizmetleri/,UNKNOWN,UNKNOWN,UNKNOWN,UNKNOWN,UNKNOWN,false
akif,https://www.ankaraakifnakliyat.com/blog/golbasi-asansorlu-ve-sigortali-tasimacilik-hizmetleri,blog_post,IMPROVE,200,true,283,0.0184,0.3603,0.7711,https://www.ankaraakifnakliyat.com/blog/pursaklar-asansorlu-ve-sigortali-tasimacilik-hizmetleri,false,false,false,0,22,Gölbaşı Asansörlü ve Sigortalı Taşımacılık Hizmetleri | Akif Nakliyat,Gölbaşı Asansörlü ve Sigortalı Taşımacılık Hizmetleri,https://www.ankaraakifnakliyat.com/blog/golbasi-asansorlu-ve-sigortali-tasimacilik-hizmetleri/,UNKNOWN,UNKNOWN,UNKNOWN,UNKNOWN,UNKNOWN,false
akif,https://www.ankaraakifnakliyat.com/blog/pursaklar-asansorlu-ve-sigortali-tasimacilik-hizmetleri,blog_post,MERGE,200,true,283,0.0184,0.3603,1.0000,https://www.ankaraakifnakliyat.com/blog/kahramankazan-asansorlu-ve-sigortali-tasimacilik-hizmetleri,false,true,false,0,22,Pursaklar Asansörlü ve Sigortalı Taşımacılık Hizmetleri | Akif Nakliyat,Pursaklar Asansörlü ve Sigortalı Taşımacılık Hizmetleri,https://www.ankaraakifnakliyat.com/blog/pursaklar-asansorlu-ve-sigortali-tasimacilik-hizmetleri/,UNKNOWN,UNKNOWN,UNKNOWN,UNKNOWN,UNKNOWN,false
akif,https://www.ankaraakifnakliyat.com/blog/altindag-asansorlu-ve-sigortali-tasimacilik-hizmetleri,blog_post,IMPROVE,200,true,283,0.0184,0.3603,0.7711,https://www.ankaraakifnakliyat.com/blog/kahramankazan-asansorlu-ve-sigortali-tasimacilik-hizmetleri,false,false,false,0,22,Altındağ Asansörlü ve Sigortalı Taşımacılık Hizmetleri | Akif Nakliyat,Altındağ Asansörlü ve Sigortalı Taşımacılık Hizmetleri,https://www.ankaraakifnakliyat.com/blog/altindag-asansorlu-ve-sigortali-tasimacilik-hizmetleri/,UNKNOWN,UNKNOWN,UNKNOWN,UNKNOWN,UNKNOWN,false
akif,https://www.ankaraakifnakliyat.com/blog/polatli-asansorlu-ve-sigortali-tasimacilik-hizmetleri,blog_post,IMPROVE,200,true,283,0.0184,0.3603,0.7711,https://www.ankaraakifnakliyat.com/blog/kahramankazan-asansorlu-ve-sigortali-tasimacilik-hizmetleri,false,false,false,0,22,Polatlı Asansörlü ve Sigortalı Taşımacılık Hizmetleri | Akif Nakliyat,Polatlı Asansörlü ve Sigortalı Taşımacılık Hizmetleri,https://www.ankaraakifnakliyat.com/blog/polatli-asansorlu-ve-sigortali-tasimacilik-hizmetleri/,UNKNOWN,UNKNOWN,UNKNOWN,UNKNOWN,UNKNOWN,false
akif,https://www.ankaraakifnakliyat.com/blog/cubuk-asansorlu-ve-sigortali-tasimacilik-hizmetleri,blog_post,IMPROVE,200,true,283,0.0184,0.3603,0.7711,https://www.ankaraakifnakliyat.com/blog/kahramankazan-asansorlu-ve-sigortali-tasimacilik-hizmetleri,false,false,false,0,22,Çubuk Asansörlü ve Sigortalı Taşımacılık Hizmetleri | Akif Nakliyat,Çubuk Asansörlü ve Sigortalı Taşımacılık Hizmetleri,https://www.ankaraakifnakliyat.com/blog/cubuk-asansorlu-ve-sigortali-tasimacilik-hizmetleri/,UNKNOWN,UNKNOWN,UNKNOWN,UNKNOWN,UNKNOWN,false
akif,https://www.ankaraakifnakliyat.com/blog/kahramankazan-asansorlu-ve-sigortali-tasimacilik-hizmetleri,blog_post,MERGE,200,true,283,0.0184,0.3603,1.0000,https://www.ankaraakifnakliyat.com/blog/akyurt-asansorlu-ve-sigortali-tasimacilik-hizmetleri,false,true,false,0,22,Kahramankazan Asansörlü ve Sigortalı Taşımacılık Hizmetleri | Akif Nakliyat,Kahramankazan Asansörlü ve Sigortalı Taşımacılık Hizmetleri,https://www.ankaraakifnakliyat.com/blog/kahramankazan-asansorlu-ve-sigortali-tasimacilik-hizmetleri/,UNKNOWN,UNKNOWN,UNKNOWN,UNKNOWN,UNKNOWN,false
akif,https://www.ankaraakifnakliyat.com/blog/beypazari-asansorlu-ve-sigortali-tasimacilik-hizmetleri,blog_post,IMPROVE,200,true,283,0.0184,0.3603,0.7711,https://www.ankaraakifnakliyat.com/blog/akyurt-asansorlu-ve-sigortali-tasimacilik-hizmetleri,false,false,false,0,22,Beypazarı Asansörlü ve Sigortalı Taşımacılık Hizmetleri | Akif Nakliyat,Beypazarı Asansörlü ve Sigortalı Taşımacılık Hizmetleri,https://www.ankaraakifnakliyat.com/blog/beypazari-asansorlu-ve-sigortali-tasimacilik-hizmetleri/,UNKNOWN,UNKNOWN,UNKNOWN,UNKNOWN,UNKNOWN,false
akif,https://www.ankaraakifnakliyat.com/blog/elmadag-asansorlu-ve-sigortali-tasimacilik-hizmetleri,blog_post,IMPROVE,200,true,283,0.0184,0.3603,0.7711,https://www.ankaraakifnakliyat.com/blog/akyurt-asansorlu-ve-sigortali-tasimacilik-hizmetleri,false,false,false,0,22,Elmadağ Asansörlü ve Sigortalı Taşımacılık Hizmetleri | Akif Nakliyat,Elmadağ Asansörlü ve Sigortalı Taşımacılık Hizmetleri,https://www.ankaraakifnakliyat.com/blog/elmadag-asansorlu-ve-sigortali-tasimacilik-hizmetleri/,UNKNOWN,UNKNOWN,UNKNOWN,UNKNOWN,UNKNOWN,false
akif,https://www.ankaraakifnakliyat.com/blog/akyurt-asansorlu-ve-sigortali-tasimacilik-hizmetleri,blog_post,MERGE,200,true,283,0.0184,0.3603,1.0000,https://www.ankaraakifnakliyat.com/blog/haymana-asansorlu-ve-sigortali-tasimacilik-hizmetleri,false,true,false,0,22,Akyurt Asansörlü ve Sigortalı Taşımacılık Hizmetleri | Akif Nakliyat,Akyurt Asansörlü ve Sigortalı Taşımacılık Hizmetleri,https://www.ankaraakifnakliyat.com/blog/akyurt-asansorlu-ve-sigortali-tasimacilik-hizmetleri/,UNKNOWN,UNKNOWN,UNKNOWN,UNKNOWN,UNKNOWN,false
akif,https://www.ankaraakifnakliyat.com/blog/nallihan-asansorlu-ve-sigortali-tasimacilik-hizmetleri,blog_post,IMPROVE,200,true,283,0.0184,0.3603,0.7711,https://www.ankaraakifnakliyat.com/blog/haymana-asansorlu-ve-sigortali-tasimacilik-hizmetleri,false,false,false,0,22,Nallıhan Asansörlü ve Sigortalı Taşımacılık Hizmetleri | Akif Nakliyat,Nallıhan Asansörlü ve Sigortalı Taşımacılık Hizmetleri,https://www.ankaraakifnakliyat.com/blog/nallihan-asansorlu-ve-sigortali-tasimacilik-hizmetleri/,UNKNOWN,UNKNOWN,UNKNOWN,UNKNOWN,UNKNOWN,false
akif,https://www.ankaraakifnakliyat.com/blog/haymana-asansorlu-ve-sigortali-tasimacilik-hizmetleri,blog_post,MERGE,200,true,283,0.0184,0.3603,1.0000,https://www.ankaraakifnakliyat.com/blog/bala-asansorlu-ve-sigortali-tasimacilik-hizmetleri,false,true,false,0,22,Haymana Asansörlü ve Sigortalı Taşımacılık Hizmetleri | Akif Nakliyat,Haymana Asansörlü ve Sigortalı Taşımacılık Hizmetleri,https://www.ankaraakifnakliyat.com/blog/haymana-asansorlu-ve-sigortali-tasimacilik-hizmetleri/,UNKNOWN,UNKNOWN,UNKNOWN,UNKNOWN,UNKNOWN,false
akif,https://www.ankaraakifnakliyat.com/blog/kizilcahamam-asansorlu-ve-sigortali-tasimacilik-hizmetleri,blog_post,IMPROVE,200,true,283,0.0184,0.3603,0.7711,https://www.ankaraakifnakliyat.com/blog/bala-asansorlu-ve-sigortali-tasimacilik-hizmetleri,false,false,false,0,22,Kızılcahamam Asansörlü ve Sigortalı Taşımacılık Hizmetleri | Akif Nakliyat,Kızılcahamam Asansörlü ve Sigortalı Taşımacılık Hizmetleri,https://www.ankaraakifnakliyat.com/blog/kizilcahamam-asansorlu-ve-sigortali-tasimacilik-hizmetleri/,UNKNOWN,UNKNOWN,UNKNOWN,UNKNOWN,UNKNOWN,false
akif,https://www.ankaraakifnakliyat.com/blog/bala-asansorlu-ve-sigortali-tasimacilik-hizmetleri,blog_post,MERGE,200,true,283,0.0184,0.3603,1.0000,https://www.ankaraakifnakliyat.com/blog/kalecik-asansorlu-ve-sigortali-tasimacilik-hizmetleri,false,true,false,0,22,Bala Asansörlü ve Sigortalı Taşımacılık Hizmetleri | Akif Nakliyat,Bala Asansörlü ve Sigortalı Taşımacılık Hizmetleri,https://www.ankaraakifnakliyat.com/blog/bala-asansorlu-ve-sigortali-tasimacilik-hizmetleri/,UNKNOWN,UNKNOWN,UNKNOWN,UNKNOWN,UNKNOWN,false
akif,https://www.ankaraakifnakliyat.com/blog/kalecik-asansorlu-ve-sigortali-tasimacilik-hizmetleri,blog_post,MERGE,200,true,283,0.0184,0.3603,1.0000,https://www.ankaraakifnakliyat.com/blog/evren-asansorlu-ve-sigortali-tasimacilik-hizmetleri,false,true,false,0,22,Kalecik Asansörlü ve Sigortalı Taşımacılık Hizmetleri | Akif Nakliyat,Kalecik Asansörlü ve Sigortalı Taşımacılık Hizmetleri,https://www.ankaraakifnakliyat.com/blog/kalecik-asansorlu-ve-sigortali-tasimacilik-hizmetleri/,UNKNOWN,UNKNOWN,UNKNOWN,UNKNOWN,UNKNOWN,false
akif,https://www.ankaraakifnakliyat.com/blog/ayas-asansorlu-ve-sigortali-tasimacilik-hizmetleri,blog_post,IMPROVE,200,true,283,0.0184,0.3603,0.7711,https://www.ankaraakifnakliyat.com/blog/evren-asansorlu-ve-sigortali-tasimacilik-hizmetleri,false,false,false,0,22,Ayaş Asansörlü ve Sigortalı Taşımacılık Hizmetleri | Akif Nakliyat,Ayaş Asansörlü ve Sigortalı Taşımacılık Hizmetleri,https://www.ankaraakifnakliyat.com/blog/ayas-asansorlu-ve-sigortali-tasimacilik-hizmetleri/,UNKNOWN,UNKNOWN,UNKNOWN,UNKNOWN,UNKNOWN,false
akif,https://www.ankaraakifnakliyat.com/blog/camlidere-asansorlu-ve-sigortali-tasimacilik-hizmetleri,blog_post,IMPROVE,200,true,283,0.0184,0.3603,0.7711,https://www.ankaraakifnakliyat.com/blog/evren-asansorlu-ve-sigortali-tasimacilik-hizmetleri,false,false,false,0,22,Çamlıdere Asansörlü ve Sigortalı Taşımacılık Hizmetleri | Akif Nakliyat,Çamlıdere Asansörlü ve Sigortalı Taşımacılık Hizmetleri,https://www.ankaraakifnakliyat.com/blog/camlidere-asansorlu-ve-sigortali-tasimacilik-hizmetleri/,UNKNOWN,UNKNOWN,UNKNOWN,UNKNOWN,UNKNOWN,false
akif,https://www.ankaraakifnakliyat.com/blog/gudul-asansorlu-ve-sigortali-tasimacilik-hizmetleri,blog_post,IMPROVE,200,true,283,0.0184,0.3603,0.7711,https://www.ankaraakifnakliyat.com/blog/evren-asansorlu-ve-sigortali-tasimacilik-hizmetleri,false,false,false,0,22,Güdül Asansörlü ve Sigortalı Taşımacılık Hizmetleri | Akif Nakliyat,Güdül Asansörlü ve Sigortalı Taşımacılık Hizmetleri,https://www.ankaraakifnakliyat.com/blog/gudul-asansorlu-ve-sigortali-tasimacilik-hizmetleri/,UNKNOWN,UNKNOWN,UNKNOWN,UNKNOWN,UNKNOWN,false
akif,https://www.ankaraakifnakliyat.com/blog/evren-asansorlu-ve-sigortali-tasimacilik-hizmetleri,blog_post,IMPROVE,200,true,283,0.0184,0.3603,0.7711,https://www.ankaraakifnakliyat.com/blog/sereflikochisar-asansorlu-ve-sigortali-tasimacilik-hizmetleri,false,false,false,0,22,Evren Asansörlü ve Sigortalı Taşımacılık Hizmetleri | Akif Nakliyat,Evren Asansörlü ve Sigortalı Taşımacılık Hizmetleri,https://www.ankaraakifnakliyat.com/blog/evren-asansorlu-ve-sigortali-tasimacilik-hizmetleri/,UNKNOWN,UNKNOWN,UNKNOWN,UNKNOWN,UNKNOWN,false
akif,https://www.ankaraakifnakliyat.com/blog/sereflikochisar-asansorlu-ve-sigortali-tasimacilik-hizmetleri,blog_post,IMPROVE,200,true,283,0.0184,0.3603,0.0142,https://www.ankaraakifnakliyat.com/blog/ankara-gaziantep-sehirler-arasi-nakliyat,false,false,false,0,22,Şereflikoçhisar Asansörlü ve Sigortalı Taşımacılık Hizmetleri | Akif Nakliyat,Şereflikoçhisar Asansörlü ve Sigortalı Taşımacılık Hizmetleri,https://www.ankaraakifnakliyat.com/blog/sereflikochisar-asansorlu-ve-sigortali-tasimacilik-hizmetleri/,UNKNOWN,UNKNOWN,UNKNOWN,UNKNOWN,UNKNOWN,false
akif,https://www.ankaraakifnakliyat.com/blog/ankara-istanbul-sehirler-arasi-nakliyat,blog_post,IMPROVE,200,true,275,0.0187,0.5187,0.7797,https://www.ankaraakifnakliyat.com/blog/ankara-mersin-sehirler-arasi-nakliyat,false,false,false,14,22,Ankara - İstanbul Şehirler Arası Evden Eve Nakliyat Rehberi | Akif Nakliyat,Ankara - İstanbul Şehirler Arası Evden Eve Nakliyat Rehberi,https://www.ankaraakifnakliyat.com/blog/ankara-istanbul-sehirler-arasi-nakliyat/,UNKNOWN,UNKNOWN,UNKNOWN,UNKNOWN,UNKNOWN,false
akif,https://www.ankaraakifnakliyat.com/blog/ankara-izmir-sehirler-arasi-nakliyat,blog_post,IMPROVE,200,true,275,0.0187,0.6045,0.7190,https://www.ankaraakifnakliyat.com/blog/ankara-gaziantep-sehirler-arasi-nakliyat,false,false,false,14,22,Ankara - İzmir Şehirler Arası Evden Eve Nakliyat Rehberi | Akif Nakliyat,Ankara - İzmir Şehirler Arası Evden Eve Nakliyat Rehberi,https://www.ankaraakifnakliyat.com/blog/ankara-izmir-sehirler-arasi-nakliyat/,UNKNOWN,UNKNOWN,UNKNOWN,UNKNOWN,UNKNOWN,false
akif,https://www.ankaraakifnakliyat.com/blog/ankara-antalya-sehirler-arasi-nakliyat,blog_post,IMPROVE,200,true,273,0.0188,0.6015,0.7574,https://www.ankaraakifnakliyat.com/blog/ankara-gaziantep-sehirler-arasi-nakliyat,false,false,false,14,22,Ankara - Antalya Şehirler Arası Evden Eve Nakliyat Rehberi | Akif Nakliyat,Ankara - Antalya Şehirler Arası Evden Eve Nakliyat Rehberi,https://www.ankaraakifnakliyat.com/blog/ankara-antalya-sehirler-arasi-nakliyat/,UNKNOWN,UNKNOWN,UNKNOWN,UNKNOWN,UNKNOWN,false
akif,https://www.ankaraakifnakliyat.com/blog/ankara-bursa-sehirler-arasi-nakliyat,blog_post,IMPROVE,200,true,273,0.0188,0.6015,0.7426,https://www.ankaraakifnakliyat.com/blog/ankara-gaziantep-sehirler-arasi-nakliyat,false,false,false,3,22,Ankara - Bursa Şehirler Arası Evden Eve Nakliyat Rehberi | Akif Nakliyat,Ankara - Bursa Şehirler Arası Evden Eve Nakliyat Rehberi,https://www.ankaraakifnakliyat.com/blog/ankara-bursa-sehirler-arasi-nakliyat/,UNKNOWN,UNKNOWN,UNKNOWN,UNKNOWN,UNKNOWN,false
akif,https://www.ankaraakifnakliyat.com/blog/ankara-adana-sehirler-arasi-nakliyat,blog_post,IMPROVE,200,true,272,0.0189,0.5132,0.8210,https://www.ankaraakifnakliyat.com/blog/ankara-mersin-sehirler-arasi-nakliyat,false,false,false,0,22,Ankara - Adana Şehirler Arası Evden Eve Nakliyat Rehberi | Akif Nakliyat,Ankara - Adana Şehirler Arası Evden Eve Nakliyat Rehberi,https://www.ankaraakifnakliyat.com/blog/ankara-adana-sehirler-arasi-nakliyat/,UNKNOWN,UNKNOWN,UNKNOWN,UNKNOWN,UNKNOWN,false
akif,https://www.ankaraakifnakliyat.com/blog/ankara-mersin-sehirler-arasi-nakliyat,blog_post,IMPROVE,200,true,272,0.0189,0.5132,0.7458,https://www.ankaraakifnakliyat.com/blog/ankara-gaziantep-sehirler-arasi-nakliyat,false,false,false,0,22,Ankara - Mersin Şehirler Arası Evden Eve Nakliyat Rehberi | Akif Nakliyat,Ankara - Mersin Şehirler Arası Evden Eve Nakliyat Rehberi,https://www.ankaraakifnakliyat.com/blog/ankara-mersin-sehirler-arasi-nakliyat/,UNKNOWN,UNKNOWN,UNKNOWN,UNKNOWN,UNKNOWN,false
akif,https://www.ankaraakifnakliyat.com/blog/ankara-konya-sehirler-arasi-nakliyat,blog_post,IMPROVE,200,true,273,0.0188,0.6015,0.7489,https://www.ankaraakifnakliyat.com/blog/ankara-gaziantep-sehirler-arasi-nakliyat,false,false,false,0,22,Ankara - Konya Şehirler Arası Evden Eve Nakliyat Rehberi | Akif Nakliyat,Ankara - Konya Şehirler Arası Evden Eve Nakliyat Rehberi,https://www.ankaraakifnakliyat.com/blog/ankara-konya-sehirler-arasi-nakliyat/,UNKNOWN,UNKNOWN,UNKNOWN,UNKNOWN,UNKNOWN,false
akif,https://www.ankaraakifnakliyat.com/blog/ankara-eskisehir-sehirler-arasi-nakliyat,blog_post,IMPROVE,200,true,275,0.0187,0.6045,0.5271,https://www.ankaraakifnakliyat.com/blog/ankara-gaziantep-sehirler-arasi-nakliyat,false,false,false,0,22,Ankara - Eskişehir Şehirler Arası Evden Eve Nakliyat Rehberi | Akif Nakliyat,Ankara - Eskişehir Şehirler Arası Evden Eve Nakliyat Rehberi,https://www.ankaraakifnakliyat.com/blog/ankara-eskisehir-sehirler-arasi-nakliyat/,UNKNOWN,UNKNOWN,UNKNOWN,UNKNOWN,UNKNOWN,false
akif,https://www.ankaraakifnakliyat.com/blog/ankara-mugla-bodrum-sehirler-arasi-nakliyat,blog_post,IMPROVE,200,true,290,0.0177,0.6254,0.5141,https://www.ankaraakifnakliyat.com/blog/ankara-gaziantep-sehirler-arasi-nakliyat,false,false,false,0,22,Ankara - Muğla / Bodrum / Fethiye Şehirler Arası Evden Eve Nakliyat Rehberi | Akif Nakliyat,Ankara - Muğla / Bodrum / Fethiye Şehirler Arası Evden Eve Nakliyat Rehberi,https://www.ankaraakifnakliyat.com/blog/ankara-mugla-bodrum-sehirler-arasi-nakliyat/,UNKNOWN,UNKNOWN,UNKNOWN,UNKNOWN,UNKNOWN,false
akif,https://www.ankaraakifnakliyat.com/blog/ankara-samsun-karadeniz-sehirler-arasi-nakliyat,blog_post,IMPROVE,200,true,283,0.0181,0.6159,0.7395,https://www.ankaraakifnakliyat.com/blog/ankara-gaziantep-sehirler-arasi-nakliyat,false,false,false,0,22,Ankara - Samsun / Karadeniz Şehirler Arası Evden Eve Nakliyat Rehberi | Akif Nakliyat,Ankara - Samsun / Karadeniz Şehirler Arası Evden Eve Nakliyat Rehberi,https://www.ankaraakifnakliyat.com/blog/ankara-samsun-karadeniz-sehirler-arasi-nakliyat/,UNKNOWN,UNKNOWN,UNKNOWN,UNKNOWN,UNKNOWN,false
akif,https://www.ankaraakifnakliyat.com/blog/ankara-kayseri-sehirler-arasi-nakliyat,blog_post,IMPROVE,200,true,273,0.0188,0.6015,0.7426,https://www.ankaraakifnakliyat.com/blog/ankara-gaziantep-sehirler-arasi-nakliyat,false,false,false,0,22,Ankara - Kayseri Şehirler Arası Evden Eve Nakliyat Rehberi | Akif Nakliyat,Ankara - Kayseri Şehirler Arası Evden Eve Nakliyat Rehberi,https://www.ankaraakifnakliyat.com/blog/ankara-kayseri-sehirler-arasi-nakliyat/,UNKNOWN,UNKNOWN,UNKNOWN,UNKNOWN,UNKNOWN,false
akif,https://www.ankaraakifnakliyat.com/blog/ankara-trabzon-sehirler-arasi-nakliyat,blog_post,IMPROVE,200,true,272,0.0189,0.6000,0.7426,https://www.ankaraakifnakliyat.com/blog/ankara-gaziantep-sehirler-arasi-nakliyat,false,false,false,0,22,Ankara - Trabzon Şehirler Arası Evden Eve Nakliyat Rehberi | Akif Nakliyat,Ankara - Trabzon Şehirler Arası Evden Eve Nakliyat Rehberi,https://www.ankaraakifnakliyat.com/blog/ankara-trabzon-sehirler-arasi-nakliyat/,UNKNOWN,UNKNOWN,UNKNOWN,UNKNOWN,UNKNOWN,false
akif,https://www.ankaraakifnakliyat.com/blog/ankara-diyarbakir-dogu-nakliyat,blog_post,IMPROVE,200,true,291,0.0176,0.6268,0.5017,https://www.ankaraakifnakliyat.com/blog/ankara-gaziantep-sehirler-arasi-nakliyat,false,false,false,0,22,Ankara - Diyarbakır / Doğu Anadolu Şehirler Arası Evden Eve Nakliyat Rehberi | Akif Nakliyat,Ankara - Diyarbakır / Doğu Anadolu Şehirler Arası Evden Eve Nakliyat Rehberi,https://www.ankaraakifnakliyat.com/blog/ankara-diyarbakir-dogu-nakliyat/,UNKNOWN,UNKNOWN,UNKNOWN,UNKNOWN,UNKNOWN,false
akif,https://www.ankaraakifnakliyat.com/blog/ankara-balikesir-ayvalik-nakliyat,blog_post,IMPROVE,200,true,282,0.0182,0.6145,0.5141,https://www.ankaraakifnakliyat.com/blog/ankara-gaziantep-sehirler-arasi-nakliyat,false,false,false,0,22,Ankara - Balıkesir / Ayvalık Şehirler Arası Evden Eve Nakliyat Rehberi | Akif Nakliyat,Ankara - Balıkesir / Ayvalık Şehirler Arası Evden Eve Nakliyat Rehberi,https://www.ankaraakifnakliyat.com/blog/ankara-balikesir-ayvalik-nakliyat/,UNKNOWN,UNKNOWN,UNKNOWN,UNKNOWN,UNKNOWN,false
akif,https://www.ankaraakifnakliyat.com/blog/ankara-gaziantep-sehirler-arasi-nakliyat,blog_post,IMPROVE,200,true,269,0.0191,0.5954,0.0146,https://www.ankaraakifnakliyat.com/blog/ev-tasimada-koli-secimi-ve-ambalaj-malzemeleri-listesi,false,false,false,0,22,Ankara - Gaziantep Şehirler Arası Evden Eve Nakliyat Rehberi | Akif Nakliyat,Ankara - Gaziantep Şehirler Arası Evden Eve Nakliyat Rehberi,https://www.ankaraakifnakliyat.com/blog/ankara-gaziantep-sehirler-arasi-nakliyat/,UNKNOWN,UNKNOWN,UNKNOWN,UNKNOWN,UNKNOWN,false
akif,https://www.ankaraakifnakliyat.com/blog/ev-tasirken-esyalar-nasil-paketlenir-profesyonel-paketleme-rehberi,blog_post,IMPROVE,200,true,291,0.0180,0.2374,0.5694,https://www.ankaraakifnakliyat.com/blog/ev-tasima-masraflarini-dusurmenin-9-akilli-yolu,false,false,false,1,20,Ev Taşırken Eşyalar Nasıl Paketlenir? 10 Adımda Profesyonel Paketleme Rehberi | Akif Nakliyat,Ev Taşırken Eşyalar Nasıl Paketlenir? 10 Adımda Profesyonel Paketleme Rehberi,https://www.ankaraakifnakliyat.com/blog/ev-tasirken-esyalar-nasil-paketlenir-profesyonel-paketleme-rehberi/,UNKNOWN,UNKNOWN,UNKNOWN,UNKNOWN,UNKNOWN,false
akif,https://www.ankaraakifnakliyat.com/blog/tasinma-kontrol-listesi-checklist-gun-gun-yapilacaklar,blog_post,IMPROVE,200,true,286,0.0183,0.2234,0.7115,https://www.ankaraakifnakliyat.com/blog/ogrenci-ve-bekar-evi-tasima-ekonomik-tavsiyeler,false,false,false,1,20,Taşınma Kontrol Listesi (Checklist): 30 Gün Önceden Gün Gün Yapılacaklar | Akif Nakliyat,Taşınma Kontrol Listesi (Checklist): 30 Gün Önceden Gün Gün Yapılacaklar,https://www.ankaraakifnakliyat.com/blog/tasinma-kontrol-listesi-checklist-gun-gun-yapilacaklar/,UNKNOWN,UNKNOWN,UNKNOWN,UNKNOWN,UNKNOWN,false
akif,https://www.ankaraakifnakliyat.com/blog/asansorlu-nakliyat-nedir-hangi-katlar-icin-uygundur,blog_post,IMPROVE,200,true,285,0.0188,0.2030,0.6911,https://www.ankaraakifnakliyat.com/blog/piyano-para-kasasi-ve-agir-esya-tasima-teknikleri,false,false,false,0,22,Asansörlü Nakliyat Nedir? Hangi Katlar ve Binalar İçin Uygundur? | Akif Nakliyat,Asansörlü Nakliyat Nedir? Hangi Katlar ve Binalar İçin Uygundur?,https://www.ankaraakifnakliyat.com/blog/asansorlu-nakliyat-nedir-hangi-katlar-icin-uygundur/,UNKNOWN,UNKNOWN,UNKNOWN,UNKNOWN,UNKNOWN,false
akif,https://www.ankaraakifnakliyat.com/blog/nakliyat-sigortasi-neleri-kapsar-hasar-durumu-haklar,blog_post,IMPROVE,200,true,282,0.0201,0.1486,0.7050,https://www.ankaraakifnakliyat.com/blog/piyano-para-kasasi-ve-agir-esya-tasima-teknikleri,false,false,false,0,19,Nakliyat Sigortası Neleri Kapsar? Hasar Durumunda Haklarınız Nelerdir? | Akif Nakliyat,Nakliyat Sigortası Neleri Kapsar? Hasar Durumunda Haklarınız Nelerdir?,https://www.ankaraakifnakliyat.com/blog/nakliyat-sigortasi-neleri-kapsar-hasar-durumu-haklar/,UNKNOWN,UNKNOWN,UNKNOWN,UNKNOWN,UNKNOWN,false
akif,https://www.ankaraakifnakliyat.com/blog/tasinirken-elektrik-su-dogalgaz-internet-abonelikleri-tasima,blog_post,IMPROVE,200,true,284,0.0185,0.2177,0.7077,https://www.ankaraakifnakliyat.com/blog/piyano-para-kasasi-ve-agir-esya-tasima-teknikleri,false,false,false,0,19,"Taşınırken Elektrik, Su, Doğalgaz ve İnternet Abonelikleri Nasıl Taşınır? | Akif Nakliyat","Taşınırken Elektrik, Su, Doğalgaz ve İnternet Abonelikleri Nasıl Taşınır?",https://www.ankaraakifnakliyat.com/blog/tasinirken-elektrik-su-dogalgaz-internet-abonelikleri-tasima/,UNKNOWN,UNKNOWN,UNKNOWN,UNKNOWN,UNKNOWN,false
akif,https://www.ankaraakifnakliyat.com/blog/esya-depolama-hizmeti-alirken-dikkat-edilmesi-gerekenler,blog_post,IMPROVE,200,true,286,0.0183,0.2234,0.6767,https://www.ankaraakifnakliyat.com/blog/ogrenci-ve-bekar-evi-tasima-ekonomik-tavsiyeler,false,false,false,0,19,Eşya Depolama Hizmeti Alırken Dikkat Edilmesi Gereken 8 Güvenlik Kriteri | Akif Nakliyat,Eşya Depolama Hizmeti Alırken Dikkat Edilmesi Gereken 8 Güvenlik Kriteri,https://www.ankaraakifnakliyat.com/blog/esya-depolama-hizmeti-alirken-dikkat-edilmesi-gerekenler/,UNKNOWN,UNKNOWN,UNKNOWN,UNKNOWN,UNKNOWN,false
akif,https://www.ankaraakifnakliyat.com/blog/kurumsal-ofis-ve-is-yeri-tasimaciligi-rehberi,blog_post,IMPROVE,200,true,288,0.0182,0.2291,0.6858,https://www.ankaraakifnakliyat.com/blog/piyano-para-kasasi-ve-agir-esya-tasima-teknikleri,false,false,false,0,19,Kurumsal Ofis ve İş Yeri Taşımacılığı: İş Kesintisini Sıfıra İndirme Rehberi | Akif Nakliyat,Kurumsal Ofis ve İş Yeri Taşımacılığı: İş Kesintisini Sıfıra İndirme Rehberi,https://www.ankaraakifnakliyat.com/blog/kurumsal-ofis-ve-is-yeri-tasimaciligi-rehberi/,UNKNOWN,UNKNOWN,UNKNOWN,UNKNOWN,UNKNOWN,false
akif,https://www.ankaraakifnakliyat.com/blog/piyano-para-kasasi-ve-agir-esya-tasima-teknikleri,blog_post,IMPROVE,200,true,281,0.0187,0.2090,0.7188,https://www.ankaraakifnakliyat.com/blog/ogrenci-ve-bekar-evi-tasima-ekonomik-tavsiyeler,false,false,false,0,19,"Piyano, Para Kasası ve Ağır Eşya Taşıma Teknikleri | Akif Nakliyat","Piyano, Para Kasası ve Ağır Eşya Taşıma Teknikleri",https://www.ankaraakifnakliyat.com/blog/piyano-para-kasasi-ve-agir-esya-tasima-teknikleri/,UNKNOWN,UNKNOWN,UNKNOWN,UNKNOWN,UNKNOWN,false
akif,https://www.ankaraakifnakliyat.com/blog/ev-tasimada-koli-secimi-ve-ambalaj-malzemeleri-listesi,blog_post,IMPROVE,200,true,285,0.0184,0.2206,0.6125,https://www.ankaraakifnakliyat.com/blog/ev-tasima-masraflarini-dusurmenin-9-akilli-yolu,false,false,false,1,20,Ev Taşımada Koli Seçimi ve Gerekli Ambalaj Malzemeleri Listesi | Akif Nakliyat,Ev Taşımada Koli Seçimi ve Gerekli Ambalaj Malzemeleri Listesi,https://www.ankaraakifnakliyat.com/blog/ev-tasimada-koli-secimi-ve-ambalaj-malzemeleri-listesi/,UNKNOWN,UNKNOWN,UNKNOWN,UNKNOWN,UNKNOWN,false
akif,https://www.ankaraakifnakliyat.com/blog/ogrenci-ve-bekar-evi-tasima-ekonomik-tavsiyeler,blog_post,IMPROVE,200,true,287,0.0182,0.2263,0.7077,https://www.ankaraakifnakliyat.com/blog/mobilyalarin-demontaj-ve-montaji-marangozlu-nakliyat,false,false,false,0,19,Öğrenci ve Bekar Evi Taşıma İçin En Ekonomik Nakliye Tavsiyeleri | Akif Nakliyat,Öğrenci ve Bekar Evi Taşıma İçin En Ekonomik Nakliye Tavsiyeleri,https://www.ankaraakifnakliyat.com/blog/ogrenci-ve-bekar-evi-tasima-ekonomik-tavsiyeler/,UNKNOWN,UNKNOWN,UNKNOWN,UNKNOWN,UNKNOWN,false
akif,https://www.ankaraakifnakliyat.com/blog/tasinma-gunu-acil-ihtiyac-cantasi-hazirlama-rehberi,blog_post,IMPROVE,200,true,287,0.0182,0.2263,0.6790,https://www.ankaraakifnakliyat.com/blog/mobilyalarin-demontaj-ve-montaji-marangozlu-nakliyat,false,false,false,1,20,Taşınma Günü İçin Acil İhtiyaç Çantası (Survival Kit) Hazırlama Rehberi | Akif Nakliyat,Taşınma Günü İçin Acil İhtiyaç Çantası (Survival Kit) Hazırlama Rehberi,https://www.ankaraakifnakliyat.com/blog/tasinma-gunu-acil-ihtiyac-cantasi-hazirlama-rehberi/,UNKNOWN,UNKNOWN,UNKNOWN,UNKNOWN,UNKNOWN,false
akif,https://www.ankaraakifnakliyat.com/blog/evden-eve-nakliyat-sozlesmesi-neden-zorunludur,blog_post,IMPROVE,200,true,283,0.0192,0.1877,0.6729,https://www.ankaraakifnakliyat.com/blog/mobilyalarin-demontaj-ve-montaji-marangozlu-nakliyat,false,false,false,0,19,Evden Eve Nakliyat Sözleşmesi Neden Zorunludur? Örnek Madde İncelemesi | Akif Nakliyat,Evden Eve Nakliyat Sözleşmesi Neden Zorunludur? Örnek Madde İncelemesi,https://www.ankaraakifnakliyat.com/blog/evden-eve-nakliyat-sozlesmesi-neden-zorunludur/,UNKNOWN,UNKNOWN,UNKNOWN,UNKNOWN,UNKNOWN,false
akif,https://www.ankaraakifnakliyat.com/blog/mobilyalarin-demontaj-ve-montaji-marangozlu-nakliyat,blog_post,IMPROVE,200,true,282,0.0186,0.2119,0.6704,https://www.ankaraakifnakliyat.com/blog/ev-tasima-masraflarini-dusurmenin-9-akilli-yolu,false,false,false,0,19,Mobilyaların Demontaj ve Montajı: Marangozlu Nakliyat Hizmetinin Faydaları | Akif Nakliyat,Mobilyaların Demontaj ve Montajı: Marangozlu Nakliyat Hizmetinin Faydaları,https://www.ankaraakifnakliyat.com/blog/mobilyalarin-demontaj-ve-montaji-marangozlu-nakliyat/,UNKNOWN,UNKNOWN,UNKNOWN,UNKNOWN,UNKNOWN,false
akif,https://www.ankaraakifnakliyat.com/blog/kis-aylarinda-ve-yagisli-havada-ev-tasima-rehberi,blog_post,IMPROVE,200,true,286,0.0183,0.2234,0.6932,https://www.ankaraakifnakliyat.com/blog/ev-tasima-masraflarini-dusurmenin-9-akilli-yolu,false,false,false,0,19,Kış Aylarında ve Yağışlı Havada Ev Taşırken Nelere Dikkat Edilmeli? | Akif Nakliyat,Kış Aylarında ve Yağışlı Havada Ev Taşırken Nelere Dikkat Edilmeli?,https://www.ankaraakifnakliyat.com/blog/kis-aylarinda-ve-yagisli-havada-ev-tasima-rehberi/,UNKNOWN,UNKNOWN,UNKNOWN,UNKNOWN,UNKNOWN,false
akif,https://www.ankaraakifnakliyat.com/blog/ev-tasima-masraflarini-dusurmenin-9-akilli-yolu,blog_post,IMPROVE,200,true,282,0.0186,0.2119,0.0000,,false,false,false,0,19,Ev Taşıma Masraflarını Düşürmenin 9 Akıllı ve Garantili Yolu | Akif Nakliyat,Ev Taşıma Masraflarını Düşürmenin 9 Akıllı ve Garantili Yolu,https://www.ankaraakifnakliyat.com/blog/ev-tasima-masraflarini-dusurmenin-9-akilli-yolu/,UNKNOWN,UNKNOWN,UNKNOWN,UNKNOWN,UNKNOWN,false
